<ns0:article xmlns:ns0="http://ii.pw.edu.pl/lib" xmlns:xsi="http://www.w3.org/2001/XMLSchema-instance" type="article">
        <metaData>
            <lastModifiedBy>mwasiluk</lastModifiedBy>
            <lastModified>2025-09-09T23:31:39.887+02:00</lastModified>
            <created>2024-10-07T17:14:35.127+02:00</created>
        </metaData>
        <meta_datestamp>1757453499887</meta_datestamp>
        <ns0:journalissue type="journalissue">
            <id>WUT7af12a13e6804ebfa0500401b5da33df</id>
            <owner>1142045</owner>
            <affiliationowner>WMiNI</affiliationowner>
            <ns0:journalseries type="journalseries">
                <id>WUT67869</id>
                <recordStatus>completed</recordStatus>
                <profileverificationresult>undefined</profileverificationresult>
                <extid type="termfield">
                    <id>WUT8f8b0290ffd947b2ba69997afbfe4542</id>
                    <owner>admin</owner>
                    <affiliationowner>BG PW</affiliationowner>
                    <idtype type="term">
                        <id>WUT2908badb453e4a748917f3e9509a569e</id>
                        <owner>wstruk</owner>
                        <affiliationowner>PW</affiliationowner>
                        <ns0:termtype type="termtype">
                            <id>WUT6deee7292297435fb414dcd87dd84f0d</id>
                            <owner>wstruk</owner>
                            <affiliationowner>PW</affiliationowner>
                            <code>external_id</code>
                            <name>Identyfikator w systemie zewnętrznym</name>
                            <nonRepeatableByDefault>false</nonRepeatableByDefault>
                        </ns0:termtype>
                        <systemName>MNiSWid</systemName>
                        <namePL>Identyfikator MNiSW</namePL>
                        <nameEN>MNiSW Identifier</nameEN>
                        <priority>EI130</priority>
                        <notActive>false</notActive>
                    </idtype>
                    <value>8300</value>
                </extid>
                <extid type="termfield">
                    <id>WUTcdf11e18339f4f5eb87355645dda73de</id>
                    <owner>PbnIntegrator</owner>
                    <affiliationowner>BG PW</affiliationowner>
                    <idtype type="term">
                        <id>WUTfbafd2ec77464f57b240bdbc14318de0</id>
                        <owner>system</owner>
                        <affiliationowner>BG PW</affiliationowner>
                        <ns0:termtype type="termtype">
                            <id>WUT6deee7292297435fb414dcd87dd84f0d</id>
                            <owner>wstruk</owner>
                            <affiliationowner>PW</affiliationowner>
                            <code>external_id</code>
                            <name>Identyfikator w systemie zewnętrznym</name>
                            <nonRepeatableByDefault>false</nonRepeatableByDefault>
                        </ns0:termtype>
                        <systemName>PBN_mongoId</systemName>
                        <namePL>Identyfikator PBN MongoId</namePL>
                        <nameEN>PSB Identifier MongoId</nameEN>
                        <priority>EI1153</priority>
                        <notActive>false</notActive>
                    </idtype>
                    <value>5e6f7d4c878c2851454780c6</value>
                </extid>
                <extid type="termfield">
                    <id>WUTe341e45127f441f88bd01720bdf5d386</id>
                    <owner>admin</owner>
                    <affiliationowner>BG PW</affiliationowner>
                    <idtype type="term">
                        <id>WUTfe712e9e17404de29f343752164c96a7</id>
                        <owner>wstruk</owner>
                        <affiliationowner>PW</affiliationowner>
                        <ns0:termtype type="termtype">
                            <id>WUT6deee7292297435fb414dcd87dd84f0d</id>
                            <owner>wstruk</owner>
                            <affiliationowner>PW</affiliationowner>
                            <code>external_id</code>
                            <name>Identyfikator w systemie zewnętrznym</name>
                            <nonRepeatableByDefault>false</nonRepeatableByDefault>
                        </ns0:termtype>
                        <systemName>ScopusId</systemName>
                        <namePL>Identyfikator Scopus</namePL>
                        <nameEN>Scopus Identifier</nameEN>
                        <priority>EI120</priority>
                        <notActive>false</notActive>
                    </idtype>
                    <value>25461</value>
                </extid>
                <shortName>Informatica</shortName>
                <fullName>Informatica</fullName>
                <govName>INFORMATICA</govName>
                <otherName>INFORMATICA-LITHUAN</otherName>
                <issn>0868-4952</issn>
                <eissn>1822-8844</eissn>
                <publisher>Vilnius University Institute of Mathematics and Informatics</publisher>
                <ns0:language type="language">
                    <id>WEITI-bc90626b-ed19-490f-b9c3-daf0bffd1760</id>
                    <owner>admin</owner>
                    <affiliationowner>IN</affiliationowner>
                    <code>en</code>
                    <iso2>eng</iso2>
                    <namePL>angielski</namePL>
                    <nameEN>English</nameEN>
                    <ns0:field type="field">
                        <id>WUT7011e8e4e6f74b38a2ca632b6de071e5</id>
                        <owner>PbnIntegrator</owner>
                        <affiliationowner>IN</affiliationowner>
                        <key>pbn_639-2</key>
                        <value>eng</value>
                    </ns0:field>
                    <ns0:field type="field">
                        <id>WUT73e8cec6538944e383d6282838e2f964</id>
                        <owner>PbnIntegrator</owner>
                        <affiliationowner>IN</affiliationowner>
                        <key>pbn_639-1</key>
                        <value>en</value>
                    </ns0:field>
                    <ns0:field type="field">
                        <id>WUT65f08cfa99d14cd9bf5f0d65185ce27d</id>
                        <owner>PbnIntegrator</owner>
                        <affiliationowner>IN</affiliationowner>
                        <key>pbn_pl</key>
                        <value>angielski</value>
                    </ns0:field>
                    <ns0:field type="field">
                        <id>WUT108a680882134cf18b2f743d829026b5</id>
                        <owner>PbnIntegrator</owner>
                        <affiliationowner>IN</affiliationowner>
                        <key>pbn_en</key>
                        <value>English</value>
                    </ns0:field>
                    <ns0:field type="field">
                        <id>WUT8cbc478cf51c4345a7a1d27ef40339c7</id>
                        <owner>PbnIntegrator</owner>
                        <affiliationowner>IN</affiliationowner>
                        <key>pbn_de</key>
                        <value>Englisch</value>
                    </ns0:field>
                    <ns0:field type="field">
                        <id>WUT7cba2fb293374920b434cde356f0ec3a</id>
                        <owner>PbnIntegrator</owner>
                        <affiliationowner>IN</affiliationowner>
                        <key>pbn_fr</key>
                        <value>anglais</value>
                    </ns0:field>
                </ns0:language>
                <foreign>true</foreign>
                <score>0</score>
                <impactFactor>0.0</impactFactor>
                <nameOfLists>no</nameOfLists>
                <type>journalseries</type>
                <journalStatus>Active</journalStatus>
                <discipline20 type="term">
                    <id>WUTfef424a0094d4fc3865bb3aabd414c88</id>
                    <owner>wstruk</owner>
                    <affiliationowner>PW</affiliationowner>
                    <ns0:termtype type="termtype">
                        <id>WUTa3c22b79ece54e0e99025251051d9b0d</id>
                        <owner>wstruk</owner>
                        <affiliationowner>PW</affiliationowner>
                        <code>oecdx</code>
                        <name>OECD extended</name>
                        <nonRepeatableByDefault>false</nonRepeatableByDefault>
                    </ns0:termtype>
                    <systemName>2.3</systemName>
                    <namePL>informatyka techniczna i telekomunikacja</namePL>
                    <nameEN>information and communication technology</nameEN>
                    <accronymPL>ITT</accronymPL>
                    <accronymEN>ICT</accronymEN>
                    <ns0:term type="term">
                        <id>WUTd7b77e1b91d44c64a57c032ede7bf851</id>
                        <owner>wstruk</owner>
                        <affiliationowner>PW</affiliationowner>
                        <ns0:termtype type="termtype">
                            <id>WUTa3c22b79ece54e0e99025251051d9b0d</id>
                            <owner>wstruk</owner>
                            <affiliationowner>PW</affiliationowner>
                            <code>oecdx</code>
                            <name>OECD extended</name>
                            <nonRepeatableByDefault>false</nonRepeatableByDefault>
                        </ns0:termtype>
                        <systemName>2</systemName>
                        <namePL>Dziedzina nauk inżynieryjno-technicznych</namePL>
                        <nameEN>Engineering and technology</nameEN>
                        <accronymPL>DNINZ</accronymPL>
                        <accronymEN>2</accronymEN>
                        <priority>02.00</priority>
                        <xid type="field">
                            <id>WUT217a0da3ad554648828696317acb6cee</id>
                            <owner>wstruk</owner>
                            <affiliationowner>PW</affiliationowner>
                            <key>polon_id</key>
                            <value>DZ0102N</value>
                        </xid>
                        <notActive>false</notActive>
                    </ns0:term>
                    <priority>02.03</priority>
                    <xid type="field">
                        <id>WUT9eb30fd170fd45918a1d046b9f7302cd</id>
                        <owner>PbnIntegrator</owner>
                        <affiliationowner>PW</affiliationowner>
                        <key>pbn_idArea</key>
                        <value>203</value>
                    </xid>
                    <xid type="field">
                        <id>WUT7f1a57adbae649e4ba0510c019498bec</id>
                        <owner>wstruk</owner>
                        <affiliationowner>PW</affiliationowner>
                        <key>polon_id</key>
                        <value>DS010203N</value>
                    </xid>
                    <notActive>false</notActive>
                </discipline20>
                <discipline20 type="term">
                    <id>WUT9e8800ba36514d9382f6e4808b6613f8</id>
                    <owner>wstruk</owner>
                    <affiliationowner>PW</affiliationowner>
                    <ns0:termtype type="termtype">
                        <id>WUTa3c22b79ece54e0e99025251051d9b0d</id>
                        <owner>wstruk</owner>
                        <affiliationowner>PW</affiliationowner>
                        <code>oecdx</code>
                        <name>OECD extended</name>
                        <nonRepeatableByDefault>false</nonRepeatableByDefault>
                    </ns0:termtype>
                    <systemName>2.4</systemName>
                    <namePL>inżynieria biomedyczna</namePL>
                    <nameEN>biomedical engineering</nameEN>
                    <accronymPL>IBIO</accronymPL>
                    <accronymEN>BE</accronymEN>
                    <ns0:term type="term">
                        <id>WUTd7b77e1b91d44c64a57c032ede7bf851</id>
                        <owner>wstruk</owner>
                        <affiliationowner>PW</affiliationowner>
                        <ns0:termtype type="termtype">
                            <id>WUTa3c22b79ece54e0e99025251051d9b0d</id>
                            <owner>wstruk</owner>
                            <affiliationowner>PW</affiliationowner>
                            <code>oecdx</code>
                            <name>OECD extended</name>
                            <nonRepeatableByDefault>false</nonRepeatableByDefault>
                        </ns0:termtype>
                        <systemName>2</systemName>
                        <namePL>Dziedzina nauk inżynieryjno-technicznych</namePL>
                        <nameEN>Engineering and technology</nameEN>
                        <accronymPL>DNINZ</accronymPL>
                        <accronymEN>2</accronymEN>
                        <priority>02.00</priority>
                        <xid type="field">
                            <id>WUT217a0da3ad554648828696317acb6cee</id>
                            <owner>wstruk</owner>
                            <affiliationowner>PW</affiliationowner>
                            <key>polon_id</key>
                            <value>DZ0102N</value>
                        </xid>
                        <notActive>false</notActive>
                    </ns0:term>
                    <priority>02.05</priority>
                    <xid type="field">
                        <id>WUT9a2fdfc9d25842cebf33fd45f12359e0</id>
                        <owner>PbnIntegrator</owner>
                        <affiliationowner>PW</affiliationowner>
                        <key>pbn_idArea</key>
                        <value>204</value>
                    </xid>
                    <xid type="field">
                        <id>WUT45455f8ca7ec4ae1a1d57fe3d3e00c8b</id>
                        <owner>wstruk</owner>
                        <affiliationowner>PW</affiliationowner>
                        <key>polon_id</key>
                        <value>DS010204N</value>
                    </xid>
                    <notActive>false</notActive>
                </discipline20>
                <discipline20 type="term">
                    <id>WUT6a8f31dbae2a4a559e47fe326d8a4e5c</id>
                    <owner>wstruk</owner>
                    <affiliationowner>PW</affiliationowner>
                    <ns0:termtype type="termtype">
                        <id>WUTa3c22b79ece54e0e99025251051d9b0d</id>
                        <owner>wstruk</owner>
                        <affiliationowner>PW</affiliationowner>
                        <code>oecdx</code>
                        <name>OECD extended</name>
                        <nonRepeatableByDefault>false</nonRepeatableByDefault>
                    </ns0:termtype>
                    <systemName>2.8</systemName>
                    <namePL>inżynieria mechaniczna</namePL>
                    <nameEN>mechanical engineering</nameEN>
                    <accronymPL>IMECH</accronymPL>
                    <accronymEN>MECHE</accronymEN>
                    <ns0:term type="term">
                        <id>WUTd7b77e1b91d44c64a57c032ede7bf851</id>
                        <owner>wstruk</owner>
                        <affiliationowner>PW</affiliationowner>
                        <ns0:termtype type="termtype">
                            <id>WUTa3c22b79ece54e0e99025251051d9b0d</id>
                            <owner>wstruk</owner>
                            <affiliationowner>PW</affiliationowner>
                            <code>oecdx</code>
                            <name>OECD extended</name>
                            <nonRepeatableByDefault>false</nonRepeatableByDefault>
                        </ns0:termtype>
                        <systemName>2</systemName>
                        <namePL>Dziedzina nauk inżynieryjno-technicznych</namePL>
                        <nameEN>Engineering and technology</nameEN>
                        <accronymPL>DNINZ</accronymPL>
                        <accronymEN>2</accronymEN>
                        <priority>02.00</priority>
                        <xid type="field">
                            <id>WUT217a0da3ad554648828696317acb6cee</id>
                            <owner>wstruk</owner>
                            <affiliationowner>PW</affiliationowner>
                            <key>polon_id</key>
                            <value>DZ0102N</value>
                        </xid>
                        <notActive>false</notActive>
                    </ns0:term>
                    <priority>02.09</priority>
                    <xid type="field">
                        <id>WUT179d777360ad470cbb5e2adcff836495</id>
                        <owner>PbnIntegrator</owner>
                        <affiliationowner>PW</affiliationowner>
                        <key>pbn_idArea</key>
                        <value>208</value>
                    </xid>
                    <xid type="field">
                        <id>WUTa3ed9277b6494cfca5ec0959b7d35a27</id>
                        <owner>wstruk</owner>
                        <affiliationowner>PW</affiliationowner>
                        <key>polon_id</key>
                        <value>DS010208N</value>
                    </xid>
                    <notActive>false</notActive>
                </discipline20>
                <discipline20 type="term">
                    <id>WUT0b85a5f42f2d4f36856487fbfeb64e7b</id>
                    <owner>wstruk</owner>
                    <affiliationowner>PW</affiliationowner>
                    <ns0:termtype type="termtype">
                        <id>WUTa3c22b79ece54e0e99025251051d9b0d</id>
                        <owner>wstruk</owner>
                        <affiliationowner>PW</affiliationowner>
                        <code>oecdx</code>
                        <name>OECD extended</name>
                        <nonRepeatableByDefault>false</nonRepeatableByDefault>
                    </ns0:termtype>
                    <systemName>6.2</systemName>
                    <namePL>informatyka</namePL>
                    <nameEN>computer and information sciences</nameEN>
                    <accronymPL>INF</accronymPL>
                    <accronymEN>CIS</accronymEN>
                    <ns0:term type="term">
                        <id>WUT68f031e7f1394cfa9819ac284026dfd9</id>
                        <owner>wstruk</owner>
                        <affiliationowner>PW</affiliationowner>
                        <ns0:termtype type="termtype">
                            <id>WUTa3c22b79ece54e0e99025251051d9b0d</id>
                            <owner>wstruk</owner>
                            <affiliationowner>PW</affiliationowner>
                            <code>oecdx</code>
                            <name>OECD extended</name>
                            <nonRepeatableByDefault>false</nonRepeatableByDefault>
                        </ns0:termtype>
                        <systemName>6</systemName>
                        <namePL>Dziedzina nauk ścisłych i przyrodniczych</namePL>
                        <nameEN>Natural sciences</nameEN>
                        <accronymPL>DNSiP</accronymPL>
                        <accronymEN>NSc</accronymEN>
                        <priority>07.00</priority>
                        <xid type="field">
                            <id>WUTc33b1162d5d54bdcbf6727280b6e8de2</id>
                            <owner>wstruk</owner>
                            <affiliationowner>PW</affiliationowner>
                            <key>polon_id</key>
                            <value>DZ0106N</value>
                        </xid>
                        <notActive>false</notActive>
                    </ns0:term>
                    <priority>07.03</priority>
                    <xid type="field">
                        <id>WUT2e17a7c2fab94840b7683eb2c0a02273</id>
                        <owner>PbnIntegrator</owner>
                        <affiliationowner>PW</affiliationowner>
                        <key>pbn_idArea</key>
                        <value>602</value>
                    </xid>
                    <xid type="field">
                        <id>WUT6ca77b5081224cbd9522f7e233c5539a</id>
                        <owner>wstruk</owner>
                        <affiliationowner>PW</affiliationowner>
                        <key>polon_id</key>
                        <value>DS010601N</value>
                    </xid>
                    <notActive>false</notActive>
                </discipline20>
                <asjc type="term">
                    <id>WUTe102d4eb93fa428d8e669594264cdb8a</id>
                    <owner>wstruk</owner>
                    <affiliationowner>PW</affiliationowner>
                    <ns0:termtype type="termtype">
                        <id>WUTd932544fdc07421684cd7309ed5f755c</id>
                        <owner>wstruk</owner>
                        <affiliationowner>PW</affiliationowner>
                        <code>asjc</code>
                        <name>ASJC</name>
                        <nonRepeatableByDefault>false</nonRepeatableByDefault>
                    </ns0:termtype>
                    <systemName>asjc_2604</systemName>
                    <nameEN>Applied Mathematics</nameEN>
                    <accronymPL>2604</accronymPL>
                    <ns0:term type="term">
                        <id>WUT79bb530fed984eb88eb9ed41761edcb9</id>
                        <owner>wstruk</owner>
                        <affiliationowner>PW</affiliationowner>
                        <ns0:termtype type="termtype">
                            <id>WUTd932544fdc07421684cd7309ed5f755c</id>
                            <owner>wstruk</owner>
                            <affiliationowner>PW</affiliationowner>
                            <code>asjc</code>
                            <name>ASJC</name>
                            <nonRepeatableByDefault>false</nonRepeatableByDefault>
                        </ns0:termtype>
                        <systemName>asjc_26</systemName>
                        <nameEN>Mathematics</nameEN>
                        <accronymPL>26</accronymPL>
                        <ns0:term type="term">
                            <id>WUT6fd045a67352420f8844f86452dab56f</id>
                            <owner>wstruk</owner>
                            <affiliationowner>PW</affiliationowner>
                            <ns0:termtype type="termtype">
<id>WUTd932544fdc07421684cd7309ed5f755c</id>
<owner>wstruk</owner>
<affiliationowner>PW</affiliationowner>
<code>asjc</code>
<name>ASJC</name>
<nonRepeatableByDefault>false</nonRepeatableByDefault>
                            </ns0:termtype>
                            <systemName>asjc_3</systemName>
                            <namePL>Nauki ścisłe</namePL>
                            <nameEN>Physical Sciences</nameEN>
                            <accronymPL>3</accronymPL>
                            <priority>3</priority>
                            <notActive>false</notActive>
                        </ns0:term>
                        <priority>26</priority>
                        <notActive>false</notActive>
                    </ns0:term>
                    <priority>2604</priority>
                    <notActive>false</notActive>
                </asjc>
                <asjc type="term">
                    <id>WUTae7d58b251884c84bf4b98b4d0ffe954</id>
                    <owner>wstruk</owner>
                    <affiliationowner>PW</affiliationowner>
                    <ns0:termtype type="termtype">
                        <id>WUTd932544fdc07421684cd7309ed5f755c</id>
                        <owner>wstruk</owner>
                        <affiliationowner>PW</affiliationowner>
                        <code>asjc</code>
                        <name>ASJC</name>
                        <nonRepeatableByDefault>false</nonRepeatableByDefault>
                    </ns0:termtype>
                    <systemName>asjc_1710</systemName>
                    <nameEN>Information Systems</nameEN>
                    <accronymPL>1710</accronymPL>
                    <ns0:term type="term">
                        <id>WUT05af1b4beef1451298a3b5f2d6634241</id>
                        <owner>wstruk</owner>
                        <affiliationowner>PW</affiliationowner>
                        <ns0:termtype type="termtype">
                            <id>WUTd932544fdc07421684cd7309ed5f755c</id>
                            <owner>wstruk</owner>
                            <affiliationowner>PW</affiliationowner>
                            <code>asjc</code>
                            <name>ASJC</name>
                            <nonRepeatableByDefault>false</nonRepeatableByDefault>
                        </ns0:termtype>
                        <systemName>asjc_17</systemName>
                        <nameEN>Computer Science</nameEN>
                        <accronymPL>17</accronymPL>
                        <ns0:term type="term">
                            <id>WUT6fd045a67352420f8844f86452dab56f</id>
                            <owner>wstruk</owner>
                            <affiliationowner>PW</affiliationowner>
                            <ns0:termtype type="termtype">
<id>WUTd932544fdc07421684cd7309ed5f755c</id>
<owner>wstruk</owner>
<affiliationowner>PW</affiliationowner>
<code>asjc</code>
<name>ASJC</name>
<nonRepeatableByDefault>false</nonRepeatableByDefault>
                            </ns0:termtype>
                            <systemName>asjc_3</systemName>
                            <namePL>Nauki ścisłe</namePL>
                            <nameEN>Physical Sciences</nameEN>
                            <accronymPL>3</accronymPL>
                            <priority>3</priority>
                            <notActive>false</notActive>
                        </ns0:term>
                        <priority>17</priority>
                        <notActive>false</notActive>
                    </ns0:term>
                    <priority>1710</priority>
                    <notActive>false</notActive>
                </asjc>
                <ns0:journalseriesprofile type="journalseriesprofile">
                    <id>WUTa5e036f7c5d54978b227407b16d31b13</id>
                    <owner>admin</owner>
                    <affiliationowner>BG PW</affiliationowner>
                    <publisher>IOS Press</publisher>
                    <publisherUrl>http://www.iospress.nl/</publisherUrl>
                </ns0:journalseriesprofile>
            </ns0:journalseries>
            <vol>35</vol>
            <no>4</no>
            <issueDate>2024</issueDate>
            <evaluationYear xsi:nil="true" />
        </ns0:journalissue>
        <id>WUTc20d43d94577435ab5f3e7a48bdb8f97</id>
        <recordStatus>completed</recordStatus>
        <owner>1142045</owner>
        <affiliationowner>WMiNI</affiliationowner>
        <extid type="termfield">
            <id>WUTa59e9e37b6044080a336372ff04dfd77</id>
            <owner>1142045</owner>
            <affiliationowner>WMiNI</affiliationowner>
            <idtype type="term">
                <id>WUT8451786af88c4580b1198f347a0048f5</id>
                <owner>wstruk</owner>
                <affiliationowner>PW</affiliationowner>
                <ns0:termtype type="termtype">
                    <id>WUT6deee7292297435fb414dcd87dd84f0d</id>
                    <owner>wstruk</owner>
                    <affiliationowner>PW</affiliationowner>
                    <code>external_id</code>
                    <name>Identyfikator w systemie zewnętrznym</name>
                    <nonRepeatableByDefault>false</nonRepeatableByDefault>
                </ns0:termtype>
                <systemName>WoSId</systemName>
                <namePL>Identyfikator WoS</namePL>
                <nameEN>WoS Identifier</nameEN>
                <priority>EI110</priority>
                <notActive>false</notActive>
            </idtype>
            <value>WOS:001380518600001</value>
        </extid>
        <extid type="termfield">
            <id>WUT0f43561155e749469f177abf16e9b6dd</id>
            <owner>1142045</owner>
            <affiliationowner>WMiNI</affiliationowner>
            <idtype type="term">
                <id>WUTfe712e9e17404de29f343752164c96a7</id>
                <owner>wstruk</owner>
                <affiliationowner>PW</affiliationowner>
                <ns0:termtype type="termtype">
                    <id>WUT6deee7292297435fb414dcd87dd84f0d</id>
                    <owner>wstruk</owner>
                    <affiliationowner>PW</affiliationowner>
                    <code>external_id</code>
                    <name>Identyfikator w systemie zewnętrznym</name>
                    <nonRepeatableByDefault>false</nonRepeatableByDefault>
                </ns0:termtype>
                <systemName>ScopusId</systemName>
                <namePL>Identyfikator Scopus</namePL>
                <nameEN>Scopus Identifier</nameEN>
                <priority>EI120</priority>
                <notActive>false</notActive>
            </idtype>
            <value>85210095757</value>
        </extid>
        <inPress>false</inPress>
        <noEvaluation>false</noEvaluation>
        <meetsPlanSRequirements>false</meetsPlanSRequirements>
        <score>5</score>
        <scoreDate>2025-09-09T23:31:39+0200</scoreDate>
        <scoreReason>ArticleFromJournal</scoreReason>
        <rulesetName>IFWoS (with update), drl All_years_with_U20-scoring-v4a_for_v220(20250127), Scopus SNIP (with ASJC) v2, ScopusCiteScore, IFWoS, All_years_with_U20-scoring-v4d_for_v220(20250617), XTEST4-bestpaperscoringrules(20250703), All_years_with_U20-scoring-v2y_for_v220(20240930), Scopus SNIP (without ASJC)</rulesetName>
        <legalBasis>Rozporządzenie MNiSW z dnia 22 lutego 2019 r. (§ 12 ust. 1 pkt 2) oraz Rozporządzenie MNiSW z dnia 31 lipca 2020 - czasopismo spoza wykazu</legalBasis>
        <ns0:scoring type="scoring">
            <id>WUT9de37fd53e2f4d59b78edc37aa6bbf58</id>
            <owner>1142045</owner>
            <affiliationowner>WMiNI</affiliationowner>
            <system type="term">
                <id>WUT077bfbdbbd204d8c8bdc189e98377006</id>
                <owner>wstruk</owner>
                <affiliationowner>PW</affiliationowner>
                <ns0:termtype type="termtype">
                    <id>WUTda3a51e923df43a39a54b91c4338f92a</id>
                    <owner>wstruk</owner>
                    <affiliationowner>PW</affiliationowner>
                    <code>scoringSystem</code>
                    <name>System punktacji</name>
                    <nonRepeatableByDefault>false</nonRepeatableByDefault>
                </ns0:termtype>
                <systemName>BestPaperScoring</systemName>
                <namePL>Best Paper Scoring</namePL>
                <nameEN>Best Paper Scoring</nameEN>
                <priority>SS230</priority>
                <additionalCategory>award</additionalCategory>
                <notActive>false</notActive>
            </system>
            <score>2060.0</score>
            <scoreDate>2025-07-28T12:45:55+0200</scoreDate>
            <scoreReason>ArticleFromJournal</scoreReason>
            <rulesetName>BestPaperScoring</rulesetName>
            <legalBasis>Niespełnione wymaganie na I Decyl czasopisma według wskaźnika CS: 88 | Liczba autorów publikacji &lt;= 20: 2</legalBasis>
            <scoreForcing>false</scoreForcing>
        </ns0:scoring>
        <ns0:scoring type="scoring">
            <id>WUTe3b3e61194c74dca90e7b900b5c9cc0c</id>
            <owner>1142045</owner>
            <affiliationowner>WMiNI</affiliationowner>
            <system type="term">
                <id>WUT6e0ab667f4e6485faa64fae0cd24964a</id>
                <owner>wstruk</owner>
                <affiliationowner>PW</affiliationowner>
                <ns0:termtype type="termtype">
                    <id>WUTda3a51e923df43a39a54b91c4338f92a</id>
                    <owner>wstruk</owner>
                    <affiliationowner>PW</affiliationowner>
                    <code>scoringSystem</code>
                    <name>System punktacji</name>
                    <nonRepeatableByDefault>false</nonRepeatableByDefault>
                </ns0:termtype>
                <systemName>scoringMinisterial</systemName>
                <namePL>Punktacja MNiSW</namePL>
                <nameEN>Ministerial score</nameEN>
                <accronymPL />
                <accronymEN />
                <priority>SS110</priority>
                <additionalCategory>reportSelectable</additionalCategory>
                <notActive>false</notActive>
            </system>
            <score>5.0</score>
            <scoreDate>2025-09-09T23:31:39+0200</scoreDate>
            <scoreReason>ArticleFromJournal</scoreReason>
            <rulesetName>IFWoS (with update), drl All_years_with_U20-scoring-v4a_for_v220(20250127), Scopus SNIP (with ASJC) v2, ScopusCiteScore, IFWoS, All_years_with_U20-scoring-v4d_for_v220(20250617), XTEST4-bestpaperscoringrules(20250703)</rulesetName>
            <legalBasis>Rozporządzenie MNiSW z dnia 22 lutego 2019 r. (§ 12 ust. 1 pkt 2) oraz Rozporządzenie MNiSW z dnia 31 lipca 2020 - czasopismo spoza wykazu</legalBasis>
            <scoreForcing>false</scoreForcing>
        </ns0:scoring>
        <scoreSource>journalList</scoreSource>
        <ns0:indicator type="indicator">
            <id>WUT5516f469b0394dd7a610ff0e26d21c42</id>
            <owner>1142045</owner>
            <affiliationowner>WMiNI</affiliationowner>
            <name type="term">
                <id>WUTe0f43d022c60406e898cc3ac4720359d</id>
                <owner>wstruk</owner>
                <affiliationowner>PW</affiliationowner>
                <ns0:termtype type="termtype">
                    <id>WUTde3a681a169d462f8f2ff0aecda362c1</id>
                    <owner>wstruk</owner>
                    <affiliationowner>PW</affiliationowner>
                    <code>citations</code>
                    <name>Cytowania</name>
                    <nonRepeatableByDefault>false</nonRepeatableByDefault>
                </ns0:termtype>
                <systemName>citationsWoS</systemName>
                <namePL>Cytowania WoS</namePL>
                <nameEN>WoS Citations</nameEN>
                <priority>CI110</priority>
                <notActive>false</notActive>
            </name>
            <ns0:indicatordata type="indicatordata">
                <id>WUTae8e072f1d2042eaa71398663efe655d</id>
                <owner>1142045</owner>
                <affiliationowner>WMiNI</affiliationowner>
                <year xsi:nil="true" />
                <value>1</value>
                <evaluationDate>2025-01-18T21:44:14+0100</evaluationDate>
            </ns0:indicatordata>
        </ns0:indicator>
        <ns0:indicator type="indicator">
            <id>WUTb9d4c8fccd2040b6bdf8a50761430568</id>
            <owner>1142045</owner>
            <affiliationowner>WMiNI</affiliationowner>
            <name type="term">
                <id>WUTcc7e05c4d2424216b2e8ee3578cad344</id>
                <owner>mwasiluk</owner>
                <affiliationowner>IN</affiliationowner>
                <ns0:termtype type="termtype">
                    <id>WUTde3a681a169d462f8f2ff0aecda362c1</id>
                    <owner>wstruk</owner>
                    <affiliationowner>PW</affiliationowner>
                    <code>citations</code>
                    <name>Cytowania</name>
                    <nonRepeatableByDefault>false</nonRepeatableByDefault>
                </ns0:termtype>
                <systemName>citationsScopus</systemName>
                <namePL>Cytowania Scopus</namePL>
                <nameEN>Scopus Citations</nameEN>
                <priority>CI130</priority>
                <notActive>false</notActive>
            </name>
            <ns0:indicatordata type="indicatordata">
                <id>WUT0cdca09e0c544162a770c48bcfbd06a1</id>
                <owner>1142045</owner>
                <affiliationowner>WMiNI</affiliationowner>
                <year xsi:nil="true" />
                <value>2</value>
                <evaluationDate>2025-07-08T04:08:12+0200</evaluationDate>
            </ns0:indicatordata>
        </ns0:indicator>
        <ns0:indicator type="indicator">
            <id>WUTbb1a4e20b13c450abdaefff09730f68c</id>
            <owner>1142045</owner>
            <affiliationowner>WMiNI</affiliationowner>
            <name type="term">
                <id>WUT33b2c6308a6f43a9885274ce25bac3e3</id>
                <owner>wstruk</owner>
                <affiliationowner>PW</affiliationowner>
                <ns0:termtype type="termtype">
                    <id>WUT3da0fee0db7e4a2aa0c5e3e4672f51e4</id>
                    <owner>wstruk</owner>
                    <affiliationowner>PW</affiliationowner>
                    <code>impactFactor</code>
                    <name>Impact Factor</name>
                    <nonRepeatableByDefault>false</nonRepeatableByDefault>
                </ns0:termtype>
                <systemName>IFWoS</systemName>
                <namePL>Impact Factor WoS</namePL>
                <nameEN>WoS Impact Factor</nameEN>
                <priority>IF210</priority>
                <notActive>false</notActive>
            </name>
            <ns0:indicatordata type="indicatordata">
                <id>WUT9a4eb721ee514ba09a0c97914b548b94</id>
                <owner>admin</owner>
                <affiliationowner>System</affiliationowner>
                <year>2024</year>
                <value>2.8</value>
                <svalue>2</svalue>
                <evaluationDate>2025-07-08T04:08:13+0200</evaluationDate>
            </ns0:indicatordata>
            <ns0:indicatordata type="indicatordata">
                <id>WUTc16b70edfb254a26805cf18c8295ee94</id>
                <owner>admin</owner>
                <affiliationowner>System</affiliationowner>
                <year>2024</year>
                <value>2.8</value>
                <svalue>5</svalue>
                <evaluationDate>2025-07-08T04:08:13+0200</evaluationDate>
            </ns0:indicatordata>
        </ns0:indicator>
        <ns0:indicator type="indicator">
            <id>WUTf089623bdf7542febfd4275565c86789</id>
            <owner>1142045</owner>
            <affiliationowner>WMiNI</affiliationowner>
            <name type="term">
                <id>WUTe5446cab8d974c07aeb0db7ec4ee821c</id>
                <owner>sages-mfiedorowicz</owner>
                <affiliationowner>PW</affiliationowner>
                <ns0:termtype type="termtype">
                    <id>WUT3da0fee0db7e4a2aa0c5e3e4672f51e4</id>
                    <owner>wstruk</owner>
                    <affiliationowner>PW</affiliationowner>
                    <code>impactFactor</code>
                    <name>Impact Factor</name>
                    <nonRepeatableByDefault>false</nonRepeatableByDefault>
                </ns0:termtype>
                <systemName>ScopusPercentile</systemName>
                <namePL>Centyl CiteScore</namePL>
                <nameEN>Scopus Percentile</nameEN>
                <priority>IF231</priority>
                <notActive>false</notActive>
            </name>
            <ns0:indicatordata type="indicatordata">
                <id>WUTe40dee3b5e2a42de8df97de6cc8fc9d1</id>
                <owner>admin</owner>
                <affiliationowner>System</affiliationowner>
                <year>2024</year>
                <value>88</value>
                <evaluationDate>2025-07-28T12:45:55+0200</evaluationDate>
            </ns0:indicatordata>
        </ns0:indicator>
        <ns0:indicator type="indicator">
            <id>WUTd19c90f5c6f54614be8608b59397c21f</id>
            <owner>1142045</owner>
            <affiliationowner>WMiNI</affiliationowner>
            <name type="term">
                <id>WUT747541e2dc08419daa63867a925568d3</id>
                <owner>wstruk</owner>
                <affiliationowner>PW</affiliationowner>
                <ns0:termtype type="termtype">
                    <id>WUT3da0fee0db7e4a2aa0c5e3e4672f51e4</id>
                    <owner>wstruk</owner>
                    <affiliationowner>PW</affiliationowner>
                    <code>impactFactor</code>
                    <name>Impact Factor</name>
                    <nonRepeatableByDefault>false</nonRepeatableByDefault>
                </ns0:termtype>
                <systemName>ScopusCiteScore</systemName>
                <namePL>Scopus CiteScore</namePL>
                <nameEN>Scopus CiteScore</nameEN>
                <priority>IF230</priority>
                <notActive>false</notActive>
            </name>
            <ns0:indicatordata type="indicatordata">
                <id>WUT4a85c7639bc54ec9a2a1a088c14b868f</id>
                <owner>admin</owner>
                <affiliationowner>System</affiliationowner>
                <year>2024</year>
                <value>5.8</value>
                <evaluationDate>2025-07-28T12:45:55+0200</evaluationDate>
            </ns0:indicatordata>
        </ns0:indicator>
        <ns0:indicator type="indicator">
            <id>WUTb7e8d7adab3b4233b7d2171dee21e4c3</id>
            <owner>1142045</owner>
            <affiliationowner>WMiNI</affiliationowner>
            <name type="term">
                <id>UOG9757df2ea8c24f8daa092573d0eb28dd</id>
                <owner>dbazan</owner>
                <affiliationowner>UG</affiliationowner>
                <ns0:termtype type="termtype">
                    <id>WUT3da0fee0db7e4a2aa0c5e3e4672f51e4</id>
                    <owner>system</owner>
                    <affiliationowner>UG</affiliationowner>
                    <code>impactFactor</code>
                    <name>Impact Factor</name>
                    <nonRepeatableByDefault>false</nonRepeatableByDefault>
                </ns0:termtype>
                <systemName>JIFQuartile</systemName>
                <namePL>Kwartyl JIF</namePL>
                <nameEN>JIF Quartile</nameEN>
                <priority>IF213</priority>
                <notActive>false</notActive>
            </name>
            <ns0:indicatordata type="indicatordata">
                <id>WUT7fe31700a0834aea943711be765590fd</id>
                <owner>admin</owner>
                <affiliationowner>System</affiliationowner>
                <year>2024</year>
                <value>92.0</value>
                <svalue>MATHEMATICS, APPLIED - SCIE</svalue>
                <evaluationDate>2025-07-28T12:45:55+0200</evaluationDate>
            </ns0:indicatordata>
        </ns0:indicator>
        <ns0:indicator type="indicator">
            <id>WUT49190c55117e481c9626f8e9ceb42380</id>
            <owner>1142045</owner>
            <affiliationowner>WMiNI</affiliationowner>
            <name type="term">
                <id>WUT87e60f127d64444f9f07b55b2b542048</id>
                <owner>sages-mszorc</owner>
                <affiliationowner>PW</affiliationowner>
                <ns0:termtype type="termtype">
                    <id>WUT3da0fee0db7e4a2aa0c5e3e4672f51e4</id>
                    <owner>system</owner>
                    <affiliationowner>PW</affiliationowner>
                    <code>impactFactor</code>
                    <name>Impact Factor</name>
                    <nonRepeatableByDefault>false</nonRepeatableByDefault>
                </ns0:termtype>
                <systemName>JIFMedian</systemName>
                <namePL>Mediana JIF</namePL>
                <nameEN>JIF Median</nameEN>
                <priority>IF215</priority>
                <notActive>false</notActive>
            </name>
            <ns0:indicatordata type="indicatordata">
                <id>WUT61c1d3bbdcf44771adafdd5d9b72909f</id>
                <owner>admin</owner>
                <affiliationowner>System</affiliationowner>
                <year>2024</year>
                <value>1.1</value>
                <svalue>MATHEMATICS, APPLIED - SCIE</svalue>
                <evaluationDate>2025-07-28T12:45:55+0200</evaluationDate>
            </ns0:indicatordata>
        </ns0:indicator>
        <ns0:author type="author">
            <id>WUT55189</id>
            <recordStatus>completed</recordStatus>
            <active>true</active>
            <status>PRACOWNIK</status>
            <officialAcademicDegree type="term">
                <id>WUT6e186dbfbddd41fb8c0b054537b5794b</id>
                <owner>wstruk</owner>
                <affiliationowner>PW</affiliationowner>
                <ns0:termtype type="termtype">
                    <id>WUT4e7b6f866b8d489888bd3347c5a97bb3</id>
                    <owner>wstruk</owner>
                    <affiliationowner>PW</affiliationowner>
                    <code>academicDegree</code>
                    <name>Stopień/tytuł</name>
                    <nonRepeatableByDefault>false</nonRepeatableByDefault>
                </ns0:termtype>
                <systemName>drhabinz</systemName>
                <namePL>dr hab. inż.</namePL>
                <nameEN>D.Sc.</nameEN>
                <priority>D54</priority>
                <notActive>false</notActive>
            </officialAcademicDegree>
            <belonging2N>true</belonging2N>
            <name>Agnieszka</name>
            <surname>Jastrzębska</surname>
            <email>Agnieszka.Jastrzebska1@pw.edu.pl</email>
            <ns0:affiliation type="affiliation">
                <id>WUT05f694265b9c49d496f8044f758a9efe</id>
                <recordStatus>completed</recordStatus>
                <namePL>Zakład Strukturalnych Metod Przetwarzania Wiedzy</namePL>
                <nameEN>Department of Structural Methods for Knowledge Processing</nameEN>
                <accronymPL>ZSMPW</accronymPL>
                <accronymEN>DSMKP</accronymEN>
                <ns0:affiliation type="affiliation">
                    <id>WUT-05ed26e4-dc1a-4a7e-a531-afc8ee645002</id>
                    <recordStatus>completed</recordStatus>
                    <namePL>Wydział Matematyki i Nauk Informacyjnych</namePL>
                    <nameEN>Faculty of Mathematics and Information Science</nameEN>
                    <accronymPL>WMiNI</accronymPL>
                    <accronymEN>FMIS</accronymEN>
                    <ns0:affiliation type="affiliation">
                        <id>WEITI-35347b89-6944-4413-83c0-85acc4b2e2d4</id>
                        <recordStatus>completed</recordStatus>
                        <namePL>Politechnika Warszawska</namePL>
                        <nameEN>Warsaw University of Technology</nameEN>
                        <accronymPL>PW</accronymPL>
                        <accronymEN>WUT</accronymEN>
                        <ns0:affiliationprofile type="affiliationprofile">
                            <certifyingUnit>false</certifyingUnit>
                        </ns0:affiliationprofile>
                        <notActive>false</notActive>
                        <dontPropagateInactivity>false</dontPropagateInactivity>
                    </ns0:affiliation>
                    <ns0:affiliationprofile type="affiliationprofile">
                        <certifyingUnit>false</certifyingUnit>
                    </ns0:affiliationprofile>
                    <notActive>false</notActive>
                    <dontPropagateInactivity>false</dontPropagateInactivity>
                </ns0:affiliation>
                <ns0:affiliationprofile type="affiliationprofile">
                    <certifyingUnit>false</certifyingUnit>
                </ns0:affiliationprofile>
                <notActive>false</notActive>
                <dontPropagateInactivity>false</dontPropagateInactivity>
            </ns0:affiliation>
            <unit>ZSMPW</unit>
            <externalAffiliationButEvaluation>false</externalAffiliationButEvaluation>
            <mainDiscipline type="discipline">
                <id>WUT571aadb66c6e41ab99614edd95b96ced</id>
                <owner>wstruk</owner>
                <affiliationowner>PW</affiliationowner>
                <disciplineType>DISCIPLINE</disciplineType>
                <namePL>informatyka</namePL>
                <nameEN>information science</nameEN>
                <discipline type="discipline">
                    <id>WUT93c33dbcb77d467a9e924c74c54d9074</id>
                    <owner>wstruk</owner>
                    <affiliationowner>PW</affiliationowner>
                    <disciplineType>DOMAIN</disciplineType>
                    <namePL>dziedzina nauk technicznych</namePL>
                    <nameEN>technology domain</nameEN>
                    <discipline type="discipline">
                        <id>WUTbd68a51b42d7425b8d775456106997ac</id>
                        <owner>wstruk</owner>
                        <affiliationowner>PW</affiliationowner>
                        <disciplineType>AREA</disciplineType>
                        <namePL>obszar nauk technicznych</namePL>
                        <nameEN>technological sciences</nameEN>
                    </discipline>
                </discipline>
            </mainDiscipline>
            <activityDiscipline type="authordiscipline">
                <id>WUTfae42e3b120648ebbc64442cc64c2678</id>
                <owner>lskoniec</owner>
                <affiliationowner>IN</affiliationowner>
                <discipline type="term">
                    <id>WUTfef424a0094d4fc3865bb3aabd414c88</id>
                    <owner>wstruk</owner>
                    <affiliationowner>PW</affiliationowner>
                    <ns0:termtype type="termtype">
                        <id>WUTa3c22b79ece54e0e99025251051d9b0d</id>
                        <owner>wstruk</owner>
                        <affiliationowner>PW</affiliationowner>
                        <code>oecdx</code>
                        <name>OECD extended</name>
                        <nonRepeatableByDefault>false</nonRepeatableByDefault>
                    </ns0:termtype>
                    <systemName>2.3</systemName>
                    <namePL>informatyka techniczna i telekomunikacja</namePL>
                    <nameEN>information and communication technology</nameEN>
                    <accronymPL>ITT</accronymPL>
                    <accronymEN>ICT</accronymEN>
                    <ns0:term type="term">
                        <id>WUTd7b77e1b91d44c64a57c032ede7bf851</id>
                        <owner>wstruk</owner>
                        <affiliationowner>PW</affiliationowner>
                        <ns0:termtype type="termtype">
                            <id>WUTa3c22b79ece54e0e99025251051d9b0d</id>
                            <owner>wstruk</owner>
                            <affiliationowner>PW</affiliationowner>
                            <code>oecdx</code>
                            <name>OECD extended</name>
                            <nonRepeatableByDefault>false</nonRepeatableByDefault>
                        </ns0:termtype>
                        <systemName>2</systemName>
                        <namePL>Dziedzina nauk inżynieryjno-technicznych</namePL>
                        <nameEN>Engineering and technology</nameEN>
                        <accronymPL>DNINZ</accronymPL>
                        <accronymEN>2</accronymEN>
                        <priority>02.00</priority>
                        <xid type="field">
                            <id>WUT217a0da3ad554648828696317acb6cee</id>
                            <owner>wstruk</owner>
                            <affiliationowner>PW</affiliationowner>
                            <key>polon_id</key>
                            <value>DZ0102N</value>
                        </xid>
                        <notActive>false</notActive>
                    </ns0:term>
                    <priority>02.03</priority>
                    <xid type="field">
                        <id>WUT9eb30fd170fd45918a1d046b9f7302cd</id>
                        <owner>PbnIntegrator</owner>
                        <affiliationowner>PW</affiliationowner>
                        <key>pbn_idArea</key>
                        <value>203</value>
                    </xid>
                    <xid type="field">
                        <id>WUT7f1a57adbae649e4ba0510c019498bec</id>
                        <owner>wstruk</owner>
                        <affiliationowner>PW</affiliationowner>
                        <key>polon_id</key>
                        <value>DS010203N</value>
                    </xid>
                    <notActive>false</notActive>
                </discipline>
                <activityPercentage>100</activityPercentage>
                <belonging2N>true</belonging2N>
                <year xsi:nil="true" />
            </activityDiscipline>
            <disciplinesApprovedByAuthor>false</disciplinesApprovedByAuthor>
            <staffGroup type="term">
                <id>WUT4b86b29bf9b9448ab558a479107a1d58</id>
                <owner>wstruk</owner>
                <affiliationowner>PW</affiliationowner>
                <ns0:termtype type="termtype">
                    <id>WUT3817e163aedd49d0b8011432010847aa</id>
                    <owner>wstruk</owner>
                    <affiliationowner>PW</affiliationowner>
                    <code>staffGroup</code>
                    <name>Grupa zatrudnienia</name>
                    <nonRepeatableByDefault>false</nonRepeatableByDefault>
                </ns0:termtype>
                <systemName>researchteachingStaff</systemName>
                <namePL>pracownicy badawczo-dydaktyczni</namePL>
                <nameEN>Research-teaching staff</nameEN>
                <ns0:term type="term">
                    <id>WUT9c1a64ba0377485eb3aac7a30234260b</id>
                    <owner>wstruk</owner>
                    <affiliationowner>PW</affiliationowner>
                    <ns0:termtype type="termtype">
                        <id>WUT3817e163aedd49d0b8011432010847aa</id>
                        <owner>wstruk</owner>
                        <affiliationowner>PW</affiliationowner>
                        <code>staffGroup</code>
                        <name>Grupa zatrudnienia</name>
                        <nonRepeatableByDefault>false</nonRepeatableByDefault>
                    </ns0:termtype>
                    <systemName>academicStaff</systemName>
                    <namePL>Nauczyciele akademiccy</namePL>
                    <nameEN>Academic staff</nameEN>
                    <priority>G01</priority>
                    <notActive>false</notActive>
                </ns0:term>
                <priority>G13</priority>
                <notActive>false</notActive>
            </staffGroup>
            <contribution xsi:nil="true" />
            <ns0:authorprofile type="authorprofile">
                <extid type="termfield">
                    <id>WUT059933d02b844afa8bd97a479e8bd561</id>
                    <owner>lskoniec</owner>
                    <affiliationowner>IN</affiliationowner>
                    <idtype type="term">
                        <id>WUT1861844d9190458bb6377aad4e04bf38</id>
                        <owner>lskoniec</owner>
                        <affiliationowner>PW</affiliationowner>
                        <ns0:termtype type="termtype">
                            <id>WUT73721172d9e7483ba46a61d697ffa3b3</id>
                            <owner>wstruk</owner>
                            <affiliationowner>BOI</affiliationowner>
                            <code>person_id</code>
                            <name>Identyfikator osoby</name>
                            <nonRepeatableByDefault>false</nonRepeatableByDefault>
                        </ns0:termtype>
                        <systemName>PWSAP</systemName>
                        <namePL>PWSAP</namePL>
                        <priority>P110</priority>
                        <notActive>false</notActive>
                    </idtype>
                    <value>110008</value>
                </extid>
                <extid type="termfield">
                    <id>WUTb68aac3aeb61427da1430f60997e8e47</id>
                    <owner>lskoniec</owner>
                    <affiliationowner>IN</affiliationowner>
                    <idtype type="term">
                        <id>WUT6675b636b7aa4f4f9b48005536da4b07</id>
                        <owner>wstruk</owner>
                        <affiliationowner>PW</affiliationowner>
                        <ns0:termtype type="termtype">
                            <id>WUT73721172d9e7483ba46a61d697ffa3b3</id>
                            <owner>wstruk</owner>
                            <affiliationowner>BOI</affiliationowner>
                            <code>person_id</code>
                            <name>Identyfikator osoby</name>
                            <nonRepeatableByDefault>false</nonRepeatableByDefault>
                        </ns0:termtype>
                        <systemName>personnalPSB</systemName>
                        <namePL>Identyfikator PBN</namePL>
                        <nameEN>PSB Identifier</nameEN>
                        <accronymPL>PBN</accronymPL>
                        <accronymEN>PSB</accronymEN>
                        <priority>U120</priority>
                        <notActive>false</notActive>
                    </idtype>
                    <value>3960495</value>
                </extid>
                <extid type="termfield">
                    <id>WUT5f103318e2d440068251150984f45b94</id>
                    <owner>lskoniec</owner>
                    <affiliationowner>IN</affiliationowner>
                    <idtype type="term">
                        <id>WUT0fd794746a704f42a40229c86b4a8543</id>
                        <owner>wstruk</owner>
                        <affiliationowner>PW</affiliationowner>
                        <ns0:termtype type="termtype">
                            <id>WUT73721172d9e7483ba46a61d697ffa3b3</id>
                            <owner>wstruk</owner>
                            <affiliationowner>BOI</affiliationowner>
                            <code>person_id</code>
                            <name>Identyfikator osoby</name>
                            <nonRepeatableByDefault>false</nonRepeatableByDefault>
                        </ns0:termtype>
                        <systemName>ORCID</systemName>
                        <namePL>Identyfikator osobowy ORCID</namePL>
                        <nameEN>ORCID</nameEN>
                        <accronymEN>ORCID</accronymEN>
                        <priority>U130</priority>
                        <notActive>false</notActive>
                    </idtype>
                    <value>0000-0001-5361-5787</value>
                </extid>
                <extid type="termfield">
                    <id>WUT08ec19f212614d9f80849d5336e38e0f</id>
                    <owner>lskoniec</owner>
                    <affiliationowner>IN</affiliationowner>
                    <idtype type="term">
                        <id>WUT2d8d65028792443891668f54f30f6f71</id>
                        <owner>wstruk</owner>
                        <affiliationowner>PW</affiliationowner>
                        <ns0:termtype type="termtype">
                            <id>WUT6deee7292297435fb414dcd87dd84f0d</id>
                            <owner>wstruk</owner>
                            <affiliationowner>PW</affiliationowner>
                            <code>external_id</code>
                            <name>Identyfikator w systemie zewnętrznym</name>
                            <nonRepeatableByDefault>false</nonRepeatableByDefault>
                        </ns0:termtype>
                        <systemName>USOSid</systemName>
                        <namePL>Identyfikator USOS</namePL>
                        <nameEN>USOS Identifier</nameEN>
                        <notActive>false</notActive>
                    </idtype>
                    <value>800112</value>
                </extid>
                <extid type="termfield">
                    <id>WUTafdb36dc48bd40619db28ff0aa24754b</id>
                    <owner>lskoniec</owner>
                    <affiliationowner>IN</affiliationowner>
                    <idtype type="term">
                        <id>WUTfe712e9e17404de29f343752164c96a7</id>
                        <owner>wstruk</owner>
                        <affiliationowner>PW</affiliationowner>
                        <ns0:termtype type="termtype">
                            <id>WUT6deee7292297435fb414dcd87dd84f0d</id>
                            <owner>wstruk</owner>
                            <affiliationowner>PW</affiliationowner>
                            <code>external_id</code>
                            <name>Identyfikator w systemie zewnętrznym</name>
                            <nonRepeatableByDefault>false</nonRepeatableByDefault>
                        </ns0:termtype>
                        <systemName>ScopusId</systemName>
                        <namePL>Identyfikator Scopus</namePL>
                        <nameEN>Scopus Identifier</nameEN>
                        <priority>EI120</priority>
                        <notActive>false</notActive>
                    </idtype>
                    <value>48662435500</value>
                </extid>
                <extid type="termfield">
                    <id>WUTa3acaf6701a440f5adf2340240ecc71f</id>
                    <owner>lskoniec</owner>
                    <affiliationowner>IN</affiliationowner>
                    <idtype type="term">
                        <id>WUT1a02b6c6e47c457d9a7f061d865684a8</id>
                        <owner>system</owner>
                        <affiliationowner>WMEiL</affiliationowner>
                        <ns0:termtype type="termtype">
                            <id>WUT6deee7292297435fb414dcd87dd84f0d</id>
                            <owner>system</owner>
                            <affiliationowner>WMEiL</affiliationowner>
                            <code>external_id</code>
                            <name>Identyfikator w systemie zewnętrznym</name>
                            <nonRepeatableByDefault>false</nonRepeatableByDefault>
                        </ns0:termtype>
                        <systemName>POLon_Uuid</systemName>
                        <namePL>Identyfikator polonUuid</namePL>
                        <nameEN>Identifier polonUuid</nameEN>
                        <priority>EI1155</priority>
                        <notActive>false</notActive>
                    </idtype>
                    <value>e86d18bf-2cc3-4507-b749-91d267abd11b</value>
                </extid>
                <hindex>4</hindex>
                <rankingScore>10.0</rankingScore>
                <noEvaluation>false</noEvaluation>
                <supervisionOffer type="supervisionoffer">
                    <active>false</active>
                </supervisionOffer>
            </ns0:authorprofile>
            <profilepreferences type="authorprofilepreferences" />
            <ns0:authormirprofile type="authormirprofile" />
            <ns0:field type="field">
                <id>WUT55188</id>
                <owner>lskoniec</owner>
                <affiliationowner>IN</affiliationowner>
                <key>importId</key>
                <value>1355385685831</value>
            </ns0:field>
            <ns0:field type="field">
                <id>WUTfd0e2476ed174702a3eb915114a422ad</id>
                <owner>lskoniec</owner>
                <affiliationowner>IN</affiliationowner>
                <key>POL-ON import - updated position</key>
                <value>1_PW_raport_POL_on_dyscyplina_należy_N_23_02_2019_do_wysl.xlsx</value>
            </ns0:field>
        </ns0:author>
        <ns0:author type="author">
            <id>WUTd40a33685fe54b79a2c6889d4b618001</id>
            <recordStatus>completed</recordStatus>
            <active>false</active>
            <status>ZEWNETRZNY</status>
            <belonging2N>false</belonging2N>
            <name>Burczaniuk</name>
            <surname>Mateusz</surname>
            <externalAffiliationButEvaluation>false</externalAffiliationButEvaluation>
            <disciplinesApprovedByAuthor>false</disciplinesApprovedByAuthor>
            <contribution xsi:nil="true" />
            <ns0:authorprofile type="authorprofile">
                <hindex>0</hindex>
                <rankingScore>0.0</rankingScore>
                <noEvaluation>false</noEvaluation>
                <supervisionOffer type="supervisionoffer">
                    <active>false</active>
                </supervisionOffer>
            </ns0:authorprofile>
            <profilepreferences type="authorprofilepreferences" />
            <ns0:authormirprofile type="authormirprofile" />
        </ns0:author>
        <totalAuthorsNo>2</totalAuthorsNo>
        <title>On the Improvements of Metaheuristic Optimization-Based Strategies for Time Series Structural Break Detection</title>
        <ns0:language type="language">
            <id>WEITI-bc90626b-ed19-490f-b9c3-daf0bffd1760</id>
            <owner>admin</owner>
            <affiliationowner>IN</affiliationowner>
            <code>en</code>
            <iso2>eng</iso2>
            <namePL>angielski</namePL>
            <nameEN>English</nameEN>
            <ns0:field type="field">
                <id>WUT7011e8e4e6f74b38a2ca632b6de071e5</id>
                <owner>PbnIntegrator</owner>
                <affiliationowner>IN</affiliationowner>
                <key>pbn_639-2</key>
                <value>eng</value>
            </ns0:field>
            <ns0:field type="field">
                <id>WUT73e8cec6538944e383d6282838e2f964</id>
                <owner>PbnIntegrator</owner>
                <affiliationowner>IN</affiliationowner>
                <key>pbn_639-1</key>
                <value>en</value>
            </ns0:field>
            <ns0:field type="field">
                <id>WUT65f08cfa99d14cd9bf5f0d65185ce27d</id>
                <owner>PbnIntegrator</owner>
                <affiliationowner>IN</affiliationowner>
                <key>pbn_pl</key>
                <value>angielski</value>
            </ns0:field>
            <ns0:field type="field">
                <id>WUT108a680882134cf18b2f743d829026b5</id>
                <owner>PbnIntegrator</owner>
                <affiliationowner>IN</affiliationowner>
                <key>pbn_en</key>
                <value>English</value>
            </ns0:field>
            <ns0:field type="field">
                <id>WUT8cbc478cf51c4345a7a1d27ef40339c7</id>
                <owner>PbnIntegrator</owner>
                <affiliationowner>IN</affiliationowner>
                <key>pbn_de</key>
                <value>Englisch</value>
            </ns0:field>
            <ns0:field type="field">
                <id>WUT7cba2fb293374920b434cde356f0ec3a</id>
                <owner>PbnIntegrator</owner>
                <affiliationowner>IN</affiliationowner>
                <key>pbn_fr</key>
                <value>anglais</value>
            </ns0:field>
        </ns0:language>
        <doi>10.15388/24-INFOR572</doi>
        <url>https://www.informatica.vu.lt/journal/INFORMATICA/article/1349/text</url>
        <collation>687-719</collation>
        <classified xsi:nil="true" />
        <fees type="publicationfees">
            <id>WUT75d66d3f03e44a40bfc6123191197f67</id>
            <owner>1142045</owner>
            <affiliationowner>WMiNI</affiliationowner>
            <costFreePublication>true</costFreePublication>
            <researchPotentialFinancialResources>false</researchPotentialFinancialResources>
            <researchOrDevelopmentProjectsFinancialResources>false</researchOrDevelopmentProjectsFinancialResources>
            <other>false</other>
        </fees>
        <asjc type="term">
            <id>WUTae7d58b251884c84bf4b98b4d0ffe954</id>
            <owner>wstruk</owner>
            <affiliationowner>PW</affiliationowner>
            <ns0:termtype type="termtype">
                <id>WUTd932544fdc07421684cd7309ed5f755c</id>
                <owner>wstruk</owner>
                <affiliationowner>PW</affiliationowner>
                <code>asjc</code>
                <name>ASJC</name>
                <nonRepeatableByDefault>false</nonRepeatableByDefault>
            </ns0:termtype>
            <systemName>asjc_1710</systemName>
            <nameEN>Information Systems</nameEN>
            <accronymPL>1710</accronymPL>
            <ns0:term type="term">
                <id>WUT05af1b4beef1451298a3b5f2d6634241</id>
                <owner>wstruk</owner>
                <affiliationowner>PW</affiliationowner>
                <ns0:termtype type="termtype">
                    <id>WUTd932544fdc07421684cd7309ed5f755c</id>
                    <owner>wstruk</owner>
                    <affiliationowner>PW</affiliationowner>
                    <code>asjc</code>
                    <name>ASJC</name>
                    <nonRepeatableByDefault>false</nonRepeatableByDefault>
                </ns0:termtype>
                <systemName>asjc_17</systemName>
                <nameEN>Computer Science</nameEN>
                <accronymPL>17</accronymPL>
                <ns0:term type="term">
                    <id>WUT6fd045a67352420f8844f86452dab56f</id>
                    <owner>wstruk</owner>
                    <affiliationowner>PW</affiliationowner>
                    <ns0:termtype type="termtype">
                        <id>WUTd932544fdc07421684cd7309ed5f755c</id>
                        <owner>wstruk</owner>
                        <affiliationowner>PW</affiliationowner>
                        <code>asjc</code>
                        <name>ASJC</name>
                        <nonRepeatableByDefault>false</nonRepeatableByDefault>
                    </ns0:termtype>
                    <systemName>asjc_3</systemName>
                    <namePL>Nauki ścisłe</namePL>
                    <nameEN>Physical Sciences</nameEN>
                    <accronymPL>3</accronymPL>
                    <priority>3</priority>
                    <notActive>false</notActive>
                </ns0:term>
                <priority>17</priority>
                <notActive>false</notActive>
            </ns0:term>
            <priority>1710</priority>
            <notActive>false</notActive>
        </asjc>
        <asjc type="term">
            <id>WUTe102d4eb93fa428d8e669594264cdb8a</id>
            <owner>wstruk</owner>
            <affiliationowner>PW</affiliationowner>
            <ns0:termtype type="termtype">
                <id>WUTd932544fdc07421684cd7309ed5f755c</id>
                <owner>wstruk</owner>
                <affiliationowner>PW</affiliationowner>
                <code>asjc</code>
                <name>ASJC</name>
                <nonRepeatableByDefault>false</nonRepeatableByDefault>
            </ns0:termtype>
            <systemName>asjc_2604</systemName>
            <nameEN>Applied Mathematics</nameEN>
            <accronymPL>2604</accronymPL>
            <ns0:term type="term">
                <id>WUT79bb530fed984eb88eb9ed41761edcb9</id>
                <owner>wstruk</owner>
                <affiliationowner>PW</affiliationowner>
                <ns0:termtype type="termtype">
                    <id>WUTd932544fdc07421684cd7309ed5f755c</id>
                    <owner>wstruk</owner>
                    <affiliationowner>PW</affiliationowner>
                    <code>asjc</code>
                    <name>ASJC</name>
                    <nonRepeatableByDefault>false</nonRepeatableByDefault>
                </ns0:termtype>
                <systemName>asjc_26</systemName>
                <nameEN>Mathematics</nameEN>
                <accronymPL>26</accronymPL>
                <ns0:term type="term">
                    <id>WUT6fd045a67352420f8844f86452dab56f</id>
                    <owner>wstruk</owner>
                    <affiliationowner>PW</affiliationowner>
                    <ns0:termtype type="termtype">
                        <id>WUTd932544fdc07421684cd7309ed5f755c</id>
                        <owner>wstruk</owner>
                        <affiliationowner>PW</affiliationowner>
                        <code>asjc</code>
                        <name>ASJC</name>
                        <nonRepeatableByDefault>false</nonRepeatableByDefault>
                    </ns0:termtype>
                    <systemName>asjc_3</systemName>
                    <namePL>Nauki ścisłe</namePL>
                    <nameEN>Physical Sciences</nameEN>
                    <accronymPL>3</accronymPL>
                    <priority>3</priority>
                    <notActive>false</notActive>
                </ns0:term>
                <priority>26</priority>
                <notActive>false</notActive>
            </ns0:term>
            <priority>2604</priority>
            <notActive>false</notActive>
        </asjc>
        <pbnIntegration type="integrationinfo">
            <id>WUT32482111cd8e4f1ca2e87119914b161a</id>
        </pbnIntegration>
        <ns0:field type="field">
            <id>WUT917f983e85b1491a93c43c55feec8676</id>
            <owner>1142045</owner>
            <affiliationowner>WMiNI</affiliationowner>
            <key>scopusServiceUpdateTimestamp</key>
            <value>1751940492447</value>
        </ns0:field>
    </ns0:article>
    