<ns0:article xmlns:ns0="http://ii.pw.edu.pl/lib" xmlns:xsi="http://www.w3.org/2001/XMLSchema-instance" type="article">
        <metaData>
            <lastModifiedBy>mwasiluk</lastModifiedBy>
            <lastModified>2025-09-09T23:25:17.187+02:00</lastModified>
            <created>2024-10-15T09:30:57.232+02:00</created>
        </metaData>
        <meta_datestamp>1757453117187</meta_datestamp>
        <ns0:book type="book">
            <id>WUTedead671765a4dadb74920e8ff04cf8e</id>
            <recordStatus>completed</recordStatus>
            <noEvaluation>false</noEvaluation>
            <meetsPlanSRequirements>false</meetsPlanSRequirements>
            <score>20</score>
            <scoreDate>2024-10-28T08:59:36+0100</scoreDate>
            <scoreReason>MonograhOrBookMainLanguagesEditor</scoreReason>
            <rulesetName>All_years_with_U20-scoring-v2y_for_v220(20240930), Scopus SNIP (with ASJC) v2, ScopusCiteScore, IFWoS</rulesetName>
            <legalBasis>Rozporządzenie MNiSW z dnia 22 lutego 2019 r. (§ 12 ust. 3 pkt 1, 2, 3)</legalBasis>
            <scoreSource>publisherList</scoreSource>
            <bookType>MONOGRAFIA</bookType>
            <authorsRole>editor</authorsRole>
            <ns0:author type="author">
                <id>WUT183543fcfb55480295ba5597306f140a</id>
                <recordStatus>completed</recordStatus>
                <active>false</active>
                <status>ZEWNETRZNY</status>
                <belonging2N>false</belonging2N>
                <name>Michał</name>
                <surname>Kawulok</surname>
                <externalAffiliationButEvaluation>false</externalAffiliationButEvaluation>
                <disciplinesApprovedByAuthor>false</disciplinesApprovedByAuthor>
                <contribution xsi:nil="true" />
                <ns0:authorprofile type="authorprofile">
                    <hindex>0</hindex>
                    <rankingScore>0.0</rankingScore>
                    <noEvaluation>false</noEvaluation>
                    <supervisionOffer type="supervisionoffer">
                        <active>false</active>
                    </supervisionOffer>
                </ns0:authorprofile>
                <profilepreferences type="authorprofilepreferences" />
                <ns0:authormirprofile type="authormirprofile" />
            </ns0:author>
            <ns0:author type="author">
                <id>WUT487c21776b8d4d058947040498dbec1b</id>
                <recordStatus>completed</recordStatus>
                <active>false</active>
                <status>ZEWNETRZNY</status>
                <belonging2N>false</belonging2N>
                <name>Jolanta</name>
                <surname>Kawulok</surname>
                <externalAffiliationButEvaluation>false</externalAffiliationButEvaluation>
                <disciplinesApprovedByAuthor>false</disciplinesApprovedByAuthor>
                <contribution xsi:nil="true" />
                <ns0:authorprofile type="authorprofile">
                    <hindex>0</hindex>
                    <rankingScore>0.0</rankingScore>
                    <noEvaluation>false</noEvaluation>
                    <supervisionOffer type="supervisionoffer">
                        <active>false</active>
                    </supervisionOffer>
                </ns0:authorprofile>
                <profilepreferences type="authorprofilepreferences" />
                <ns0:authormirprofile type="authormirprofile" />
            </ns0:author>
            <ns0:author type="author">
                <id>WUT038711ec3fe847538a5ceeebc2c6d6d0</id>
                <recordStatus>completed</recordStatus>
                <active>false</active>
                <status>ZEWNETRZNY</status>
                <belonging2N>false</belonging2N>
                <name>Bogdan</name>
                <surname>Smolka</surname>
                <externalAffiliationButEvaluation>false</externalAffiliationButEvaluation>
                <disciplinesApprovedByAuthor>false</disciplinesApprovedByAuthor>
                <contribution xsi:nil="true" />
                <ns0:authorprofile type="authorprofile">
                    <hindex>0</hindex>
                    <rankingScore>0.0</rankingScore>
                    <noEvaluation>false</noEvaluation>
                    <supervisionOffer type="supervisionoffer">
                        <active>false</active>
                    </supervisionOffer>
                </ns0:authorprofile>
                <profilepreferences type="authorprofilepreferences" />
                <ns0:authormirprofile type="authormirprofile" />
            </ns0:author>
            <ns0:author type="author">
                <id>WUT48f26f8105c94b4e8ba4ae427a7bda10</id>
                <recordStatus>completed</recordStatus>
                <active>false</active>
                <status>ZEWNETRZNY</status>
                <belonging2N>false</belonging2N>
                <name>Emre M.</name>
                <surname>Celebi</surname>
                <externalAffiliationButEvaluation>false</externalAffiliationButEvaluation>
                <disciplinesApprovedByAuthor>false</disciplinesApprovedByAuthor>
                <contribution xsi:nil="true" />
                <ns0:authorprofile type="authorprofile">
                    <hindex>0</hindex>
                    <rankingScore>0.0</rankingScore>
                    <noEvaluation>false</noEvaluation>
                    <supervisionOffer type="supervisionoffer">
                        <active>false</active>
                    </supervisionOffer>
                </ns0:authorprofile>
                <profilepreferences type="authorprofilepreferences" />
                <ns0:authormirprofile type="authormirprofile" />
            </ns0:author>
            <totalAuthorsNo>4</totalAuthorsNo>
            <totalChapterAuthorsNo xsi:nil="true" />
            <title>Super-Resolution for Remote Sensing</title>
            <ns0:language type="language">
                <id>WEITI-bc90626b-ed19-490f-b9c3-daf0bffd1760</id>
                <owner>admin</owner>
                <affiliationowner>IN</affiliationowner>
                <code>en</code>
                <iso2>eng</iso2>
                <namePL>angielski</namePL>
                <nameEN>English</nameEN>
                <ns0:field type="field">
                    <id>WUT7011e8e4e6f74b38a2ca632b6de071e5</id>
                    <owner>PbnIntegrator</owner>
                    <affiliationowner>IN</affiliationowner>
                    <key>pbn_639-2</key>
                    <value>eng</value>
                </ns0:field>
                <ns0:field type="field">
                    <id>WUT73e8cec6538944e383d6282838e2f964</id>
                    <owner>PbnIntegrator</owner>
                    <affiliationowner>IN</affiliationowner>
                    <key>pbn_639-1</key>
                    <value>en</value>
                </ns0:field>
                <ns0:field type="field">
                    <id>WUT65f08cfa99d14cd9bf5f0d65185ce27d</id>
                    <owner>PbnIntegrator</owner>
                    <affiliationowner>IN</affiliationowner>
                    <key>pbn_pl</key>
                    <value>angielski</value>
                </ns0:field>
                <ns0:field type="field">
                    <id>WUT108a680882134cf18b2f743d829026b5</id>
                    <owner>PbnIntegrator</owner>
                    <affiliationowner>IN</affiliationowner>
                    <key>pbn_en</key>
                    <value>English</value>
                </ns0:field>
                <ns0:field type="field">
                    <id>WUT8cbc478cf51c4345a7a1d27ef40339c7</id>
                    <owner>PbnIntegrator</owner>
                    <affiliationowner>IN</affiliationowner>
                    <key>pbn_de</key>
                    <value>Englisch</value>
                </ns0:field>
                <ns0:field type="field">
                    <id>WUT7cba2fb293374920b434cde356f0ec3a</id>
                    <owner>PbnIntegrator</owner>
                    <affiliationowner>IN</affiliationowner>
                    <key>pbn_fr</key>
                    <value>anglais</value>
                </ns0:field>
            </ns0:language>
            <issueDate>2024</issueDate>
            <evaluationYear xsi:nil="true" />
            <publisherInstitution type="corporateauthor">
                <id>WUT885f9144f1d44407a70751a5ab5a90a2</id>
                <recordStatus>completed</recordStatus>
                <fullName>Springer</fullName>
                <fullNameEN>Springer International Publishing</fullNameEN>
                <otherForm>Springer Verlag</otherForm>
                <otherCategory type="term">
                    <id>WUTe3b0f81c11c34111937796914404fb82</id>
                    <owner>wstruk</owner>
                    <affiliationowner>PW</affiliationowner>
                    <ns0:termtype type="termtype">
                        <id>WUT929508ac4fa9451093764fa86f480cd7</id>
                        <owner>wstruk</owner>
                        <affiliationowner>PW</affiliationowner>
                        <code>institution_category</code>
                        <name>kategoria instytucji</name>
                        <nonRepeatableByDefault>false</nonRepeatableByDefault>
                    </ns0:termtype>
                    <systemName>Publisher</systemName>
                    <namePL>Wydawca</namePL>
                    <nameEN>Publisher</nameEN>
                    <priority>IC190</priority>
                    <notActive>false</notActive>
                </otherCategory>
                <country type="validationtable">
                    <id>WUT382295</id>
                    <owner>wstruk</owner>
                    <affiliationowner>PW</affiliationowner>
                    <validationType>COUNTRY</validationType>
                    <namePL>Niemcy</namePL>
                    <nameEN>Germany</nameEN>
                    <validationtable type="validationtable">
                        <id>WUT35bb1cba0c1740afa065a42d4164e9a1</id>
                        <owner>wstruk</owner>
                        <affiliationowner>PW</affiliationowner>
                        <validationType>ORGANIZATION</validationType>
                        <namePL>Organizacja Współpracy Gospodarczej i Rozwoju</namePL>
                        <nameEN>Organisation for Economic Co-operation and Development</nameEN>
                        <nameOTH>OECD</nameOTH>
                        <ns0:validationprofile type="validationprofile">
                            <intNumber>0</intNumber>
                        </ns0:validationprofile>
                    </validationtable>
                    <ns0:validationprofile type="validationprofile">
                        <intNumber>0</intNumber>
                    </ns0:validationprofile>
                </country>
                <ns0:indicator type="indicator">
                    <id>WUT7bdeee7f008548d898d3d7fa64f68a33</id>
                    <owner>wstruk</owner>
                    <affiliationowner>PW</affiliationowner>
                    <name type="term">
                        <id>WUT7f9de23d44984c9f9daddca421a42db5</id>
                        <owner>wstruk</owner>
                        <affiliationowner>PW</affiliationowner>
                        <ns0:termtype type="termtype">
                            <id>WUT4431eff850914f6280e8366aa21ae26a</id>
                            <owner>wstruk</owner>
                            <affiliationowner>PW</affiliationowner>
                            <code>publisher_score</code>
                            <name>Punktacja wydawców</name>
                            <nonRepeatableByDefault>false</nonRepeatableByDefault>
                        </ns0:termtype>
                        <systemName>Publisher_scoreMinisterial</systemName>
                        <namePL>Punktacja MNiSW wydawców</namePL>
                        <nameEN>Publisher Ministerial score</nameEN>
                        <priority>PS110</priority>
                        <notActive>false</notActive>
                    </name>
                    <ns0:indicatordata type="indicatordata">
                        <id>WUT63e305b1090d44b987220e73399b2eb3</id>
                        <owner>wstruk</owner>
                        <affiliationowner>PW</affiliationowner>
                        <year>2019</year>
                        <value>80</value>
                        <svalue>PI</svalue>
                        <evaluationDate>2019-01-18</evaluationDate>
                    </ns0:indicatordata>
                </ns0:indicator>
                <ns0:corporateauthorprofile type="corporateauthorprofile">
                    <extid type="termfield">
                        <id>WUT1d0eada29c2c44fdba30b7d47ab97972</id>
                        <owner>wstruk</owner>
                        <affiliationowner>PW</affiliationowner>
                        <idtype type="term">
                            <id>WUT2908badb453e4a748917f3e9509a569e</id>
                            <owner>wstruk</owner>
                            <affiliationowner>PW</affiliationowner>
                            <ns0:termtype type="termtype">
<id>WUT6deee7292297435fb414dcd87dd84f0d</id>
<owner>wstruk</owner>
<affiliationowner>PW</affiliationowner>
<code>external_id</code>
<name>Identyfikator w systemie zewnętrznym</name>
<nonRepeatableByDefault>false</nonRepeatableByDefault>
                            </ns0:termtype>
                            <systemName>MNiSWid</systemName>
                            <namePL>Identyfikator MNiSW</namePL>
                            <nameEN>MNiSW Identifier</nameEN>
                            <priority>EI130</priority>
                            <notActive>false</notActive>
                        </idtype>
                        <value>53500</value>
                    </extid>
                    <extid type="termfield">
                        <id>WUT628009a191b545bba6dc5a39e8ccfe12</id>
                        <owner>PbnIntegrator</owner>
                        <affiliationowner>PW</affiliationowner>
                        <idtype type="term">
                            <id>WUTfbafd2ec77464f57b240bdbc14318de0</id>
                            <owner>system</owner>
                            <affiliationowner>PW</affiliationowner>
                            <ns0:termtype type="termtype">
<id>WUT6deee7292297435fb414dcd87dd84f0d</id>
<owner>system</owner>
<affiliationowner>PW</affiliationowner>
<code>external_id</code>
<name>Identyfikator w systemie zewnętrznym</name>
<nonRepeatableByDefault>false</nonRepeatableByDefault>
                            </ns0:termtype>
                            <systemName>PBN_mongoId</systemName>
                            <namePL>Identyfikator PBN MongoId</namePL>
                            <nameEN>PSB Identifier MongoId</nameEN>
                            <priority>EI1153</priority>
                            <notActive>false</notActive>
                        </idtype>
                        <value>5d35987b878c28139f4eb8c0</value>
                    </extid>
                    <ns0:statisticsdata type="statisticsdata">
                        <numberOfPublications xsi:nil="true" />
                        <numberOfPatents xsi:nil="true" />
                        <numberOfProjects xsi:nil="true" />
                        <numberOfFinancedProjects xsi:nil="true" />
                        <numberOfWorks xsi:nil="true" />
                        <rankingScore xsi:nil="true" />
                    </ns0:statisticsdata>
                </ns0:corporateauthorprofile>
                <evaluationOK>false</evaluationOK>
            </publisherInstitution>
            <collation>384</collation>
            <isbn>978-3-031-68105-9</isbn>
            <otherIsbn>978-3-031-68106-6</otherIsbn>
            <otherIsbn>978-3-031-68108-0</otherIsbn>
            <doi>10.1007/978-3-031-68106-6</doi>
            <url>https://link.springer.com/book/10.1007/978-3-031-68106-6</url>
            <classified xsi:nil="true" />
            <fees type="publicationfees">
                <costFreePublication>false</costFreePublication>
                <researchPotentialFinancialResources>false</researchPotentialFinancialResources>
                <researchOrDevelopmentProjectsFinancialResources>false</researchOrDevelopmentProjectsFinancialResources>
                <other>false</other>
            </fees>
            <pbnIntegration type="integrationinfo" />
        </ns0:book>
        <id>WUT42eb7fe8cd06416f824cee8a52c57c18</id>
        <recordStatus>completed</recordStatus>
        <owner>1037250</owner>
        <affiliationowner>SD</affiliationowner>
        <disciplinesApprovalDate>2025-01-13T10:13:57+0100</disciplinesApprovalDate>
        <ns0:approveddiscipline type="approveddiscipline">
            <id>WUT372c8dab155d4905937b1acd7cef0721</id>
            <owner>1037250</owner>
            <affiliationowner>SD</affiliationowner>
            <discipline type="term">
                <id>WUTfef424a0094d4fc3865bb3aabd414c88</id>
                <owner>wstruk</owner>
                <affiliationowner>PW</affiliationowner>
                <ns0:termtype type="termtype">
                    <id>WUTa3c22b79ece54e0e99025251051d9b0d</id>
                    <owner>wstruk</owner>
                    <affiliationowner>PW</affiliationowner>
                    <code>oecdx</code>
                    <name>OECD extended</name>
                    <nonRepeatableByDefault>false</nonRepeatableByDefault>
                </ns0:termtype>
                <systemName>2.3</systemName>
                <namePL>informatyka techniczna i telekomunikacja</namePL>
                <nameEN>information and communication technology</nameEN>
                <accronymPL>ITT</accronymPL>
                <accronymEN>ICT</accronymEN>
                <ns0:term type="term">
                    <id>WUTd7b77e1b91d44c64a57c032ede7bf851</id>
                    <owner>wstruk</owner>
                    <affiliationowner>PW</affiliationowner>
                    <ns0:termtype type="termtype">
                        <id>WUTa3c22b79ece54e0e99025251051d9b0d</id>
                        <owner>wstruk</owner>
                        <affiliationowner>PW</affiliationowner>
                        <code>oecdx</code>
                        <name>OECD extended</name>
                        <nonRepeatableByDefault>false</nonRepeatableByDefault>
                    </ns0:termtype>
                    <systemName>2</systemName>
                    <namePL>Dziedzina nauk inżynieryjno-technicznych</namePL>
                    <nameEN>Engineering and technology</nameEN>
                    <accronymPL>DNINZ</accronymPL>
                    <accronymEN>2</accronymEN>
                    <priority>02.00</priority>
                    <xid type="field">
                        <id>WUT217a0da3ad554648828696317acb6cee</id>
                        <owner>wstruk</owner>
                        <affiliationowner>PW</affiliationowner>
                        <key>polon_id</key>
                        <value>DZ0102N</value>
                    </xid>
                    <notActive>false</notActive>
                </ns0:term>
                <priority>02.03</priority>
                <xid type="field">
                    <id>WUT9eb30fd170fd45918a1d046b9f7302cd</id>
                    <owner>PbnIntegrator</owner>
                    <affiliationowner>PW</affiliationowner>
                    <key>pbn_idArea</key>
                    <value>203</value>
                </xid>
                <xid type="field">
                    <id>WUT7f1a57adbae649e4ba0510c019498bec</id>
                    <owner>wstruk</owner>
                    <affiliationowner>PW</affiliationowner>
                    <key>polon_id</key>
                    <value>DS010204N</value>
                </xid>
                <notActive>false</notActive>
            </discipline>
            <date>2025-01-13T10:13:57+0100</date>
        </ns0:approveddiscipline>
        <extid type="termfield">
            <id>WUT13b7e61cb18948bab4ea93fc3e8b6792</id>
            <owner>PbnIntegrator</owner>
            <affiliationowner>SD</affiliationowner>
            <idtype type="term">
                <id>WUTfbafd2ec77464f57b240bdbc14318de0</id>
                <owner>system</owner>
                <affiliationowner>SD</affiliationowner>
                <ns0:termtype type="termtype">
                    <id>WUT6deee7292297435fb414dcd87dd84f0d</id>
                    <owner>system</owner>
                    <affiliationowner>SD</affiliationowner>
                    <code>external_id</code>
                    <name>Identyfikator w systemie zewnętrznym</name>
                    <nonRepeatableByDefault>false</nonRepeatableByDefault>
                </ns0:termtype>
                <systemName>PBN_mongoId</systemName>
                <namePL>Identyfikator PBN MongoId</namePL>
                <nameEN>PSB Identifier MongoId</nameEN>
                <priority>EI1153</priority>
                <notActive>false</notActive>
            </idtype>
            <value>67a3503efdbe83448fb702d0</value>
        </extid>
        <inPress>false</inPress>
        <noEvaluation>false</noEvaluation>
        <meetsPlanSRequirements>false</meetsPlanSRequirements>
        <score>20</score>
        <scoreDate>2025-09-09T23:25:17+0200</scoreDate>
        <scoreReason>MonographChapterAuthor</scoreReason>
        <rulesetName>IFWoS (with update), drl All_years_with_U20-scoring-v4a_for_v220(20250127), Scopus SNIP (with ASJC) v2, IFWoS, All_years_with_U20-scoring-v4d_for_v220(20250407), ScopusCiteScore, All_years_with_U20-scoring-v2y_for_v220(20240930), Scopus SNIP (without ASJC)</rulesetName>
        <legalBasis>Rozporządzenie MNiSW z dnia 22 lutego 2019 r. (§ 12 ust. 4 pkt 1, 2, 3)</legalBasis>
        <ns0:scoring type="scoring">
            <id>WUTcbac396dee174f0e9b9c92c6d378550c</id>
            <owner>1037250</owner>
            <affiliationowner>SD</affiliationowner>
            <system type="term">
                <id>WUT6e0ab667f4e6485faa64fae0cd24964a</id>
                <owner>wstruk</owner>
                <affiliationowner>PW</affiliationowner>
                <ns0:termtype type="termtype">
                    <id>WUTda3a51e923df43a39a54b91c4338f92a</id>
                    <owner>wstruk</owner>
                    <affiliationowner>PW</affiliationowner>
                    <code>scoringSystem</code>
                    <name>System punktacji</name>
                    <nonRepeatableByDefault>false</nonRepeatableByDefault>
                </ns0:termtype>
                <systemName>scoringMinisterial</systemName>
                <namePL>Punktacja MNiSW</namePL>
                <nameEN>Ministerial score</nameEN>
                <accronymPL />
                <accronymEN />
                <priority>SS110</priority>
                <additionalCategory>reportSelectable</additionalCategory>
                <notActive>false</notActive>
            </system>
            <score>20.0</score>
            <scoreDate>2025-09-09T23:25:17+0200</scoreDate>
            <scoreReason>MonographChapterAuthor</scoreReason>
            <rulesetName>IFWoS (with update), drl All_years_with_U20-scoring-v4a_for_v220(20250127), Scopus SNIP (with ASJC) v2, IFWoS, All_years_with_U20-scoring-v4d_for_v220(20250407), ScopusCiteScore</rulesetName>
            <legalBasis>Rozporządzenie MNiSW z dnia 22 lutego 2019 r. (§ 12 ust. 4 pkt 1, 2, 3)</legalBasis>
            <scoreForcing>false</scoreForcing>
        </ns0:scoring>
        <scoreSource>publisherList</scoreSource>
        <ns0:author type="author">
            <id>WUT8f7103be16b5466ebe6510d51a052211</id>
            <recordStatus>verified</recordStatus>
            <active>true</active>
            <status>DOKTORANT</status>
            <officialAcademicDegree type="term">
                <id>WUT5e5ff1e2b438436ea82c90e8edd322e0</id>
                <owner>wstruk</owner>
                <affiliationowner>PW</affiliationowner>
                <ns0:termtype type="termtype">
                    <id>WUT4e7b6f866b8d489888bd3347c5a97bb3</id>
                    <owner>wstruk</owner>
                    <affiliationowner>PW</affiliationowner>
                    <code>academicDegree</code>
                    <name>Stopień/tytuł</name>
                    <nonRepeatableByDefault>false</nonRepeatableByDefault>
                </ns0:termtype>
                <systemName>mgrinz</systemName>
                <namePL>mgr inż.</namePL>
                <nameEN>MSc eng</nameEN>
                <priority>D32</priority>
                <notActive>false</notActive>
            </officialAcademicDegree>
            <belonging2N>false</belonging2N>
            <name>Paweł</name>
            <surname>Kowaleczko</surname>
            <email>pawel.kowaleczko.dokt@pw.edu.pl</email>
            <ns0:affiliation type="affiliation">
                <id>WEITI-a8a2fa13-0e5e-43f1-9c27-aeb4ee23e180</id>
                <recordStatus>completed</recordStatus>
                <namePL>Instytut Informatyki</namePL>
                <nameEN>The Institute of Computer Science</nameEN>
                <accronymPL>IN</accronymPL>
                <presentedAccronymPL>II</presentedAccronymPL>
                <accronymEN>ICS</accronymEN>
                <ns0:affiliation type="affiliation">
                    <id>WEITI-aca13175-86da-4e95-bb44-9e831ef22360</id>
                    <recordStatus>completed</recordStatus>
                    <namePL>Wydział Elektroniki i Technik Informacyjnych</namePL>
                    <nameEN>Faculty of Electronics and Information Technology</nameEN>
                    <accronymPL>WEiTI</accronymPL>
                    <accronymEN>FEIT</accronymEN>
                    <ns0:affiliation type="affiliation">
                        <id>WEITI-35347b89-6944-4413-83c0-85acc4b2e2d4</id>
                        <recordStatus>completed</recordStatus>
                        <namePL>Politechnika Warszawska</namePL>
                        <nameEN>Warsaw University of Technology</nameEN>
                        <accronymPL>PW</accronymPL>
                        <accronymEN>WUT</accronymEN>
                        <ns0:affiliationprofile type="affiliationprofile">
                            <certifyingUnit>false</certifyingUnit>
                        </ns0:affiliationprofile>
                        <notActive>false</notActive>
                        <dontPropagateInactivity>false</dontPropagateInactivity>
                    </ns0:affiliation>
                    <ns0:affiliationprofile type="affiliationprofile">
                        <certifyingUnit>false</certifyingUnit>
                    </ns0:affiliationprofile>
                    <notActive>false</notActive>
                    <dontPropagateInactivity>false</dontPropagateInactivity>
                </ns0:affiliation>
                <ns0:affiliationprofile type="affiliationprofile">
                    <extid type="termfield">
                        <id>WUT551d3a27cd20421480f2a2970c5410f7</id>
                        <owner>admin</owner>
                        <affiliationowner>IN</affiliationowner>
                        <idtype type="term">
                            <id>WUT8fc7b8bc039f4fcdb8b6d3443c0248a5</id>
                            <owner>wstruk</owner>
                            <affiliationowner>PW</affiliationowner>
                            <ns0:termtype type="termtype">
<id>WUT8a858a07b1934a2ea26771a719ec755d</id>
<owner>wstruk</owner>
<affiliationowner>PW</affiliationowner>
<code>unit_id</code>
<name>Identyfikator jednostki</name>
<nonRepeatableByDefault>false</nonRepeatableByDefault>
                            </ns0:termtype>
                            <systemName>SAP</systemName>
                            <namePL>SAP</namePL>
                            <priority>U110</priority>
                            <notActive>false</notActive>
                        </idtype>
                        <value>103200</value>
                    </extid>
                    <certifyingUnit>false</certifyingUnit>
                </ns0:affiliationprofile>
                <notActive>false</notActive>
                <dontPropagateInactivity>false</dontPropagateInactivity>
            </ns0:affiliation>
            <unit>ZMC</unit>
            <otherAffiliation type="affiliation">
                <id>WUT6ebfabedb0d141cab8535b3fa07de68d</id>
                <recordStatus>completed</recordStatus>
                <namePL>Szkoła Doktorska PW</namePL>
                <nameEN>Doctoral School</nameEN>
                <accronymPL>SD</accronymPL>
                <accronymEN>DS</accronymEN>
                <ns0:affiliation type="affiliation">
                    <id>WEITI-35347b89-6944-4413-83c0-85acc4b2e2d4</id>
                    <recordStatus>completed</recordStatus>
                    <namePL>Politechnika Warszawska</namePL>
                    <nameEN>Warsaw University of Technology</nameEN>
                    <accronymPL>PW</accronymPL>
                    <accronymEN>WUT</accronymEN>
                    <ns0:affiliationprofile type="affiliationprofile">
                        <certifyingUnit>false</certifyingUnit>
                    </ns0:affiliationprofile>
                    <notActive>false</notActive>
                    <dontPropagateInactivity>false</dontPropagateInactivity>
                </ns0:affiliation>
                <ns0:affiliationprofile type="affiliationprofile">
                    <certifyingUnit>false</certifyingUnit>
                </ns0:affiliationprofile>
                <priority>XC</priority>
                <notActive>false</notActive>
                <dontPropagateInactivity>false</dontPropagateInactivity>
                <ns0:field type="field">
                    <id>WUT9ce3e513d8ce49b49ecf939dfc6293d6</id>
                    <owner>bg_DS</owner>
                    <affiliationowner>PW</affiliationowner>
                    <key>merged_entity_id</key>
                    <value>WUTae2471c3cd754d06bd9b16564f10f45b</value>
                </ns0:field>
                <ns0:field type="field">
                    <id>WUT11a24f8f618f4498b2b4eb49d1e95a2d</id>
                    <owner>bg_DS</owner>
                    <affiliationowner>PW</affiliationowner>
                    <key>merged_entity_id</key>
                    <value>WUTc49cc91498f04c5c9bd4b957ce703e26</value>
                </ns0:field>
                <ns0:field type="field">
                    <id>WUT0f5ebe0efb8242e3b40ede0465bf297d</id>
                    <owner>bg_DS</owner>
                    <affiliationowner>PW</affiliationowner>
                    <key>merged_entity_id</key>
                    <value>WUT79d5e32f24f6498a8a4595fbc16b41bd</value>
                </ns0:field>
                <ns0:field type="field">
                    <id>WUT9269563e04ad487997d2af40043767ab</id>
                    <owner>bg_DS</owner>
                    <affiliationowner>PW</affiliationowner>
                    <key>merged_entity_id</key>
                    <value>WUT5d564c72c4be47f5867c23d6bba2e128</value>
                </ns0:field>
                <ns0:field type="field">
                    <id>WUTa5d22456d4914a5db07f67bd3f5c64af</id>
                    <owner>bg_DS</owner>
                    <affiliationowner>PW</affiliationowner>
                    <key>merged_entity_id</key>
                    <value>WUTf8e297d6f26342ee8ae2418892611044</value>
                </ns0:field>
            </otherAffiliation>
            <externalAffiliationButEvaluation>false</externalAffiliationButEvaluation>
            <mainDiscipline type="discipline">
                <id>WUTbd68a51b42d7425b8d775456106997ac</id>
                <owner>wstruk</owner>
                <affiliationowner>PW</affiliationowner>
                <disciplineType>AREA</disciplineType>
                <namePL>obszar nauk technicznych</namePL>
                <nameEN>technological sciences</nameEN>
            </mainDiscipline>
            <activityDiscipline type="authordiscipline">
                <id>WUT4b30b0cb35084ac7827a6442de9d8228</id>
                <owner>1037250</owner>
                <affiliationowner>SD</affiliationowner>
                <discipline type="term">
                    <id>WUTfef424a0094d4fc3865bb3aabd414c88</id>
                    <owner>wstruk</owner>
                    <affiliationowner>PW</affiliationowner>
                    <ns0:termtype type="termtype">
                        <id>WUTa3c22b79ece54e0e99025251051d9b0d</id>
                        <owner>wstruk</owner>
                        <affiliationowner>PW</affiliationowner>
                        <code>oecdx</code>
                        <name>OECD extended</name>
                        <nonRepeatableByDefault>false</nonRepeatableByDefault>
                    </ns0:termtype>
                    <systemName>2.3</systemName>
                    <namePL>informatyka techniczna i telekomunikacja</namePL>
                    <nameEN>information and communication technology</nameEN>
                    <accronymPL>ITT</accronymPL>
                    <accronymEN>ICT</accronymEN>
                    <ns0:term type="term">
                        <id>WUTd7b77e1b91d44c64a57c032ede7bf851</id>
                        <owner>wstruk</owner>
                        <affiliationowner>PW</affiliationowner>
                        <ns0:termtype type="termtype">
                            <id>WUTa3c22b79ece54e0e99025251051d9b0d</id>
                            <owner>wstruk</owner>
                            <affiliationowner>PW</affiliationowner>
                            <code>oecdx</code>
                            <name>OECD extended</name>
                            <nonRepeatableByDefault>false</nonRepeatableByDefault>
                        </ns0:termtype>
                        <systemName>2</systemName>
                        <namePL>Dziedzina nauk inżynieryjno-technicznych</namePL>
                        <nameEN>Engineering and technology</nameEN>
                        <accronymPL>DNINZ</accronymPL>
                        <accronymEN>2</accronymEN>
                        <priority>02.00</priority>
                        <xid type="field">
                            <id>WUT217a0da3ad554648828696317acb6cee</id>
                            <owner>wstruk</owner>
                            <affiliationowner>PW</affiliationowner>
                            <key>polon_id</key>
                            <value>DZ0102N</value>
                        </xid>
                        <notActive>false</notActive>
                    </ns0:term>
                    <priority>02.03</priority>
                    <xid type="field">
                        <id>WUT9eb30fd170fd45918a1d046b9f7302cd</id>
                        <owner>PbnIntegrator</owner>
                        <affiliationowner>PW</affiliationowner>
                        <key>pbn_idArea</key>
                        <value>203</value>
                    </xid>
                    <xid type="field">
                        <id>WUT7f1a57adbae649e4ba0510c019498bec</id>
                        <owner>wstruk</owner>
                        <affiliationowner>PW</affiliationowner>
                        <key>polon_id</key>
                        <value>DS010203N</value>
                    </xid>
                    <notActive>false</notActive>
                </discipline>
                <activityPercentage>100</activityPercentage>
                <belonging2N>false</belonging2N>
                <year xsi:nil="true" />
            </activityDiscipline>
            <disciplinesApprovedByAuthor>true</disciplinesApprovedByAuthor>
            <termsAndConditionsResponse type="termsandconditionsresponse">
                <id>WUT67c793d3d0924ca7940dcef942b7633e</id>
                <owner>1037250</owner>
                <affiliationowner>SD</affiliationowner>
                <terms type="termsandconditions">
                    <id>WUTbbe67bcd3d5345e9a67191920d2798ce</id>
                    <type type="term">
                        <id>WUT466d2b892ea24bbf86e384301252917d</id>
                        <owner>system</owner>
                        <affiliationowner>PW</affiliationowner>
                        <ns0:termtype type="termtype">
                            <id>WUT0f33bc946b8446c7b57f23f08e9ee196</id>
                            <owner>system</owner>
                            <affiliationowner>PW</affiliationowner>
                            <code>termsandconditions_type</code>
                            <name>Terms and Conditions type</name>
                            <nonRepeatableByDefault>false</nonRepeatableByDefault>
                        </ns0:termtype>
                        <systemName>termsandconditions_discipline_selection_statement</systemName>
                        <namePL>
            Oświadczenie autora o dyscyplinie naukowej w publikacji
        </namePL>
                        <nameEN>Publication discipline author's statement</nameEN>
                        <notActive>false</notActive>
                    </type>
                    <namePL>Oświadczenie autora o dyscyplinie naukowej w publikacji</namePL>
                    <nameEN>The declaration of the author about scientific discipline of the publication</nameEN>
                    <versionNumber>1</versionNumber>
                    <required>true</required>
                    <enableAdditionalTextInResponse>false</enableAdditionalTextInResponse>
                    <status>published</status>
                </terms>
                <user>1037250</user>
                <response>accepted</response>
                <responseDate>2025-01-13T10:13:57+0100</responseDate>
            </termsAndConditionsResponse>
            <staffGroup type="term">
                <id>WUT84d70d10557e430b835135b1599d91c5</id>
                <owner>system</owner>
                <affiliationowner>SD</affiliationowner>
                <ns0:termtype type="termtype">
                    <id>WUT3817e163aedd49d0b8011432010847aa</id>
                    <owner>system</owner>
                    <affiliationowner>SD</affiliationowner>
                    <code>staffGroup</code>
                    <name>Grupa zatrudnienia</name>
                    <nonRepeatableByDefault>false</nonRepeatableByDefault>
                </ns0:termtype>
                <systemName>doctoral_school_students</systemName>
                <namePL>doktoranci szkół doktorskich</namePL>
                <nameEN>Doctoral school students</nameEN>
                <ns0:term type="term">
                    <id>WUT20fd182192b94fba9b12752b761b279d</id>
                    <owner>system</owner>
                    <affiliationowner>SD</affiliationowner>
                    <ns0:termtype type="termtype">
                        <id>WUT3817e163aedd49d0b8011432010847aa</id>
                        <owner>system</owner>
                        <affiliationowner>SD</affiliationowner>
                        <code>staffGroup</code>
                        <name>Grupa zatrudnienia</name>
                        <nonRepeatableByDefault>false</nonRepeatableByDefault>
                    </ns0:termtype>
                    <systemName>nonStaff</systemName>
                    <namePL>Osoby niebędące pracownikami</namePL>
                    <nameEN>Non emploee persons</nameEN>
                    <priority>G03</priority>
                    <notActive>false</notActive>
                </ns0:term>
                <priority>D1</priority>
                <notActive>false</notActive>
            </staffGroup>
            <contribution xsi:nil="true" />
            <ns0:authorprofile type="authorprofile">
                <extid type="termfield">
                    <id>WUT8ad4333d2d494bc5b8cbedaceef323a2</id>
                    <owner>estyczek</owner>
                    <affiliationowner>WEiTI</affiliationowner>
                    <idtype type="term">
                        <id>WUT2d8d65028792443891668f54f30f6f71</id>
                        <owner>wstruk</owner>
                        <affiliationowner>PW</affiliationowner>
                        <ns0:termtype type="termtype">
                            <id>WUT6deee7292297435fb414dcd87dd84f0d</id>
                            <owner>wstruk</owner>
                            <affiliationowner>PW</affiliationowner>
                            <code>external_id</code>
                            <name>Identyfikator w systemie zewnętrznym</name>
                            <nonRepeatableByDefault>false</nonRepeatableByDefault>
                        </ns0:termtype>
                        <systemName>USOSid</systemName>
                        <namePL>Identyfikator USOS</namePL>
                        <nameEN>USOS Identifier</nameEN>
                        <notActive>false</notActive>
                    </idtype>
                    <value>1037250</value>
                </extid>
                <extid type="termfield">
                    <id>WUTda6de03f89f5474bad52a99123421b18</id>
                    <owner>estyczek</owner>
                    <affiliationowner>WEiTI</affiliationowner>
                    <idtype type="term">
                        <id>WUT0fd794746a704f42a40229c86b4a8543</id>
                        <owner>wstruk</owner>
                        <affiliationowner>PW</affiliationowner>
                        <ns0:termtype type="termtype">
                            <id>WUT73721172d9e7483ba46a61d697ffa3b3</id>
                            <owner>wstruk</owner>
                            <affiliationowner>BOI</affiliationowner>
                            <code>person_id</code>
                            <name>Identyfikator osoby</name>
                            <nonRepeatableByDefault>false</nonRepeatableByDefault>
                        </ns0:termtype>
                        <systemName>ORCID</systemName>
                        <namePL>Identyfikator osobowy ORCID</namePL>
                        <nameEN>ORCID</nameEN>
                        <accronymEN>ORCID</accronymEN>
                        <priority>U130</priority>
                        <notActive>false</notActive>
                    </idtype>
                    <value>0000-0003-4689-6343</value>
                </extid>
                <extid type="termfield">
                    <id>WUT1dbd5f72227c46a0990f0f575957fc1d</id>
                    <owner>estyczek</owner>
                    <affiliationowner>WEiTI</affiliationowner>
                    <idtype type="term">
                        <id>WUT1a02b6c6e47c457d9a7f061d865684a8</id>
                        <owner>system</owner>
                        <affiliationowner>PW</affiliationowner>
                        <ns0:termtype type="termtype">
                            <id>WUT6deee7292297435fb414dcd87dd84f0d</id>
                            <owner>wstruk</owner>
                            <affiliationowner>PW</affiliationowner>
                            <code>external_id</code>
                            <name>Identyfikator w systemie zewnętrznym</name>
                            <nonRepeatableByDefault>false</nonRepeatableByDefault>
                        </ns0:termtype>
                        <systemName>POLon_Uuid</systemName>
                        <namePL>Identyfikator polonUuid</namePL>
                        <nameEN>Identifier polonUuid</nameEN>
                        <priority>EI1155</priority>
                        <notActive>false</notActive>
                    </idtype>
                    <value>d01a47fd-697c-4faf-a93f-60f9fb5b7b85</value>
                </extid>
                <extid type="termfield">
                    <id>WUT3c62c80a02964d89be8a0ac7f77eb16a</id>
                    <owner>estyczek</owner>
                    <affiliationowner>WEiTI</affiliationowner>
                    <idtype type="term">
                        <id>WUTc2c4a016deee45da819a84c6dd1e3a92</id>
                        <owner>system</owner>
                        <affiliationowner>SD4</affiliationowner>
                        <ns0:termtype type="termtype">
                            <id>WUT6deee7292297435fb414dcd87dd84f0d</id>
                            <owner>wstruk</owner>
                            <affiliationowner>PW</affiliationowner>
                            <code>external_id</code>
                            <name>Identyfikator w systemie zewnętrznym</name>
                            <nonRepeatableByDefault>false</nonRepeatableByDefault>
                        </ns0:termtype>
                        <systemName>POLon_Uuid_phd</systemName>
                        <namePL>Identyfikator polonUuid doktoranta</namePL>
                        <nameEN>Identifier polonUuid PhD</nameEN>
                        <priority>EI11551</priority>
                        <notActive>false</notActive>
                    </idtype>
                    <value>2ff634d4-704f-491f-93e0-77a19cf1f06b</value>
                </extid>
                <hindex>1</hindex>
                <rankingScore>0.0</rankingScore>
                <noEvaluation>false</noEvaluation>
                <supervisionOffer type="supervisionoffer">
                    <active>false</active>
                </supervisionOffer>
            </ns0:authorprofile>
            <profilepreferences type="authorprofilepreferences" />
            <ns0:authormirprofile type="authormirprofile" />
        </ns0:author>
        <ns0:author type="author">
            <id>WUT54966d70daad4d94a0c44f15922c9440</id>
            <recordStatus>completed</recordStatus>
            <active>false</active>
            <status>ZEWNETRZNY</status>
            <belonging2N>false</belonging2N>
            <name>Maciej</name>
            <surname>Ziaja</surname>
            <externalAffiliationButEvaluation>false</externalAffiliationButEvaluation>
            <disciplinesApprovedByAuthor>false</disciplinesApprovedByAuthor>
            <contribution xsi:nil="true" />
            <ns0:authorprofile type="authorprofile">
                <extid type="termfield">
                    <id>WUT68bad7b5710c424d94c35226b8b2ec49</id>
                    <owner>1037250</owner>
                    <affiliationowner>SD</affiliationowner>
                    <idtype type="term">
                        <id>WUT0fd794746a704f42a40229c86b4a8543</id>
                        <owner>wstruk</owner>
                        <affiliationowner>PW</affiliationowner>
                        <ns0:termtype type="termtype">
                            <id>WUT73721172d9e7483ba46a61d697ffa3b3</id>
                            <owner>wstruk</owner>
                            <affiliationowner>BOI</affiliationowner>
                            <code>person_id</code>
                            <name>Identyfikator osoby</name>
                            <nonRepeatableByDefault>false</nonRepeatableByDefault>
                        </ns0:termtype>
                        <systemName>ORCID</systemName>
                        <namePL>Identyfikator osobowy ORCID</namePL>
                        <nameEN>ORCID</nameEN>
                        <accronymEN>ORCID</accronymEN>
                        <priority>U130</priority>
                        <notActive>false</notActive>
                    </idtype>
                    <value>0009-0009-8285-5881</value>
                </extid>
                <hindex>0</hindex>
                <rankingScore>0.0</rankingScore>
                <noEvaluation>false</noEvaluation>
                <supervisionOffer type="supervisionoffer">
                    <active>false</active>
                </supervisionOffer>
            </ns0:authorprofile>
            <profilepreferences type="authorprofilepreferences" />
            <ns0:authormirprofile type="authormirprofile" />
        </ns0:author>
        <ns0:author type="author">
            <id>WUT13abc213ba254a5493b33e00770cef19</id>
            <recordStatus>completed</recordStatus>
            <active>false</active>
            <status>ZEWNETRZNY</status>
            <belonging2N>false</belonging2N>
            <name>Daniel</name>
            <surname>Kostrzewa</surname>
            <externalAffiliationButEvaluation>false</externalAffiliationButEvaluation>
            <disciplinesApprovedByAuthor>false</disciplinesApprovedByAuthor>
            <contribution xsi:nil="true" />
            <ns0:authorprofile type="authorprofile">
                <hindex>0</hindex>
                <rankingScore>0.0</rankingScore>
                <noEvaluation>false</noEvaluation>
                <supervisionOffer type="supervisionoffer">
                    <active>false</active>
                </supervisionOffer>
            </ns0:authorprofile>
            <profilepreferences type="authorprofilepreferences" />
            <ns0:authormirprofile type="authormirprofile" />
        </ns0:author>
        <ns0:author type="author">
            <id>WUTaef2a7b8db0644208d1790cf4e8bc13b</id>
            <recordStatus>completed</recordStatus>
            <active>false</active>
            <status>ZEWNETRZNY</status>
            <belonging2N>false</belonging2N>
            <name>Michal</name>
            <surname>Kawulok</surname>
            <externalAffiliationButEvaluation>false</externalAffiliationButEvaluation>
            <disciplinesApprovedByAuthor>false</disciplinesApprovedByAuthor>
            <contribution xsi:nil="true" />
            <ns0:authorprofile type="authorprofile">
                <extid type="termfield">
                    <id>WUTbb6aed3e912a49578b71b8a655a68ff9</id>
                    <owner>1037250</owner>
                    <affiliationowner>SD</affiliationowner>
                    <idtype type="term">
                        <id>WUT0fd794746a704f42a40229c86b4a8543</id>
                        <owner>wstruk</owner>
                        <affiliationowner>PW</affiliationowner>
                        <ns0:termtype type="termtype">
                            <id>WUT73721172d9e7483ba46a61d697ffa3b3</id>
                            <owner>wstruk</owner>
                            <affiliationowner>BOI</affiliationowner>
                            <code>person_id</code>
                            <name>Identyfikator osoby</name>
                            <nonRepeatableByDefault>false</nonRepeatableByDefault>
                        </ns0:termtype>
                        <systemName>ORCID</systemName>
                        <namePL>Identyfikator osobowy ORCID</namePL>
                        <nameEN>ORCID</nameEN>
                        <accronymEN>ORCID</accronymEN>
                        <priority>U130</priority>
                        <notActive>false</notActive>
                    </idtype>
                    <value>0000-0002-3669-5110</value>
                </extid>
                <hindex>0</hindex>
                <rankingScore>0.0</rankingScore>
                <noEvaluation>false</noEvaluation>
                <supervisionOffer type="supervisionoffer">
                    <active>false</active>
                </supervisionOffer>
            </ns0:authorprofile>
            <profilepreferences type="authorprofilepreferences" />
            <ns0:authormirprofile type="authormirprofile" />
        </ns0:author>
        <totalAuthorsNo>4</totalAuthorsNo>
        <title>Introduction to Super-Resolution for Remotely Sensed Hyperspectral Images</title>
        <ns0:language type="language">
            <id>WEITI-bc90626b-ed19-490f-b9c3-daf0bffd1760</id>
            <owner>admin</owner>
            <affiliationowner>IN</affiliationowner>
            <code>en</code>
            <iso2>eng</iso2>
            <namePL>angielski</namePL>
            <nameEN>English</nameEN>
            <ns0:field type="field">
                <id>WUT7011e8e4e6f74b38a2ca632b6de071e5</id>
                <owner>PbnIntegrator</owner>
                <affiliationowner>IN</affiliationowner>
                <key>pbn_639-2</key>
                <value>eng</value>
            </ns0:field>
            <ns0:field type="field">
                <id>WUT73e8cec6538944e383d6282838e2f964</id>
                <owner>PbnIntegrator</owner>
                <affiliationowner>IN</affiliationowner>
                <key>pbn_639-1</key>
                <value>en</value>
            </ns0:field>
            <ns0:field type="field">
                <id>WUT65f08cfa99d14cd9bf5f0d65185ce27d</id>
                <owner>PbnIntegrator</owner>
                <affiliationowner>IN</affiliationowner>
                <key>pbn_pl</key>
                <value>angielski</value>
            </ns0:field>
            <ns0:field type="field">
                <id>WUT108a680882134cf18b2f743d829026b5</id>
                <owner>PbnIntegrator</owner>
                <affiliationowner>IN</affiliationowner>
                <key>pbn_en</key>
                <value>English</value>
            </ns0:field>
            <ns0:field type="field">
                <id>WUT8cbc478cf51c4345a7a1d27ef40339c7</id>
                <owner>PbnIntegrator</owner>
                <affiliationowner>IN</affiliationowner>
                <key>pbn_de</key>
                <value>Englisch</value>
            </ns0:field>
            <ns0:field type="field">
                <id>WUT7cba2fb293374920b434cde356f0ec3a</id>
                <owner>PbnIntegrator</owner>
                <affiliationowner>IN</affiliationowner>
                <key>pbn_fr</key>
                <value>anglais</value>
            </ns0:field>
        </ns0:language>
        <doi>10.1007/978-3-031-68106-6_1</doi>
        <url>https://link.springer.com/chapter/10.1007/978-3-031-68106-6_1</url>
        <collation>1-26</collation>
        <abstractEN>Super-resolution stands as one of the most prominent research areas in computer vision, aiming to augment the resolution of digital images. The majority of current state-of-the-art techniques rely on deep neural networks. While many of these are tailored for grayscale or natural color images, only a fraction are specifically designed for hyperspectral images, such as those captured by satellites. This chapter provides an overview of super-resolution methods designed for satellite hyperspectral imagery. Initially, the chapter outlines super-resolution for natural color images along with the most popular approaches, loss functions, hyperspectral datasets, and evaluation methods. Subsequently, the focus shifts to techniques specifically devised for hyperspectral imagery. These encompass single-image super-resolution, hyperspectral and multispectral image fusion, pansharpening, and multi-image super-resolution.</abstractEN>
        <classified xsi:nil="true" />
        <fees type="publicationfees">
            <id>WUTdd81a8789e6a4b8e96785b37bf27be66</id>
            <owner>1037250</owner>
            <affiliationowner>SD</affiliationowner>
            <costFreePublication>false</costFreePublication>
            <researchPotentialFinancialResources>false</researchPotentialFinancialResources>
            <researchOrDevelopmentProjectsFinancialResources>false</researchOrDevelopmentProjectsFinancialResources>
            <other>false</other>
        </fees>
        <pbnIntegration type="integrationinfo">
            <id>WUTc1c16350eb154f68ba1d0c31cea8e617</id>
            <lastTransferDate>2025-02-05T12:49:18+0100</lastTransferDate>
            <lastTransferStatus>success</lastTransferStatus>
            <transfer type="transferresult">
                <id>WUT4ac955e2aed3487091df9d3c1cb51353</id>
                <objectId>67a3503efdbe83448fb702d0</objectId>
                <versionId>22f85ecc-f0cb-4618-9805-a01a79921daf</versionId>
                <date>2025-02-05T12:49:18+0100</date>
                <returnCode>200</returnCode>
                <ns0:field type="field">
                    <id>WUT3359ccaa31c4472e8a33f3f459c5fc75</id>
                    <owner>1037250</owner>
                    <affiliationowner>SD</affiliationowner>
                    <key>statements</key>
                    <value>[{"disciplineId":203,"orcid":true,"personOrcidId":"0000-0003-4689-6343","statementDate":"2025-01-13","type":"AUTHOR"}]</value>
                </ns0:field>
            </transfer>
        </pbnIntegration>
        <ns0:field type="field">
            <id>WUT05c42baa0ed1460686fa5a97b0af6d98</id>
            <owner>1037250</owner>
            <affiliationowner>SD</affiliationowner>
            <key>importId</key>
            <value>1728977445183</value>
        </ns0:field>
        <ns0:field type="field">
            <id>WUT7a979326c2d64cfeb7658420bad40754</id>
            <owner>1037250</owner>
            <affiliationowner>SD</affiliationowner>
            <key>import_type</key>
            <value>self_import</value>
        </ns0:field>
    </ns0:article>
    