<ns0:article xmlns:ns0="http://ii.pw.edu.pl/lib" xmlns:xsi="http://www.w3.org/2001/XMLSchema-instance" type="article">
        <metaData>
            <lastModifiedBy>mwasiluk</lastModifiedBy>
            <lastModified>2025-09-09T23:24:49.014+02:00</lastModified>
            <created>2024-10-22T12:59:22.780+02:00</created>
        </metaData>
        <meta_datestamp>1757453089014</meta_datestamp>
        <ns0:book type="book">
            <id>WUTb091d1715ad345e2afb910234d51d479</id>
            <recordStatus>completed</recordStatus>
            <noEvaluation>false</noEvaluation>
            <meetsPlanSRequirements>false</meetsPlanSRequirements>
            <score>5</score>
            <scoreDate>2024-10-22T12:49:13+0200</scoreDate>
            <scoreReason>MonograhOrBookMainLanguagesEditor</scoreReason>
            <rulesetName>All_years_with_U20-scoring-v2y_for_v220(20240930), Scopus SNIP (with ASJC) v2, ScopusCiteScore, IFWoS</rulesetName>
            <legalBasis>Rozporządzenie MNiSW z dnia 22 lutego 2019 r. (§ 12 ust. 3 pkt 1, 2, 3)</legalBasis>
            <scoreSource>publisherList</scoreSource>
            <bookType>MONOGRAFIA</bookType>
            <authorsRole>editor</authorsRole>
            <ns0:author type="author">
                <id>WUT8a68fbd0a900431ebe7fe7b650f96106</id>
                <recordStatus>completed</recordStatus>
                <active>false</active>
                <status>ZEWNETRZNY</status>
                <belonging2N>false</belonging2N>
                <name>Vicenc</name>
                <surname>Torra</surname>
                <externalAffiliationButEvaluation>false</externalAffiliationButEvaluation>
                <disciplinesApprovedByAuthor>false</disciplinesApprovedByAuthor>
                <contribution xsi:nil="true" />
                <ns0:authorprofile type="authorprofile">
                    <hindex>0</hindex>
                    <rankingScore>0.0</rankingScore>
                    <noEvaluation>false</noEvaluation>
                    <supervisionOffer type="supervisionoffer">
                        <active>false</active>
                    </supervisionOffer>
                </ns0:authorprofile>
                <profilepreferences type="authorprofilepreferences" />
                <ns0:authormirprofile type="authormirprofile" />
            </ns0:author>
            <ns0:author type="author">
                <id>WUTb20ecdfd8fc143c49eb0f95648650345</id>
                <recordStatus>completed</recordStatus>
                <active>false</active>
                <status>ZEWNETRZNY</status>
                <belonging2N>false</belonging2N>
                <name>Yasuo</name>
                <surname>Narukawa</surname>
                <externalAffiliationButEvaluation>false</externalAffiliationButEvaluation>
                <disciplinesApprovedByAuthor>false</disciplinesApprovedByAuthor>
                <contribution xsi:nil="true" />
                <ns0:authorprofile type="authorprofile">
                    <hindex>0</hindex>
                    <rankingScore>0.0</rankingScore>
                    <noEvaluation>false</noEvaluation>
                    <supervisionOffer type="supervisionoffer">
                        <active>false</active>
                    </supervisionOffer>
                </ns0:authorprofile>
                <profilepreferences type="authorprofilepreferences" />
                <ns0:authormirprofile type="authormirprofile" />
            </ns0:author>
            <ns0:author type="author">
                <id>WUTa4999f0a8d9a48269c1d2571db4d766a</id>
                <recordStatus>completed</recordStatus>
                <active>false</active>
                <status>ZEWNETRZNY</status>
                <belonging2N>false</belonging2N>
                <name>Hiroaki</name>
                <surname>Kikuchi</surname>
                <externalAffiliationButEvaluation>false</externalAffiliationButEvaluation>
                <disciplinesApprovedByAuthor>false</disciplinesApprovedByAuthor>
                <contribution xsi:nil="true" />
                <ns0:authorprofile type="authorprofile">
                    <hindex>0</hindex>
                    <rankingScore>0.0</rankingScore>
                    <noEvaluation>false</noEvaluation>
                    <supervisionOffer type="supervisionoffer">
                        <active>false</active>
                    </supervisionOffer>
                </ns0:authorprofile>
                <profilepreferences type="authorprofilepreferences" />
                <ns0:authormirprofile type="authormirprofile" />
            </ns0:author>
            <totalAuthorsNo>3</totalAuthorsNo>
            <totalChapterAuthorsNo xsi:nil="true" />
            <title>Proceedings The 21th International Conference on Modeling Decisions for Artificial Intelligence MDAI 2024, Tokyo</title>
            <ns0:language type="language">
                <id>WEITI-bc90626b-ed19-490f-b9c3-daf0bffd1760</id>
                <owner>admin</owner>
                <affiliationowner>IN</affiliationowner>
                <code>en</code>
                <iso2>eng</iso2>
                <namePL>angielski</namePL>
                <nameEN>English</nameEN>
                <ns0:field type="field">
                    <id>WUT7011e8e4e6f74b38a2ca632b6de071e5</id>
                    <owner>PbnIntegrator</owner>
                    <affiliationowner>IN</affiliationowner>
                    <key>pbn_639-2</key>
                    <value>eng</value>
                </ns0:field>
                <ns0:field type="field">
                    <id>WUT73e8cec6538944e383d6282838e2f964</id>
                    <owner>PbnIntegrator</owner>
                    <affiliationowner>IN</affiliationowner>
                    <key>pbn_639-1</key>
                    <value>en</value>
                </ns0:field>
                <ns0:field type="field">
                    <id>WUT65f08cfa99d14cd9bf5f0d65185ce27d</id>
                    <owner>PbnIntegrator</owner>
                    <affiliationowner>IN</affiliationowner>
                    <key>pbn_pl</key>
                    <value>angielski</value>
                </ns0:field>
                <ns0:field type="field">
                    <id>WUT108a680882134cf18b2f743d829026b5</id>
                    <owner>PbnIntegrator</owner>
                    <affiliationowner>IN</affiliationowner>
                    <key>pbn_en</key>
                    <value>English</value>
                </ns0:field>
                <ns0:field type="field">
                    <id>WUT8cbc478cf51c4345a7a1d27ef40339c7</id>
                    <owner>PbnIntegrator</owner>
                    <affiliationowner>IN</affiliationowner>
                    <key>pbn_de</key>
                    <value>Englisch</value>
                </ns0:field>
                <ns0:field type="field">
                    <id>WUT7cba2fb293374920b434cde356f0ec3a</id>
                    <owner>PbnIntegrator</owner>
                    <affiliationowner>IN</affiliationowner>
                    <key>pbn_fr</key>
                    <value>anglais</value>
                </ns0:field>
            </ns0:language>
            <issueDate>2024</issueDate>
            <evaluationYear xsi:nil="true" />
            <isbn>978-91-531-0238-0</isbn>
            <url>http://www.mdai.cat/mdai2024/proc.MDAI.2024.usb.isbn.pdf</url>
            <ns0:conference type="conference">
                <id>WUTbd0933ff42cf4eabb08a9df54cab16d4</id>
                <recordStatus>completed</recordStatus>
                <shortName>MDAI 2024</shortName>
                <fullName>21st International Conference on Modeling Decisions for Artificial Intelligence</fullName>
                <date>2024</date>
                <startDate>2024-08-27</startDate>
                <endDate>2024-08-31</endDate>
                <location>Tokyo</location>
                <online>false</online>
                <country type="validationtable">
                    <id>WUT382240</id>
                    <owner>wstruk</owner>
                    <affiliationowner>PW</affiliationowner>
                    <validationType>COUNTRY</validationType>
                    <namePL>Japonia</namePL>
                    <nameEN>Japan</nameEN>
                    <validationtable type="validationtable">
                        <id>WUT35bb1cba0c1740afa065a42d4164e9a1</id>
                        <owner>wstruk</owner>
                        <affiliationowner>PW</affiliationowner>
                        <validationType>ORGANIZATION</validationType>
                        <namePL>Organizacja Współpracy Gospodarczej i Rozwoju</namePL>
                        <nameEN>Organisation for Economic Co-operation and Development</nameEN>
                        <nameOTH>OECD</nameOTH>
                        <ns0:validationprofile type="validationprofile">
                            <intNumber>0</intNumber>
                        </ns0:validationprofile>
                    </validationtable>
                    <ns0:validationprofile type="validationprofile">
                        <intNumber>0</intNumber>
                    </ns0:validationprofile>
                </country>
                <url>https://link.springer.com/conference/mdai</url>
                <profileverificationresult>undefined</profileverificationresult>
                <ns0:conferenceprofile type="conferenceprofile" />
                <ns0:conferencewikiprofile type="conferencewikiprofile" />
                <ns0:conferenceseries type="conferenceseries">
                    <id>WUTee2a771ba183403384f9f41ef324919a</id>
                    <recordStatus>completed</recordStatus>
                    <shortName>MDAI</shortName>
                    <fullName>International Conference on Modelling Decisions for Artificial Intelligence</fullName>
                    <extid type="termfield">
                        <id>WUTd909b27121be45299f2606111d2f3d8c</id>
                        <owner>PbnIntegrator</owner>
                        <affiliationowner>PW</affiliationowner>
                        <idtype type="term">
                            <id>WUTfbafd2ec77464f57b240bdbc14318de0</id>
                            <owner>system</owner>
                            <affiliationowner>PW</affiliationowner>
                            <ns0:termtype type="termtype">
<id>WUT6deee7292297435fb414dcd87dd84f0d</id>
<owner>system</owner>
<affiliationowner>PW</affiliationowner>
<code>external_id</code>
<name>Identyfikator w systemie zewnętrznym</name>
<nonRepeatableByDefault>false</nonRepeatableByDefault>
                            </ns0:termtype>
                            <systemName>PBN_mongoId</systemName>
                            <namePL>Identyfikator PBN MongoId</namePL>
                            <nameEN>PSB Identifier MongoId</nameEN>
                            <priority>EI1153</priority>
                            <notActive>false</notActive>
                        </idtype>
                        <value>5cac621c878c287715741970</value>
                    </extid>
                    <discipline20 type="term">
                        <id>WUTfef424a0094d4fc3865bb3aabd414c88</id>
                        <owner>wstruk</owner>
                        <affiliationowner>PW</affiliationowner>
                        <ns0:termtype type="termtype">
                            <id>WUTa3c22b79ece54e0e99025251051d9b0d</id>
                            <owner>wstruk</owner>
                            <affiliationowner>PW</affiliationowner>
                            <code>oecdx</code>
                            <name>OECD extended</name>
                            <nonRepeatableByDefault>false</nonRepeatableByDefault>
                        </ns0:termtype>
                        <systemName>2.3</systemName>
                        <namePL>informatyka techniczna i telekomunikacja</namePL>
                        <nameEN>information and communication technology</nameEN>
                        <accronymPL>ITT</accronymPL>
                        <accronymEN>ICT</accronymEN>
                        <ns0:term type="term">
                            <id>WUTd7b77e1b91d44c64a57c032ede7bf851</id>
                            <owner>wstruk</owner>
                            <affiliationowner>PW</affiliationowner>
                            <ns0:termtype type="termtype">
<id>WUTa3c22b79ece54e0e99025251051d9b0d</id>
<owner>wstruk</owner>
<affiliationowner>PW</affiliationowner>
<code>oecdx</code>
<name>OECD extended</name>
<nonRepeatableByDefault>false</nonRepeatableByDefault>
                            </ns0:termtype>
                            <systemName>2</systemName>
                            <namePL>Dziedzina nauk inżynieryjno-technicznych</namePL>
                            <nameEN>Engineering and technology</nameEN>
                            <accronymPL>DNINZ</accronymPL>
                            <accronymEN>2</accronymEN>
                            <priority>02.00</priority>
                            <xid type="field">
<id>WUT217a0da3ad554648828696317acb6cee</id>
<owner>wstruk</owner>
<affiliationowner>PW</affiliationowner>
<key>polon_id</key>
<value>DZ0102N</value>
                            </xid>
                            <notActive>false</notActive>
                        </ns0:term>
                        <priority>02.03</priority>
                        <xid type="field">
                            <id>WUT9eb30fd170fd45918a1d046b9f7302cd</id>
                            <owner>PbnIntegrator</owner>
                            <affiliationowner>PW</affiliationowner>
                            <key>pbn_idArea</key>
                            <value>203</value>
                        </xid>
                        <xid type="field">
                            <id>WUT7f1a57adbae649e4ba0510c019498bec</id>
                            <owner>wstruk</owner>
                            <affiliationowner>PW</affiliationowner>
                            <key>polon_id</key>
                            <value>DS010203N</value>
                        </xid>
                        <notActive>false</notActive>
                    </discipline20>
                    <discipline20 type="term">
                        <id>WUT0b85a5f42f2d4f36856487fbfeb64e7b</id>
                        <owner>wstruk</owner>
                        <affiliationowner>PW</affiliationowner>
                        <ns0:termtype type="termtype">
                            <id>WUTa3c22b79ece54e0e99025251051d9b0d</id>
                            <owner>wstruk</owner>
                            <affiliationowner>PW</affiliationowner>
                            <code>oecdx</code>
                            <name>OECD extended</name>
                            <nonRepeatableByDefault>false</nonRepeatableByDefault>
                        </ns0:termtype>
                        <systemName>6.2</systemName>
                        <namePL>informatyka</namePL>
                        <nameEN>computer and information sciences</nameEN>
                        <accronymPL>INF</accronymPL>
                        <accronymEN>CIS</accronymEN>
                        <ns0:term type="term">
                            <id>WUT68f031e7f1394cfa9819ac284026dfd9</id>
                            <owner>wstruk</owner>
                            <affiliationowner>PW</affiliationowner>
                            <ns0:termtype type="termtype">
<id>WUTa3c22b79ece54e0e99025251051d9b0d</id>
<owner>wstruk</owner>
<affiliationowner>PW</affiliationowner>
<code>oecdx</code>
<name>OECD extended</name>
<nonRepeatableByDefault>false</nonRepeatableByDefault>
                            </ns0:termtype>
                            <systemName>6</systemName>
                            <namePL>Dziedzina nauk ścisłych i przyrodniczych</namePL>
                            <nameEN>Natural sciences</nameEN>
                            <accronymPL>DNSiP</accronymPL>
                            <accronymEN>NSc</accronymEN>
                            <priority>07.00</priority>
                            <xid type="field">
<id>WUTc33b1162d5d54bdcbf6727280b6e8de2</id>
<owner>wstruk</owner>
<affiliationowner>PW</affiliationowner>
<key>polon_id</key>
<value>DZ0106N</value>
                            </xid>
                            <notActive>false</notActive>
                        </ns0:term>
                        <priority>07.03</priority>
                        <xid type="field">
                            <id>WUT2e17a7c2fab94840b7683eb2c0a02273</id>
                            <owner>PbnIntegrator</owner>
                            <affiliationowner>PW</affiliationowner>
                            <key>pbn_idArea</key>
                            <value>602</value>
                        </xid>
                        <xid type="field">
                            <id>WUT6ca77b5081224cbd9522f7e233c5539a</id>
                            <owner>wstruk</owner>
                            <affiliationowner>PW</affiliationowner>
                            <key>polon_id</key>
                            <value>DS010601N</value>
                        </xid>
                        <notActive>false</notActive>
                    </discipline20>
                    <otherCategory type="term">
                        <id>WUTd4a1cf1d5fd4456e964673ab83fbde11</id>
                        <owner>wstruk</owner>
                        <affiliationowner>PW</affiliationowner>
                        <ns0:termtype type="termtype">
                            <id>WUT7c826e458faf43e584b23d56f0cb675e</id>
                            <owner>wstruk</owner>
                            <affiliationowner>PW</affiliationowner>
                            <code>conference_category</code>
                            <name>kategoria konferencji</name>
                            <nonRepeatableByDefault>false</nonRepeatableByDefault>
                        </ns0:termtype>
                        <systemName>ministerialScore</systemName>
                        <namePL>Ujęte w wykazie MNiSW</namePL>
                        <nameEN>Ministerial score list</nameEN>
                        <priority>CC1</priority>
                        <notActive>false</notActive>
                    </otherCategory>
                    <ns0:indicator type="indicator">
                        <id>WUT851a8c0a2b0049b99cfcb29c4279a934</id>
                        <owner>wstruk</owner>
                        <affiliationowner>PW</affiliationowner>
                        <name type="term">
                            <id>WUT3de045003f7648d1b1ee00610959dbfb</id>
                            <owner>wstruk</owner>
                            <affiliationowner>PW</affiliationowner>
                            <ns0:termtype type="termtype">
<id>WUTfbfdccc0fb9b4c5488411d46020e0d3f</id>
<owner>wstruk</owner>
<affiliationowner>PW</affiliationowner>
<code>conference_score</code>
<name>Punktacja konferencji</name>
<nonRepeatableByDefault>false</nonRepeatableByDefault>
                            </ns0:termtype>
                            <systemName>Conference_scoreMinisterial</systemName>
                            <namePL>Punktacja MNiSW konferencji</namePL>
                            <nameEN>Conference Ministerial score</nameEN>
                            <priority>C10</priority>
                            <notActive>false</notActive>
                        </name>
                        <ns0:indicatordata type="indicatordata">
                            <id>WUTf3f0b17e25c84670ae7f6476db3db151</id>
                            <owner>wstruk</owner>
                            <affiliationowner>PW</affiliationowner>
                            <year>2019</year>
                            <value>70</value>
                        </ns0:indicatordata>
                        <ns0:indicatordata type="indicatordata">
                            <id>WUTff7f6a06c3f8474684f476e77918b291</id>
                            <owner>wstruk</owner>
                            <affiliationowner>PW</affiliationowner>
                            <year>2020</year>
                            <value>70</value>
                        </ns0:indicatordata>
                        <ns0:indicatordata type="indicatordata">
                            <id>WUTf4b67f6d3eb74bf8b6ee94a11dd96ff6</id>
                            <owner>wstruk</owner>
                            <affiliationowner>PW</affiliationowner>
                            <year>2021</year>
                            <value>70</value>
                        </ns0:indicatordata>
                        <ns0:indicatordata type="indicatordata">
                            <id>WUTc42f9663637c4b05bd8a561951e006ca</id>
                            <owner>wstruk</owner>
                            <affiliationowner>PW</affiliationowner>
                            <year>2022</year>
                            <value>70</value>
                        </ns0:indicatordata>
                        <ns0:indicatordata type="indicatordata">
                            <id>WUTbe5902d13cab407ea416d53cfbd1427e</id>
                            <owner>wstruk</owner>
                            <affiliationowner>PW</affiliationowner>
                            <year>2023</year>
                            <value>70</value>
                        </ns0:indicatordata>
                    </ns0:indicator>
                    <score>70</score>
                </ns0:conferenceseries>
                <international>false</international>
            </ns0:conference>
            <classified xsi:nil="true" />
            <fees type="publicationfees">
                <costFreePublication>false</costFreePublication>
                <researchPotentialFinancialResources>false</researchPotentialFinancialResources>
                <researchOrDevelopmentProjectsFinancialResources>false</researchOrDevelopmentProjectsFinancialResources>
                <other>false</other>
            </fees>
            <pbnIntegration type="integrationinfo" />
        </ns0:book>
        <id>WUT80e096bf3fbc482e90da09ec87072069</id>
        <recordStatus>completed</recordStatus>
        <owner>estyczek</owner>
        <affiliationowner>PW</affiliationowner>
        <disciplinesApprovalDate>2025-01-17T13:01:22+0100</disciplinesApprovalDate>
        <ns0:approveddiscipline type="approveddiscipline">
            <id>WUT823a47763838433a8f39357cf3ab2546</id>
            <owner>estyczek</owner>
            <affiliationowner>PW</affiliationowner>
            <discipline type="term">
                <id>WUTfef424a0094d4fc3865bb3aabd414c88</id>
                <owner>wstruk</owner>
                <affiliationowner>PW</affiliationowner>
                <ns0:termtype type="termtype">
                    <id>WUTa3c22b79ece54e0e99025251051d9b0d</id>
                    <owner>wstruk</owner>
                    <affiliationowner>PW</affiliationowner>
                    <code>oecdx</code>
                    <name>OECD extended</name>
                    <nonRepeatableByDefault>false</nonRepeatableByDefault>
                </ns0:termtype>
                <systemName>2.3</systemName>
                <namePL>informatyka techniczna i telekomunikacja</namePL>
                <nameEN>information and communication technology</nameEN>
                <accronymPL>ITT</accronymPL>
                <accronymEN>ICT</accronymEN>
                <ns0:term type="term">
                    <id>WUTd7b77e1b91d44c64a57c032ede7bf851</id>
                    <owner>wstruk</owner>
                    <affiliationowner>PW</affiliationowner>
                    <ns0:termtype type="termtype">
                        <id>WUTa3c22b79ece54e0e99025251051d9b0d</id>
                        <owner>wstruk</owner>
                        <affiliationowner>PW</affiliationowner>
                        <code>oecdx</code>
                        <name>OECD extended</name>
                        <nonRepeatableByDefault>false</nonRepeatableByDefault>
                    </ns0:termtype>
                    <systemName>2</systemName>
                    <namePL>Dziedzina nauk inżynieryjno-technicznych</namePL>
                    <nameEN>Engineering and technology</nameEN>
                    <accronymPL>DNINZ</accronymPL>
                    <accronymEN>2</accronymEN>
                    <priority>02.00</priority>
                    <xid type="field">
                        <id>WUT217a0da3ad554648828696317acb6cee</id>
                        <owner>wstruk</owner>
                        <affiliationowner>PW</affiliationowner>
                        <key>polon_id</key>
                        <value>DZ0102N</value>
                    </xid>
                    <notActive>false</notActive>
                </ns0:term>
                <priority>02.03</priority>
                <xid type="field">
                    <id>WUT9eb30fd170fd45918a1d046b9f7302cd</id>
                    <owner>PbnIntegrator</owner>
                    <affiliationowner>PW</affiliationowner>
                    <key>pbn_idArea</key>
                    <value>203</value>
                </xid>
                <xid type="field">
                    <id>WUT7f1a57adbae649e4ba0510c019498bec</id>
                    <owner>wstruk</owner>
                    <affiliationowner>PW</affiliationowner>
                    <key>polon_id</key>
                    <value>DS010204N</value>
                </xid>
                <notActive>false</notActive>
            </discipline>
            <date>2025-01-17T13:01:22+0100</date>
        </ns0:approveddiscipline>
        <extid type="termfield">
            <id>WUT5d8e2d7beff447b9a17b6e12763bfc5c</id>
            <owner>PbnIntegrator</owner>
            <affiliationowner>PW</affiliationowner>
            <idtype type="term">
                <id>WUTfbafd2ec77464f57b240bdbc14318de0</id>
                <owner>system</owner>
                <affiliationowner>PW</affiliationowner>
                <ns0:termtype type="termtype">
                    <id>WUT6deee7292297435fb414dcd87dd84f0d</id>
                    <owner>system</owner>
                    <affiliationowner>PW</affiliationowner>
                    <code>external_id</code>
                    <name>Identyfikator w systemie zewnętrznym</name>
                    <nonRepeatableByDefault>false</nonRepeatableByDefault>
                </ns0:termtype>
                <systemName>PBN_mongoId</systemName>
                <namePL>Identyfikator PBN MongoId</namePL>
                <nameEN>PSB Identifier MongoId</nameEN>
                <priority>EI1153</priority>
                <notActive>false</notActive>
            </idtype>
            <value>67a35c88fdbe83448fbfd28a</value>
        </extid>
        <inPress>false</inPress>
        <noEvaluation>false</noEvaluation>
        <meetsPlanSRequirements>false</meetsPlanSRequirements>
        <score>70</score>
        <scoreDate>2025-09-09T23:24:48+0200</scoreDate>
        <scoreReason>ChapterFromConference</scoreReason>
        <rulesetName>drl All_years_with_U20-scoring-v4a_for_v220(20250127), Scopus SNIP (with ASJC) v2, IFWoS, All_years_with_U20-scoring-v4d_for_v220(20250407), ScopusCiteScore, All_years_with_U20-scoring-v2y_for_v220(20240930), Scopus SNIP (without ASJC)</rulesetName>
        <legalBasis>Rozporządzenie MNiSW z dnia 22 lutego 2019 r. (§ 12 ust. 1 pkt 1 oraz § 34 pkt 4) - nadano najbardziej korzystną liczbę punktów: maximum(rozdział monografii:5, materiał konferencyjny wg wykazu:70, artykuł z czasopisma:0)</legalBasis>
        <ns0:scoring type="scoring">
            <id>WUT529cd7df31e448a4bbb695af6e0d0f67</id>
            <owner>estyczek</owner>
            <affiliationowner>PW</affiliationowner>
            <system type="term">
                <id>WUT6e0ab667f4e6485faa64fae0cd24964a</id>
                <owner>wstruk</owner>
                <affiliationowner>PW</affiliationowner>
                <ns0:termtype type="termtype">
                    <id>WUTda3a51e923df43a39a54b91c4338f92a</id>
                    <owner>wstruk</owner>
                    <affiliationowner>PW</affiliationowner>
                    <code>scoringSystem</code>
                    <name>System punktacji</name>
                    <nonRepeatableByDefault>false</nonRepeatableByDefault>
                </ns0:termtype>
                <systemName>scoringMinisterial</systemName>
                <namePL>Punktacja MNiSW</namePL>
                <nameEN>Ministerial score</nameEN>
                <accronymPL />
                <accronymEN />
                <priority>SS110</priority>
                <additionalCategory>reportSelectable</additionalCategory>
                <notActive>false</notActive>
            </system>
            <score>70.0</score>
            <scoreDate>2025-09-09T23:24:48+0200</scoreDate>
            <scoreReason>ChapterFromConference</scoreReason>
            <rulesetName>drl All_years_with_U20-scoring-v4a_for_v220(20250127), Scopus SNIP (with ASJC) v2, IFWoS, All_years_with_U20-scoring-v4d_for_v220(20250407), ScopusCiteScore</rulesetName>
            <legalBasis>Rozporządzenie MNiSW z dnia 22 lutego 2019 r. (§ 12 ust. 1 pkt 1 oraz § 34 pkt 4) - nadano najbardziej korzystną liczbę punktów: maximum(rozdział monografii:5, materiał konferencyjny wg wykazu:70, artykuł z czasopisma:0)</legalBasis>
            <scoreForcing>false</scoreForcing>
        </ns0:scoring>
        <scoreSource>conferenceList</scoreSource>
        <ns0:indicator type="indicator">
            <id>WUT7381b1f0f00f486f8cea67a2e7347c78</id>
            <owner>estyczek</owner>
            <affiliationowner>PW</affiliationowner>
            <name type="term">
                <id>WUT9b3935f557bf4a08826ff507d685b9b8</id>
                <owner>wstruk</owner>
                <affiliationowner>PW</affiliationowner>
                <ns0:termtype type="termtype">
                    <id>WUTde3a681a169d462f8f2ff0aecda362c1</id>
                    <owner>wstruk</owner>
                    <affiliationowner>PW</affiliationowner>
                    <code>citations</code>
                    <name>Cytowania</name>
                    <nonRepeatableByDefault>false</nonRepeatableByDefault>
                </ns0:termtype>
                <systemName>citationsGS</systemName>
                <namePL>Cytowania GS</namePL>
                <nameEN>GS Citations</nameEN>
                <priority>CI120</priority>
                <notActive>false</notActive>
            </name>
            <ns0:indicatordata type="indicatordata">
                <id>WUT38bf9cc64082459184ae13c293a975e8</id>
                <owner>estyczek</owner>
                <affiliationowner>PW</affiliationowner>
                <year xsi:nil="true" />
                <value>1</value>
                <evaluationDate>2025-03-13T06:00:16+0100</evaluationDate>
            </ns0:indicatordata>
        </ns0:indicator>
        <ns0:author type="author">
            <id>WUT2c0355beac924932857016c85566bbb0</id>
            <recordStatus>completed</recordStatus>
            <active>false</active>
            <status>DYPLOMANT</status>
            <belonging2N>false</belonging2N>
            <name>Kamil L.</name>
            <surname>Szydłowski</surname>
            <externalAffiliationButEvaluation>false</externalAffiliationButEvaluation>
            <disciplinesApprovedByAuthor>false</disciplinesApprovedByAuthor>
            <contribution xsi:nil="true" />
            <ns0:authorprofile type="authorprofile">
                <hindex>0</hindex>
                <rankingScore>0.0</rankingScore>
                <noEvaluation>false</noEvaluation>
                <supervisionOffer type="supervisionoffer">
                    <active>false</active>
                </supervisionOffer>
            </ns0:authorprofile>
            <profilepreferences type="authorprofilepreferences" />
            <ns0:authormirprofile type="authormirprofile" />
        </ns0:author>
        <ns0:author type="author">
            <id>WEITI-71a757dd-73fe-4d66-9010-0be136c653ab</id>
            <recordStatus>completed</recordStatus>
            <active>true</active>
            <status>PRACOWNIK</status>
            <officialAcademicDegree type="term">
                <id>WUTe9e911bdfe714aa1b14b811617d6f029</id>
                <owner>wstruk</owner>
                <affiliationowner>PW</affiliationowner>
                <ns0:termtype type="termtype">
                    <id>WUT4e7b6f866b8d489888bd3347c5a97bb3</id>
                    <owner>wstruk</owner>
                    <affiliationowner>PW</affiliationowner>
                    <code>academicDegree</code>
                    <name>Stopień/tytuł</name>
                    <nonRepeatableByDefault>false</nonRepeatableByDefault>
                </ns0:termtype>
                <systemName>drinz</systemName>
                <namePL>dr inż.</namePL>
                <nameEN>Phd eng</nameEN>
                <priority>D52</priority>
                <notActive>false</notActive>
            </officialAcademicDegree>
            <belonging2N>false</belonging2N>
            <name>Jarosław</name>
            <surname>Chudziak</surname>
            <email>jaroslaw.chudziak@pw.edu.pl</email>
            <ns0:affiliation type="affiliation">
                <id>WEITI-a8a2fa13-0e5e-43f1-9c27-aeb4ee23e180</id>
                <recordStatus>completed</recordStatus>
                <namePL>Instytut Informatyki</namePL>
                <nameEN>The Institute of Computer Science</nameEN>
                <accronymPL>IN</accronymPL>
                <presentedAccronymPL>II</presentedAccronymPL>
                <accronymEN>IN</accronymEN>
                <ns0:affiliation type="affiliation">
                    <id>WEITI-aca13175-86da-4e95-bb44-9e831ef22360</id>
                    <recordStatus>completed</recordStatus>
                    <namePL>Wydział Elektroniki i Technik Informacyjnych</namePL>
                    <nameEN>Faculty of Electronics and Information Technology</nameEN>
                    <accronymPL>WEiTI</accronymPL>
                    <accronymEN>FEIT</accronymEN>
                    <ns0:affiliation type="affiliation">
                        <id>WEITI-35347b89-6944-4413-83c0-85acc4b2e2d4</id>
                        <recordStatus>completed</recordStatus>
                        <namePL>Politechnika Warszawska</namePL>
                        <nameEN>Warsaw University of Technology</nameEN>
                        <accronymPL>PW</accronymPL>
                        <accronymEN>WUT</accronymEN>
                        <ns0:affiliationprofile type="affiliationprofile">
                            <certifyingUnit>false</certifyingUnit>
                        </ns0:affiliationprofile>
                        <notActive>false</notActive>
                        <dontPropagateInactivity>false</dontPropagateInactivity>
                    </ns0:affiliation>
                    <ns0:affiliationprofile type="affiliationprofile">
                        <certifyingUnit>false</certifyingUnit>
                    </ns0:affiliationprofile>
                    <notActive>false</notActive>
                    <dontPropagateInactivity>false</dontPropagateInactivity>
                </ns0:affiliation>
                <ns0:affiliationprofile type="affiliationprofile">
                    <certifyingUnit>false</certifyingUnit>
                </ns0:affiliationprofile>
                <notActive>false</notActive>
                <dontPropagateInactivity>false</dontPropagateInactivity>
            </ns0:affiliation>
            <unit>ZSI</unit>
            <externalAffiliationButEvaluation>false</externalAffiliationButEvaluation>
            <activityDiscipline type="authordiscipline">
                <id>WUT7a4feb2bdf624430964f353dd2e3d6ee</id>
                <owner>estyczek</owner>
                <affiliationowner>PW</affiliationowner>
                <discipline type="term">
                    <id>WUTfef424a0094d4fc3865bb3aabd414c88</id>
                    <owner>wstruk</owner>
                    <affiliationowner>PW</affiliationowner>
                    <ns0:termtype type="termtype">
                        <id>WUTa3c22b79ece54e0e99025251051d9b0d</id>
                        <owner>wstruk</owner>
                        <affiliationowner>PW</affiliationowner>
                        <code>oecdx</code>
                        <name>OECD extended</name>
                        <nonRepeatableByDefault>false</nonRepeatableByDefault>
                    </ns0:termtype>
                    <systemName>2.3</systemName>
                    <namePL>informatyka techniczna i telekomunikacja</namePL>
                    <nameEN>information and communication technology</nameEN>
                    <accronymPL>ITT</accronymPL>
                    <accronymEN>ICT</accronymEN>
                    <ns0:term type="term">
                        <id>WUTd7b77e1b91d44c64a57c032ede7bf851</id>
                        <owner>wstruk</owner>
                        <affiliationowner>PW</affiliationowner>
                        <ns0:termtype type="termtype">
                            <id>WUTa3c22b79ece54e0e99025251051d9b0d</id>
                            <owner>wstruk</owner>
                            <affiliationowner>PW</affiliationowner>
                            <code>oecdx</code>
                            <name>OECD extended</name>
                            <nonRepeatableByDefault>false</nonRepeatableByDefault>
                        </ns0:termtype>
                        <systemName>2</systemName>
                        <namePL>Dziedzina nauk inżynieryjno-technicznych</namePL>
                        <nameEN>Engineering and technology</nameEN>
                        <accronymPL>DNINZ</accronymPL>
                        <accronymEN>2</accronymEN>
                        <priority>02.00</priority>
                        <xid type="field">
                            <id>WUT217a0da3ad554648828696317acb6cee</id>
                            <owner>wstruk</owner>
                            <affiliationowner>PW</affiliationowner>
                            <key>polon_id</key>
                            <value>DZ0102N</value>
                        </xid>
                        <notActive>false</notActive>
                    </ns0:term>
                    <priority>02.03</priority>
                    <xid type="field">
                        <id>WUT9eb30fd170fd45918a1d046b9f7302cd</id>
                        <owner>PbnIntegrator</owner>
                        <affiliationowner>PW</affiliationowner>
                        <key>pbn_idArea</key>
                        <value>203</value>
                    </xid>
                    <xid type="field">
                        <id>WUT7f1a57adbae649e4ba0510c019498bec</id>
                        <owner>wstruk</owner>
                        <affiliationowner>PW</affiliationowner>
                        <key>polon_id</key>
                        <value>DS010203N</value>
                    </xid>
                    <notActive>false</notActive>
                </discipline>
                <activityPercentage>100</activityPercentage>
                <belonging2N>false</belonging2N>
                <year xsi:nil="true" />
            </activityDiscipline>
            <disciplinesApprovedByAuthor>true</disciplinesApprovedByAuthor>
            <termsAndConditionsResponse type="termsandconditionsresponse">
                <id>WUTcf0fbc0439c84ae6b7348596f1054a7b</id>
                <owner>estyczek</owner>
                <affiliationowner>PW</affiliationowner>
                <terms type="termsandconditions">
                    <id>WUTbbe67bcd3d5345e9a67191920d2798ce</id>
                    <type type="term">
                        <id>WUT466d2b892ea24bbf86e384301252917d</id>
                        <owner>system</owner>
                        <affiliationowner>PW</affiliationowner>
                        <ns0:termtype type="termtype">
                            <id>WUT0f33bc946b8446c7b57f23f08e9ee196</id>
                            <owner>system</owner>
                            <affiliationowner>PW</affiliationowner>
                            <code>termsandconditions_type</code>
                            <name>Terms and Conditions type</name>
                            <nonRepeatableByDefault>false</nonRepeatableByDefault>
                        </ns0:termtype>
                        <systemName>termsandconditions_discipline_selection_statement</systemName>
                        <namePL>
            Oświadczenie autora o dyscyplinie naukowej w publikacji
        </namePL>
                        <nameEN>Publication discipline author's statement</nameEN>
                        <notActive>false</notActive>
                    </type>
                    <namePL>Oświadczenie autora o dyscyplinie naukowej w publikacji</namePL>
                    <nameEN>The declaration of the author about scientific discipline of the publication</nameEN>
                    <versionNumber>1</versionNumber>
                    <required>true</required>
                    <enableAdditionalTextInResponse>false</enableAdditionalTextInResponse>
                    <status>published</status>
                </terms>
                <user>801036</user>
                <response>accepted</response>
                <responseDate>2025-01-17T13:01:20+0100</responseDate>
            </termsAndConditionsResponse>
            <staffGroup type="term">
                <id>WUT68c001daa7034420b2df81ac4acc9718</id>
                <owner>wstruk</owner>
                <affiliationowner>PW</affiliationowner>
                <ns0:termtype type="termtype">
                    <id>WUT3817e163aedd49d0b8011432010847aa</id>
                    <owner>wstruk</owner>
                    <affiliationowner>PW</affiliationowner>
                    <code>staffGroup</code>
                    <name>Grupa zatrudnienia</name>
                    <nonRepeatableByDefault>false</nonRepeatableByDefault>
                </ns0:termtype>
                <systemName>teachingStaff</systemName>
                <namePL>pracownicy dydaktyczni</namePL>
                <nameEN>Teaching staff</nameEN>
                <ns0:term type="term">
                    <id>WUT9c1a64ba0377485eb3aac7a30234260b</id>
                    <owner>wstruk</owner>
                    <affiliationowner>PW</affiliationowner>
                    <ns0:termtype type="termtype">
                        <id>WUT3817e163aedd49d0b8011432010847aa</id>
                        <owner>wstruk</owner>
                        <affiliationowner>PW</affiliationowner>
                        <code>staffGroup</code>
                        <name>Grupa zatrudnienia</name>
                        <nonRepeatableByDefault>false</nonRepeatableByDefault>
                    </ns0:termtype>
                    <systemName>academicStaff</systemName>
                    <namePL>Nauczyciele akademiccy</namePL>
                    <nameEN>Academic staff</nameEN>
                    <priority>G01</priority>
                    <notActive>false</notActive>
                </ns0:term>
                <priority>G11</priority>
                <notActive>false</notActive>
            </staffGroup>
            <contribution xsi:nil="true" />
            <ns0:authorprofile type="authorprofile">
                <extid type="termfield">
                    <id>WUTb1382c8e27014746a9e0b17498d573d4</id>
                    <owner>admin</owner>
                    <affiliationowner>IN</affiliationowner>
                    <idtype type="term">
                        <id>WUT6675b636b7aa4f4f9b48005536da4b07</id>
                        <owner>wstruk</owner>
                        <affiliationowner>PW</affiliationowner>
                        <ns0:termtype type="termtype">
                            <id>WUT73721172d9e7483ba46a61d697ffa3b3</id>
                            <owner>wstruk</owner>
                            <affiliationowner>BOI</affiliationowner>
                            <code>person_id</code>
                            <name>Identyfikator osoby</name>
                            <nonRepeatableByDefault>false</nonRepeatableByDefault>
                        </ns0:termtype>
                        <systemName>personnalPSB</systemName>
                        <namePL>Identyfikator PBN</namePL>
                        <nameEN>PSB Identifier</nameEN>
                        <accronymPL>PBN</accronymPL>
                        <accronymEN>PSB</accronymEN>
                        <priority>U120</priority>
                        <notActive>false</notActive>
                    </idtype>
                    <value>1505091</value>
                </extid>
                <extid type="termfield">
                    <id>WUT76c290f5dff840fa918b5899c367c3a1</id>
                    <owner>admin</owner>
                    <affiliationowner>IN</affiliationowner>
                    <idtype type="term">
                        <id>WUT1861844d9190458bb6377aad4e04bf38</id>
                        <owner>lskoniec</owner>
                        <affiliationowner>PW</affiliationowner>
                        <ns0:termtype type="termtype">
                            <id>WUT73721172d9e7483ba46a61d697ffa3b3</id>
                            <owner>wstruk</owner>
                            <affiliationowner>BOI</affiliationowner>
                            <code>person_id</code>
                            <name>Identyfikator osoby</name>
                            <nonRepeatableByDefault>false</nonRepeatableByDefault>
                        </ns0:termtype>
                        <systemName>PWSAP</systemName>
                        <namePL>PWSAP</namePL>
                        <priority>P110</priority>
                        <notActive>false</notActive>
                    </idtype>
                    <value>109109</value>
                </extid>
                <extid type="termfield">
                    <id>WUT3ce0e34fceca4d32bc4a789ab333190c</id>
                    <owner>admin</owner>
                    <affiliationowner>IN</affiliationowner>
                    <idtype type="term">
                        <id>WUT0fd794746a704f42a40229c86b4a8543</id>
                        <owner>wstruk</owner>
                        <affiliationowner>PW</affiliationowner>
                        <ns0:termtype type="termtype">
                            <id>WUT73721172d9e7483ba46a61d697ffa3b3</id>
                            <owner>wstruk</owner>
                            <affiliationowner>BOI</affiliationowner>
                            <code>person_id</code>
                            <name>Identyfikator osoby</name>
                            <nonRepeatableByDefault>false</nonRepeatableByDefault>
                        </ns0:termtype>
                        <systemName>ORCID</systemName>
                        <namePL>Identyfikator osobowy ORCID</namePL>
                        <nameEN>ORCID</nameEN>
                        <accronymEN>ORCID</accronymEN>
                        <priority>U130</priority>
                        <notActive>false</notActive>
                    </idtype>
                    <value>0000-0003-4534-8652</value>
                </extid>
                <extid type="termfield">
                    <id>WUTe8c06868afad4dafbe140a28abb4545f</id>
                    <owner>admin</owner>
                    <affiliationowner>IN</affiliationowner>
                    <idtype type="term">
                        <id>WUT2d8d65028792443891668f54f30f6f71</id>
                        <owner>wstruk</owner>
                        <affiliationowner>PW</affiliationowner>
                        <ns0:termtype type="termtype">
                            <id>WUT6deee7292297435fb414dcd87dd84f0d</id>
                            <owner>wstruk</owner>
                            <affiliationowner>PW</affiliationowner>
                            <code>external_id</code>
                            <name>Identyfikator w systemie zewnętrznym</name>
                            <nonRepeatableByDefault>false</nonRepeatableByDefault>
                        </ns0:termtype>
                        <systemName>USOSid</systemName>
                        <namePL>Identyfikator USOS</namePL>
                        <nameEN>USOS Identifier</nameEN>
                        <notActive>false</notActive>
                    </idtype>
                    <value>801036</value>
                </extid>
                <extid type="termfield">
                    <id>WUT8e1ce6c17287416f9dfc68b7278a8c26</id>
                    <owner>admin</owner>
                    <affiliationowner>IN</affiliationowner>
                    <idtype type="term">
                        <id>WUTfe712e9e17404de29f343752164c96a7</id>
                        <owner>wstruk</owner>
                        <affiliationowner>PW</affiliationowner>
                        <ns0:termtype type="termtype">
                            <id>WUT6deee7292297435fb414dcd87dd84f0d</id>
                            <owner>wstruk</owner>
                            <affiliationowner>PW</affiliationowner>
                            <code>external_id</code>
                            <name>Identyfikator w systemie zewnętrznym</name>
                            <nonRepeatableByDefault>false</nonRepeatableByDefault>
                        </ns0:termtype>
                        <systemName>ScopusId</systemName>
                        <namePL>Identyfikator Scopus</namePL>
                        <nameEN>Scopus Identifier</nameEN>
                        <priority>EI120</priority>
                        <notActive>false</notActive>
                    </idtype>
                    <value>6507651188</value>
                </extid>
                <extid type="termfield">
                    <id>WUT71b517b676d342859ac38202fecfcc70</id>
                    <owner>admin</owner>
                    <affiliationowner>IN</affiliationowner>
                    <idtype type="term">
                        <id>WUT1a02b6c6e47c457d9a7f061d865684a8</id>
                        <owner>system</owner>
                        <affiliationowner>WMEiL</affiliationowner>
                        <ns0:termtype type="termtype">
                            <id>WUT6deee7292297435fb414dcd87dd84f0d</id>
                            <owner>system</owner>
                            <affiliationowner>WMEiL</affiliationowner>
                            <code>external_id</code>
                            <name>Identyfikator w systemie zewnętrznym</name>
                            <nonRepeatableByDefault>false</nonRepeatableByDefault>
                        </ns0:termtype>
                        <systemName>POLon_Uuid</systemName>
                        <namePL>Identyfikator polonUuid</namePL>
                        <nameEN>Identifier polonUuid</nameEN>
                        <priority>EI1155</priority>
                        <notActive>false</notActive>
                    </idtype>
                    <value>eb059c06-98f2-41c5-a97f-6df7eebd314e</value>
                </extid>
                <extid type="termfield">
                    <id>WUTbb38293e109f4d62b423bc760e512551</id>
                    <owner>admin</owner>
                    <affiliationowner>IN</affiliationowner>
                    <idtype type="term">
                        <id>WUT06219a5f59ef46d2855a42bc83fabf8f</id>
                        <owner>lskoniec</owner>
                        <affiliationowner>PW</affiliationowner>
                        <ns0:termtype type="termtype">
                            <id>WUT73721172d9e7483ba46a61d697ffa3b3</id>
                            <owner>wstruk</owner>
                            <affiliationowner>BOI</affiliationowner>
                            <code>person_id</code>
                            <name>Identyfikator osoby</name>
                            <nonRepeatableByDefault>false</nonRepeatableByDefault>
                        </ns0:termtype>
                        <systemName>scholar</systemName>
                        <namePL>google scholar</namePL>
                        <nameEN>google scholar</nameEN>
                        <notActive>false</notActive>
                    </idtype>
                    <value>FFhsZHcAAAAJ</value>
                </extid>
                <extid type="termfield">
                    <id>WUT85d70055741e4a348e44c880e5781bc1</id>
                    <owner>admin</owner>
                    <affiliationowner>IN</affiliationowner>
                    <idtype type="term">
                        <id>WUT8451786af88c4580b1198f347a0048f5</id>
                        <owner>wstruk</owner>
                        <affiliationowner>PW</affiliationowner>
                        <ns0:termtype type="termtype">
                            <id>WUT6deee7292297435fb414dcd87dd84f0d</id>
                            <owner>wstruk</owner>
                            <affiliationowner>PW</affiliationowner>
                            <code>external_id</code>
                            <name>Identyfikator w systemie zewnętrznym</name>
                            <nonRepeatableByDefault>false</nonRepeatableByDefault>
                        </ns0:termtype>
                        <systemName>WoSId</systemName>
                        <namePL>Identyfikator WoS</namePL>
                        <nameEN>WoS Identifier</nameEN>
                        <priority>EI110</priority>
                        <notActive>false</notActive>
                    </idtype>
                    <value>AAD-4325-2022</value>
                </extid>
                <hindex>4</hindex>
                <rankingScore>3.0</rankingScore>
                <noEvaluation>false</noEvaluation>
                <supervisionOffer type="supervisionoffer">
                    <active>false</active>
                </supervisionOffer>
            </ns0:authorprofile>
            <profilepreferences type="authorprofilepreferences" />
            <ns0:authormirprofile type="authormirprofile" />
            <ns0:field type="field">
                <id>WUT51b158b9e8764a6694ff8690b380f53f</id>
                <owner>admin</owner>
                <affiliationowner>IN</affiliationowner>
                <key>orcid_access_token</key>
                <value>aa066e85-7ac0-4410-9017-5dd811c9dda9</value>
            </ns0:field>
        </ns0:author>
        <totalAuthorsNo>2</totalAuthorsNo>
        <title>Hidformer: Transformer-Style Neural Network in Stock Price Forecasting</title>
        <ns0:language type="language">
            <id>WEITI-bc90626b-ed19-490f-b9c3-daf0bffd1760</id>
            <owner>admin</owner>
            <affiliationowner>IN</affiliationowner>
            <code>en</code>
            <iso2>eng</iso2>
            <namePL>angielski</namePL>
            <nameEN>English</nameEN>
            <ns0:field type="field">
                <id>WUT7011e8e4e6f74b38a2ca632b6de071e5</id>
                <owner>PbnIntegrator</owner>
                <affiliationowner>IN</affiliationowner>
                <key>pbn_639-2</key>
                <value>eng</value>
            </ns0:field>
            <ns0:field type="field">
                <id>WUT73e8cec6538944e383d6282838e2f964</id>
                <owner>PbnIntegrator</owner>
                <affiliationowner>IN</affiliationowner>
                <key>pbn_639-1</key>
                <value>en</value>
            </ns0:field>
            <ns0:field type="field">
                <id>WUT65f08cfa99d14cd9bf5f0d65185ce27d</id>
                <owner>PbnIntegrator</owner>
                <affiliationowner>IN</affiliationowner>
                <key>pbn_pl</key>
                <value>angielski</value>
            </ns0:field>
            <ns0:field type="field">
                <id>WUT108a680882134cf18b2f743d829026b5</id>
                <owner>PbnIntegrator</owner>
                <affiliationowner>IN</affiliationowner>
                <key>pbn_en</key>
                <value>English</value>
            </ns0:field>
            <ns0:field type="field">
                <id>WUT8cbc478cf51c4345a7a1d27ef40339c7</id>
                <owner>PbnIntegrator</owner>
                <affiliationowner>IN</affiliationowner>
                <key>pbn_de</key>
                <value>Englisch</value>
            </ns0:field>
            <ns0:field type="field">
                <id>WUT7cba2fb293374920b434cde356f0ec3a</id>
                <owner>PbnIntegrator</owner>
                <affiliationowner>IN</affiliationowner>
                <key>pbn_fr</key>
                <value>anglais</value>
            </ns0:field>
        </ns0:language>
        <url>http://www.mdai.cat/mdai2024/proc.MDAI.2024.usb.isbn.pdf</url>
        <collation>120-131</collation>
        <abstractEN>This paper investigates the application of Transformer-based
neural networks to stock price forecasting, with a special focus on the
intersection of machine learning techniques and financial market analysis. The evolution of Transformer models, from their inception to their
adaptation for time series analysis in financial contexts, is reviewed and
discussed. Central to our study is the exploration of the Hidformer model,
which is currently recognized for its promising performance in time series prediction. The primary aim of this paper is to determine whether
Hidformer will also prove itself in the task of stock price prediction. This
slightly modified model serves as the framework for our experiments,
integrating the principles of technical analysis with advanced machine
learning concepts to enhance stock price prediction accuracy. We conduct an evaluation of the Hidformer model’s performance, using a set of
criteria to determine its efficacy. Our findings offer additional insights
into the practical application of Transformer architectures in financial
time series forecasting, highlighting their potential to improve algorithmic trading strategies, including human decision making.
</abstractEN>
        <keywordsEN>Time-series forecasting · Stock index prediction · Neural
Networks · Deep learning · Transformer.</keywordsEN>
        <classified xsi:nil="true" />
        <fees type="publicationfees">
            <id>WUT4d05821fd1a14b3d964ac7fba109b6c2</id>
            <owner>estyczek</owner>
            <affiliationowner>PW</affiliationowner>
            <costFreePublication>false</costFreePublication>
            <researchPotentialFinancialResources>false</researchPotentialFinancialResources>
            <researchOrDevelopmentProjectsFinancialResources>false</researchOrDevelopmentProjectsFinancialResources>
            <other>false</other>
        </fees>
        <pbnIntegration type="integrationinfo">
            <id>WUTef44ea2d45e64fc6b0da7a8b08959f21</id>
            <lastTransferDate>2025-02-05T13:41:44+0100</lastTransferDate>
            <lastTransferStatus>success</lastTransferStatus>
            <transfer type="transferresult">
                <id>WUT2d4eea0f2f1447bbb3c656c217797fe6</id>
                <objectId>67a35c88fdbe83448fbfd28a</objectId>
                <versionId>3bb16240-0008-42ca-926a-2e8caac54170</versionId>
                <date>2025-02-05T13:41:44+0100</date>
                <returnCode>200</returnCode>
                <ns0:field type="field">
                    <id>WUT3efc927f587546d482115ca6e04ecf0d</id>
                    <owner>estyczek</owner>
                    <affiliationowner>PW</affiliationowner>
                    <key>statements</key>
                    <value>[{"disciplineId":203,"orcid":true,"personOrcidId":"0000-0003-4534-8652","statementDate":"2025-01-17","type":"AUTHOR"}]</value>
                </ns0:field>
            </transfer>
        </pbnIntegration>
    </ns0:article>
    