<ns0:article xmlns:ns0="http://ii.pw.edu.pl/lib" xmlns:xsi="http://www.w3.org/2001/XMLSchema-instance" type="article">
        <metaData>
            <lastModifiedBy>mwasiluk</lastModifiedBy>
            <lastModified>2025-09-09T23:23:58.357+02:00</lastModified>
            <created>2024-10-02T11:02:30.335+02:00</created>
        </metaData>
        <meta_datestamp>1757453038357</meta_datestamp>
        <ns0:book type="book">
            <id>WUTf8b23fac5e124c3787bda66639333e42</id>
            <recordStatus>completed</recordStatus>
            <noEvaluation>false</noEvaluation>
            <meetsPlanSRequirements>false</meetsPlanSRequirements>
            <score>20</score>
            <scoreDate>2025-06-05T13:33:16+0200</scoreDate>
            <scoreReason>MonograhOrBookMainLanguagesEditor</scoreReason>
            <rulesetName>All_years_with_U20-scoring-v2x_for_v220(20230117), IFWoS (with update), All_years_with_U20-scoring-v4d_for_v220(20250407), Scopus SNIP (with ASJC) v2, ScopusCiteScore, IFWoS</rulesetName>
            <legalBasis>Rozporządzenie MNiSW z dnia 22 lutego 2019 r. (§ 12 ust. 3 pkt 1, 2, 3)</legalBasis>
            <scoreSource>publisherList</scoreSource>
            <bookType>MONOGRAFIA</bookType>
            <authorsRole>editor</authorsRole>
            <ns0:author type="author">
                <id>WUTb5852a46861246d485fa571fe1d3799e</id>
                <recordStatus>completed</recordStatus>
                <active>false</active>
                <status>ZEWNETRZNY</status>
                <belonging2N>false</belonging2N>
                <name>Fabrizio</name>
                <surname>Giulimondi</surname>
                <externalAffiliationButEvaluation>false</externalAffiliationButEvaluation>
                <disciplinesApprovedByAuthor>false</disciplinesApprovedByAuthor>
                <contribution xsi:nil="true" />
                <ns0:authorprofile type="authorprofile">
                    <hindex>0</hindex>
                    <rankingScore>0.0</rankingScore>
                    <noEvaluation>false</noEvaluation>
                    <supervisionOffer type="supervisionoffer">
                        <active>false</active>
                    </supervisionOffer>
                </ns0:authorprofile>
                <profilepreferences type="authorprofilepreferences" />
                <ns0:authormirprofile type="authormirprofile" />
            </ns0:author>
            <ns0:author type="author">
                <id>WUTc5a110675b904d239f2abd2c7e3ac89f</id>
                <recordStatus>completed</recordStatus>
                <active>false</active>
                <status>DYPLOMANT</status>
                <belonging2N>false</belonging2N>
                <name>Paweł</name>
                <surname>Lewandowski</surname>
                <externalAffiliationButEvaluation>false</externalAffiliationButEvaluation>
                <disciplinesApprovedByAuthor>false</disciplinesApprovedByAuthor>
                <contribution xsi:nil="true" />
                <ns0:authorprofile type="authorprofile">
                    <hindex>0</hindex>
                    <rankingScore>0.0</rankingScore>
                    <noEvaluation>false</noEvaluation>
                    <supervisionOffer type="supervisionoffer">
                        <active>false</active>
                    </supervisionOffer>
                </ns0:authorprofile>
                <profilepreferences type="authorprofilepreferences" />
                <ns0:authormirprofile type="authormirprofile" />
            </ns0:author>
            <totalAuthorsNo>2</totalAuthorsNo>
            <totalChapterAuthorsNo xsi:nil="true" />
            <title>Sztuczna Inteligencja i Prawo</title>
            <titleOTH>Artificial Intelligence And Low</titleOTH>
            <ns0:language type="language">
                <id>WEITI-9e5f3f88-000d-48ed-83b0-7ed780f6abdf</id>
                <owner>admin</owner>
                <affiliationowner>IN</affiliationowner>
                <code>pl</code>
                <iso2>pol</iso2>
                <namePL>polski</namePL>
                <nameEN>Polish</nameEN>
                <ns0:field type="field">
                    <id>WUT319b03cc494b4f0d97b9da400e7e7f25</id>
                    <owner>PbnIntegrator</owner>
                    <affiliationowner>IN</affiliationowner>
                    <key>pbn_639-2</key>
                    <value>pol</value>
                </ns0:field>
                <ns0:field type="field">
                    <id>WUT1e21ec9134f84b7fb2caad8a0874624d</id>
                    <owner>PbnIntegrator</owner>
                    <affiliationowner>IN</affiliationowner>
                    <key>pbn_639-1</key>
                    <value>pl</value>
                </ns0:field>
                <ns0:field type="field">
                    <id>WUTa92a1be50d7d466db22323877da29ea9</id>
                    <owner>PbnIntegrator</owner>
                    <affiliationowner>IN</affiliationowner>
                    <key>pbn_pl</key>
                    <value>polski</value>
                </ns0:field>
                <ns0:field type="field">
                    <id>WUTcee9042290d64502af7da96656bf0816</id>
                    <owner>PbnIntegrator</owner>
                    <affiliationowner>IN</affiliationowner>
                    <key>pbn_en</key>
                    <value>Polish</value>
                </ns0:field>
                <ns0:field type="field">
                    <id>WUT3c58de8de71f44daaf978d8b71fedbc0</id>
                    <owner>PbnIntegrator</owner>
                    <affiliationowner>IN</affiliationowner>
                    <key>pbn_de</key>
                    <value>Polnisch</value>
                </ns0:field>
                <ns0:field type="field">
                    <id>WUT305ba93683cf45259ce7cf8003c5b93b</id>
                    <owner>PbnIntegrator</owner>
                    <affiliationowner>IN</affiliationowner>
                    <key>pbn_fr</key>
                    <value>polonais</value>
                </ns0:field>
            </ns0:language>
            <ns0:language type="language">
                <id>WEITI-bc90626b-ed19-490f-b9c3-daf0bffd1760</id>
                <owner>admin</owner>
                <affiliationowner>IN</affiliationowner>
                <code>en</code>
                <iso2>eng</iso2>
                <namePL>angielski</namePL>
                <nameEN>English</nameEN>
                <ns0:field type="field">
                    <id>WUT7011e8e4e6f74b38a2ca632b6de071e5</id>
                    <owner>PbnIntegrator</owner>
                    <affiliationowner>IN</affiliationowner>
                    <key>pbn_639-2</key>
                    <value>eng</value>
                </ns0:field>
                <ns0:field type="field">
                    <id>WUT73e8cec6538944e383d6282838e2f964</id>
                    <owner>PbnIntegrator</owner>
                    <affiliationowner>IN</affiliationowner>
                    <key>pbn_639-1</key>
                    <value>en</value>
                </ns0:field>
                <ns0:field type="field">
                    <id>WUT65f08cfa99d14cd9bf5f0d65185ce27d</id>
                    <owner>PbnIntegrator</owner>
                    <affiliationowner>IN</affiliationowner>
                    <key>pbn_pl</key>
                    <value>angielski</value>
                </ns0:field>
                <ns0:field type="field">
                    <id>WUT108a680882134cf18b2f743d829026b5</id>
                    <owner>PbnIntegrator</owner>
                    <affiliationowner>IN</affiliationowner>
                    <key>pbn_en</key>
                    <value>English</value>
                </ns0:field>
                <ns0:field type="field">
                    <id>WUT8cbc478cf51c4345a7a1d27ef40339c7</id>
                    <owner>PbnIntegrator</owner>
                    <affiliationowner>IN</affiliationowner>
                    <key>pbn_de</key>
                    <value>Englisch</value>
                </ns0:field>
                <ns0:field type="field">
                    <id>WUT7cba2fb293374920b434cde356f0ec3a</id>
                    <owner>PbnIntegrator</owner>
                    <affiliationowner>IN</affiliationowner>
                    <key>pbn_fr</key>
                    <value>anglais</value>
                </ns0:field>
            </ns0:language>
            <issueDate>2024</issueDate>
            <evaluationYear xsi:nil="true" />
            <publisherInstitution type="corporateauthor">
                <id>WUTbef3f73eae1545abab94f972078a93d0</id>
                <recordStatus>completed</recordStatus>
                <fullName>Stowarzyszenie Absolwentów i Przyjaciół Wydziału Prawa Katolickiego Uniwersytetu Lubelskiego</fullName>
                <otherCategory type="term">
                    <id>WUTe3b0f81c11c34111937796914404fb82</id>
                    <owner>wstruk</owner>
                    <affiliationowner>PW</affiliationowner>
                    <ns0:termtype type="termtype">
                        <id>WUT929508ac4fa9451093764fa86f480cd7</id>
                        <owner>wstruk</owner>
                        <affiliationowner>PW</affiliationowner>
                        <code>institution_category</code>
                        <name>kategoria instytucji</name>
                        <nonRepeatableByDefault>false</nonRepeatableByDefault>
                    </ns0:termtype>
                    <systemName>Publisher</systemName>
                    <namePL>Wydawca</namePL>
                    <nameEN>Publisher</nameEN>
                    <priority>IC190</priority>
                    <notActive>false</notActive>
                </otherCategory>
                <country type="validationtable">
                    <id>WUT382314</id>
                    <owner>wstruk</owner>
                    <affiliationowner>PW</affiliationowner>
                    <validationType>COUNTRY</validationType>
                    <namePL>Polska</namePL>
                    <nameEN>Poland</nameEN>
                    <validationtable type="validationtable">
                        <id>WUT35bb1cba0c1740afa065a42d4164e9a1</id>
                        <owner>wstruk</owner>
                        <affiliationowner>PW</affiliationowner>
                        <validationType>ORGANIZATION</validationType>
                        <namePL>Organizacja Współpracy Gospodarczej i Rozwoju</namePL>
                        <nameEN>Organisation for Economic Co-operation and Development</nameEN>
                        <nameOTH>OECD</nameOTH>
                        <ns0:validationprofile type="validationprofile">
                            <intNumber>0</intNumber>
                        </ns0:validationprofile>
                    </validationtable>
                    <relatedOrganization type="validationtable">
                        <id>WUT382396</id>
                        <owner>wstruk</owner>
                        <affiliationowner>PW</affiliationowner>
                        <validationType>ORGANIZATION</validationType>
                        <namePL>Pakt Północnoatlantycki</namePL>
                        <nameEN>The North Atlantic Treaty Organisation</nameEN>
                        <nameOTH>NATO</nameOTH>
                        <ns0:validationprofile type="validationprofile">
                            <intNumber>0</intNumber>
                        </ns0:validationprofile>
                    </relatedOrganization>
                    <relatedOrganization type="validationtable">
                        <id>WUT382397</id>
                        <owner>wstruk</owner>
                        <affiliationowner>PW</affiliationowner>
                        <validationType>ORGANIZATION</validationType>
                        <namePL>Unia Europejska</namePL>
                        <nameEN>European Union</nameEN>
                        <nameOTH>UE</nameOTH>
                        <nameOTH>EU</nameOTH>
                        <ns0:validationprofile type="validationprofile">
                            <intNumber>0</intNumber>
                        </ns0:validationprofile>
                    </relatedOrganization>
                    <relatedRegion type="validationtable">
                        <id>WUT7be4e0717dda43d186ccbcbf60ee77df</id>
                        <owner>sages-hrybinski</owner>
                        <affiliationowner>PW</affiliationowner>
                        <validationType>REGION</validationType>
                        <namePL>Europa</namePL>
                        <nameEN>Europe</nameEN>
                        <ns0:validationprofile type="validationprofile">
                            <intNumber>0</intNumber>
                        </ns0:validationprofile>
                    </relatedRegion>
                    <relatedRegion type="validationtable">
                        <id>WUT2cef385086cf41f29784a4a26a7ff8a8</id>
                        <owner>wstruk</owner>
                        <affiliationowner>PW</affiliationowner>
                        <validationType>REGION</validationType>
                        <namePL>Europa Środkowa</namePL>
                        <nameEN>Central Europe</nameEN>
                        <ns0:validationprofile type="validationprofile">
                            <intNumber>0</intNumber>
                        </ns0:validationprofile>
                    </relatedRegion>
                    <relatedRegion type="validationtable">
                        <id>WUT91cb74055bf647dc8c4e69653f0c3b1a</id>
                        <owner>wstruk</owner>
                        <affiliationowner>PW</affiliationowner>
                        <validationType>REGION</validationType>
                        <namePL>Europa Wschodnia</namePL>
                        <nameEN>Eastern Europe</nameEN>
                        <ns0:validationprofile type="validationprofile">
                            <intNumber>0</intNumber>
                        </ns0:validationprofile>
                    </relatedRegion>
                    <ns0:validationprofile type="validationprofile">
                        <intNumber>0</intNumber>
                    </ns0:validationprofile>
                </country>
                <ns0:indicator type="indicator">
                    <id>WUT4bc77bd12f7244fe8eaa24e7ff6b597f</id>
                    <owner>mwasiluk</owner>
                    <affiliationowner>PW</affiliationowner>
                    <name type="term">
                        <id>WUT7f9de23d44984c9f9daddca421a42db5</id>
                        <owner>wstruk</owner>
                        <affiliationowner>PW</affiliationowner>
                        <ns0:termtype type="termtype">
                            <id>WUT4431eff850914f6280e8366aa21ae26a</id>
                            <owner>wstruk</owner>
                            <affiliationowner>PW</affiliationowner>
                            <code>publisher_score</code>
                            <name>Punktacja wydawców</name>
                            <nonRepeatableByDefault>false</nonRepeatableByDefault>
                        </ns0:termtype>
                        <systemName>Publisher_scoreMinisterial</systemName>
                        <namePL>Punktacja MNiSW wydawców</namePL>
                        <nameEN>Publisher Ministerial score</nameEN>
                        <priority>PS110</priority>
                        <notActive>false</notActive>
                    </name>
                    <ns0:indicatordata type="indicatordata">
                        <id>WUTe84dacaa1eea476e8ac0fd4431b02ddc</id>
                        <owner>mwasiluk</owner>
                        <affiliationowner>PW</affiliationowner>
                        <year>2019</year>
                        <value>80</value>
                        <svalue>PI</svalue>
                        <evaluationDate>2019-12-17</evaluationDate>
                    </ns0:indicatordata>
                </ns0:indicator>
                <ns0:corporateauthorprofile type="corporateauthorprofile">
                    <extid type="termfield">
                        <id>WUT143c07ae64b748739d57e7f0260cc5ee</id>
                        <owner>mwasiluk</owner>
                        <affiliationowner>PW</affiliationowner>
                        <idtype type="term">
                            <id>WUT2908badb453e4a748917f3e9509a569e</id>
                            <owner>wstruk</owner>
                            <affiliationowner>PW</affiliationowner>
                            <ns0:termtype type="termtype">
<id>WUT6deee7292297435fb414dcd87dd84f0d</id>
<owner>wstruk</owner>
<affiliationowner>PW</affiliationowner>
<code>external_id</code>
<name>Identyfikator w systemie zewnętrznym</name>
<nonRepeatableByDefault>false</nonRepeatableByDefault>
                            </ns0:termtype>
                            <systemName>MNiSWid</systemName>
                            <namePL>Identyfikator MNiSW</namePL>
                            <nameEN>MNiSW Identifier</nameEN>
                            <priority>EI130</priority>
                            <notActive>false</notActive>
                        </idtype>
                        <value>53800</value>
                    </extid>
                    <extid type="termfield">
                        <id>WUT5debef7d64a64c69b14d53d83ad3f4a4</id>
                        <owner>PbnIntegrator</owner>
                        <affiliationowner>PW</affiliationowner>
                        <idtype type="term">
                            <id>WUTfbafd2ec77464f57b240bdbc14318de0</id>
                            <owner>system</owner>
                            <affiliationowner>PW</affiliationowner>
                            <ns0:termtype type="termtype">
<id>WUT6deee7292297435fb414dcd87dd84f0d</id>
<owner>system</owner>
<affiliationowner>PW</affiliationowner>
<code>external_id</code>
<name>Identyfikator w systemie zewnętrznym</name>
<nonRepeatableByDefault>false</nonRepeatableByDefault>
                            </ns0:termtype>
                            <systemName>PBN_mongoId</systemName>
                            <namePL>Identyfikator PBN MongoId</namePL>
                            <nameEN>PSB Identifier MongoId</nameEN>
                            <priority>EI1153</priority>
                            <notActive>false</notActive>
                        </idtype>
                        <value>5d6ce1bc878c284eaa45c8fe</value>
                    </extid>
                    <ns0:statisticsdata type="statisticsdata">
                        <numberOfPublications xsi:nil="true" />
                        <numberOfPatents xsi:nil="true" />
                        <numberOfProjects xsi:nil="true" />
                        <numberOfFinancedProjects xsi:nil="true" />
                        <numberOfWorks xsi:nil="true" />
                        <rankingScore xsi:nil="true" />
                    </ns0:statisticsdata>
                </ns0:corporateauthorprofile>
                <evaluationOK>false</evaluationOK>
            </publisherInstitution>
            <publisher>Wydawnictwo Szkoły Głównej Mikołaja Kopernika </publisher>
            <isbn>978-83-971600-5-7</isbn>
            <url>https://bazawiedzy.uksw.edu.pl/info/book/UKSW5b81bbed16e64c1a953beb5c90634bda/</url>
            <classified xsi:nil="true" />
            <fees type="publicationfees">
                <costFreePublication>false</costFreePublication>
                <researchPotentialFinancialResources>false</researchPotentialFinancialResources>
                <researchOrDevelopmentProjectsFinancialResources>false</researchOrDevelopmentProjectsFinancialResources>
                <other>false</other>
            </fees>
            <pbnIntegration type="integrationinfo" />
        </ns0:book>
        <id>WUTfc89036704854281b471858bd71e73d4</id>
        <recordStatus>completed</recordStatus>
        <owner>1177732</owner>
        <affiliationowner>RE</affiliationowner>
        <disciplinesApprovalDate>2024-10-02T15:58:14+0200</disciplinesApprovalDate>
        <ns0:approveddiscipline type="approveddiscipline">
            <id>WUT79f3f5033ef042c7a30691e601145fbe</id>
            <owner>1177732</owner>
            <affiliationowner>RE</affiliationowner>
            <discipline type="term">
                <id>WUTfef424a0094d4fc3865bb3aabd414c88</id>
                <owner>wstruk</owner>
                <affiliationowner>PW</affiliationowner>
                <ns0:termtype type="termtype">
                    <id>WUTa3c22b79ece54e0e99025251051d9b0d</id>
                    <owner>wstruk</owner>
                    <affiliationowner>PW</affiliationowner>
                    <code>oecdx</code>
                    <name>OECD extended</name>
                    <nonRepeatableByDefault>false</nonRepeatableByDefault>
                </ns0:termtype>
                <systemName>2.3</systemName>
                <namePL>informatyka techniczna i telekomunikacja</namePL>
                <nameEN>information and communication technology</nameEN>
                <accronymPL>ITT</accronymPL>
                <accronymEN>ICT</accronymEN>
                <ns0:term type="term">
                    <id>WUTd7b77e1b91d44c64a57c032ede7bf851</id>
                    <owner>wstruk</owner>
                    <affiliationowner>PW</affiliationowner>
                    <ns0:termtype type="termtype">
                        <id>WUTa3c22b79ece54e0e99025251051d9b0d</id>
                        <owner>wstruk</owner>
                        <affiliationowner>PW</affiliationowner>
                        <code>oecdx</code>
                        <name>OECD extended</name>
                        <nonRepeatableByDefault>false</nonRepeatableByDefault>
                    </ns0:termtype>
                    <systemName>2</systemName>
                    <namePL>Dziedzina nauk inżynieryjno-technicznych</namePL>
                    <nameEN>Engineering and technology</nameEN>
                    <accronymPL>DNINZ</accronymPL>
                    <accronymEN>2</accronymEN>
                    <priority>02.00</priority>
                    <xid type="field">
                        <id>WUT217a0da3ad554648828696317acb6cee</id>
                        <owner>wstruk</owner>
                        <affiliationowner>PW</affiliationowner>
                        <key>polon_id</key>
                        <value>DZ0102N</value>
                    </xid>
                    <notActive>false</notActive>
                </ns0:term>
                <priority>02.03</priority>
                <xid type="field">
                    <id>WUT9eb30fd170fd45918a1d046b9f7302cd</id>
                    <owner>PbnIntegrator</owner>
                    <affiliationowner>PW</affiliationowner>
                    <key>pbn_idArea</key>
                    <value>203</value>
                </xid>
                <xid type="field">
                    <id>WUT7f1a57adbae649e4ba0510c019498bec</id>
                    <owner>wstruk</owner>
                    <affiliationowner>PW</affiliationowner>
                    <key>polon_id</key>
                    <value>DS010204N</value>
                </xid>
                <notActive>false</notActive>
            </discipline>
            <date>2024-10-02T15:58:14+0200</date>
        </ns0:approveddiscipline>
        <extid type="termfield">
            <id>WUT69a33bf8445f47f78acb50b5aa15bed1</id>
            <owner>1177732</owner>
            <affiliationowner>RE</affiliationowner>
            <idtype type="term">
                <id>WUTfbafd2ec77464f57b240bdbc14318de0</id>
                <owner>system</owner>
                <affiliationowner>RE</affiliationowner>
                <ns0:termtype type="termtype">
                    <id>WUT6deee7292297435fb414dcd87dd84f0d</id>
                    <owner>system</owner>
                    <affiliationowner>RE</affiliationowner>
                    <code>external_id</code>
                    <name>Identyfikator w systemie zewnętrznym</name>
                    <nonRepeatableByDefault>false</nonRepeatableByDefault>
                </ns0:termtype>
                <systemName>PBN_mongoId</systemName>
                <namePL>Identyfikator PBN MongoId</namePL>
                <nameEN>PSB Identifier MongoId</nameEN>
                <priority>EI1153</priority>
                <notActive>false</notActive>
            </idtype>
            <value>684180b3fdbe833174174480</value>
        </extid>
        <inPress>false</inPress>
        <noEvaluation>false</noEvaluation>
        <meetsPlanSRequirements>false</meetsPlanSRequirements>
        <score>20</score>
        <scoreDate>2025-09-09T23:23:58+0200</scoreDate>
        <scoreReason>MonographChapterAuthor</scoreReason>
        <rulesetName>IFWoS (with update), drl All_years_with_U20-scoring-v4a_for_v220(20250127), All_years_with_U20-scoring-v4d_for_v220(20250407), Scopus SNIP (with ASJC) v2, IFWoS, ScopusCiteScore, All_years_with_U20-scoring-v2y_for_v220(20240930), Scopus SNIP (without ASJC)</rulesetName>
        <legalBasis>Rozporządzenie MNiSW z dnia 22 lutego 2019 r. (§ 12 ust. 4 pkt 1, 2, 3)</legalBasis>
        <ns0:scoring type="scoring">
            <id>WUTa389ab0642464769887d6490fa73be72</id>
            <owner>1177732</owner>
            <affiliationowner>RE</affiliationowner>
            <system type="term">
                <id>WUT6e0ab667f4e6485faa64fae0cd24964a</id>
                <owner>wstruk</owner>
                <affiliationowner>PW</affiliationowner>
                <ns0:termtype type="termtype">
                    <id>WUTda3a51e923df43a39a54b91c4338f92a</id>
                    <owner>wstruk</owner>
                    <affiliationowner>PW</affiliationowner>
                    <code>scoringSystem</code>
                    <name>System punktacji</name>
                    <nonRepeatableByDefault>false</nonRepeatableByDefault>
                </ns0:termtype>
                <systemName>scoringMinisterial</systemName>
                <namePL>Punktacja MNiSW</namePL>
                <nameEN>Ministerial score</nameEN>
                <accronymPL />
                <accronymEN />
                <priority>SS110</priority>
                <additionalCategory>reportSelectable</additionalCategory>
                <notActive>false</notActive>
            </system>
            <score>20.0</score>
            <scoreDate>2025-09-09T23:23:58+0200</scoreDate>
            <scoreReason>MonographChapterAuthor</scoreReason>
            <rulesetName>IFWoS (with update), All_years_with_U20-scoring-v2y_for_v220(20240930), drl All_years_with_U20-scoring-v4a_for_v220(20250127), All_years_with_U20-scoring-v4d_for_v220(20250407), Scopus SNIP (with ASJC) v2, IFWoS, ScopusCiteScore</rulesetName>
            <legalBasis>Rozporządzenie MNiSW z dnia 22 lutego 2019 r. (§ 12 ust. 4 pkt 1, 2, 3)</legalBasis>
            <scoreForcing>false</scoreForcing>
        </ns0:scoring>
        <scoreSource>publisherList</scoreSource>
        <ns0:indicator type="indicator">
            <id>WUT2be7c5c486d945fc8b56a071d6e9aca8</id>
            <owner>1177732</owner>
            <affiliationowner>RE</affiliationowner>
            <name type="term">
                <id>WUT9b3935f557bf4a08826ff507d685b9b8</id>
                <owner>wstruk</owner>
                <affiliationowner>PW</affiliationowner>
                <ns0:termtype type="termtype">
                    <id>WUTde3a681a169d462f8f2ff0aecda362c1</id>
                    <owner>wstruk</owner>
                    <affiliationowner>PW</affiliationowner>
                    <code>citations</code>
                    <name>Cytowania</name>
                    <nonRepeatableByDefault>false</nonRepeatableByDefault>
                </ns0:termtype>
                <systemName>citationsGS</systemName>
                <namePL>Cytowania GS</namePL>
                <nameEN>GS Citations</nameEN>
                <priority>CI120</priority>
                <notActive>false</notActive>
            </name>
            <ns0:indicatordata type="indicatordata">
                <id>WUT08f683e1295e48618ca8314aac1a6d67</id>
                <owner>1177732</owner>
                <affiliationowner>RE</affiliationowner>
                <year xsi:nil="true" />
                <value>0</value>
                <evaluationDate>2024-11-30T18:00:26+0100</evaluationDate>
            </ns0:indicatordata>
        </ns0:indicator>
        <ns0:author type="author">
            <id>WEITI-10689dd3-8ffd-43b6-b865-de59b3fdcdae</id>
            <recordStatus>completed</recordStatus>
            <active>true</active>
            <status>PRACOWNIK</status>
            <officialAcademicDegree type="term">
                <id>WUT6e186dbfbddd41fb8c0b054537b5794b</id>
                <owner>wstruk</owner>
                <affiliationowner>PW</affiliationowner>
                <ns0:termtype type="termtype">
                    <id>WUT4e7b6f866b8d489888bd3347c5a97bb3</id>
                    <owner>wstruk</owner>
                    <affiliationowner>PW</affiliationowner>
                    <code>academicDegree</code>
                    <name>Stopień/tytuł</name>
                    <nonRepeatableByDefault>false</nonRepeatableByDefault>
                </ns0:termtype>
                <systemName>drhabinz</systemName>
                <namePL>dr hab. inż.</namePL>
                <nameEN>D.Sc.</nameEN>
                <priority>D54</priority>
                <notActive>false</notActive>
            </officialAcademicDegree>
            <belonging2N>true</belonging2N>
            <name>Piotr</name>
            <surname>Bilski</surname>
            <email>piotr.bilski@pw.edu.pl</email>
            <ns0:affiliation type="affiliation">
                <id>WEITI-4e2d0ea0-1c27-42d1-b5f3-cebd7e0fa897</id>
                <recordStatus>completed</recordStatus>
                <namePL>Instytut Radioelektroniki i Technik Multimedialnych</namePL>
                <nameEN>The Institute of Radioelectronics and Multimedia Technology</nameEN>
                <accronymPL>RE</accronymPL>
                <presentedAccronymPL>IRTM</presentedAccronymPL>
                <accronymEN>IRMT</accronymEN>
                <otherFormsOfName>Instytut Radioelektroniki</otherFormsOfName>
                <ns0:affiliation type="affiliation">
                    <id>WEITI-aca13175-86da-4e95-bb44-9e831ef22360</id>
                    <recordStatus>completed</recordStatus>
                    <namePL>Wydział Elektroniki i Technik Informacyjnych</namePL>
                    <nameEN>Faculty of Electronics and Information Technology</nameEN>
                    <accronymPL>WEiTI</accronymPL>
                    <accronymEN>FEIT</accronymEN>
                    <ns0:affiliation type="affiliation">
                        <id>WEITI-35347b89-6944-4413-83c0-85acc4b2e2d4</id>
                        <recordStatus>completed</recordStatus>
                        <namePL>Politechnika Warszawska</namePL>
                        <nameEN>Warsaw University of Technology</nameEN>
                        <accronymPL>PW</accronymPL>
                        <accronymEN>WUT</accronymEN>
                        <ns0:affiliationprofile type="affiliationprofile">
                            <certifyingUnit>false</certifyingUnit>
                        </ns0:affiliationprofile>
                        <notActive>false</notActive>
                        <dontPropagateInactivity>false</dontPropagateInactivity>
                    </ns0:affiliation>
                    <ns0:affiliationprofile type="affiliationprofile">
                        <certifyingUnit>false</certifyingUnit>
                    </ns0:affiliationprofile>
                    <notActive>false</notActive>
                    <dontPropagateInactivity>false</dontPropagateInactivity>
                </ns0:affiliation>
                <ns0:affiliationprofile type="affiliationprofile">
                    <certifyingUnit>false</certifyingUnit>
                </ns0:affiliationprofile>
                <notActive>false</notActive>
                <dontPropagateInactivity>false</dontPropagateInactivity>
            </ns0:affiliation>
            <unit>ZEA</unit>
            <externalAffiliationButEvaluation>false</externalAffiliationButEvaluation>
            <ns0:team type="team">
                <id>WUT435f0e9f652e43efae7d7948ebdfba7c</id>
                <recordStatus>completed</recordStatus>
                <leader type="author">
                    <recordStatus>completed</recordStatus>
                    <active>false</active>
                    <status>ZEWNETRZNY</status>
                    <belonging2N>false</belonging2N>
                    <externalAffiliationButEvaluation>false</externalAffiliationButEvaluation>
                    <disciplinesApprovedByAuthor>false</disciplinesApprovedByAuthor>
                    <contribution xsi:nil="true" />
                    <ns0:authorprofile type="authorprofile">
                        <hindex>0</hindex>
                        <rankingScore>0.0</rankingScore>
                        <noEvaluation>false</noEvaluation>
                        <sex>0</sex>
                        <supervisionOffer type="supervisionoffer">
                            <active>false</active>
                        </supervisionOffer>
                    </ns0:authorprofile>
                    <profilepreferences type="authorprofilepreferences" />
                    <ns0:authormirprofile type="authormirprofile" />
                </leader>
                <type type="term">
                    <notActive>false</notActive>
                </type>
                <cooperationLevel type="term">
                    <notActive>false</notActive>
                </cooperationLevel>
                <showProfile>true</showProfile>
                <notActive>false</notActive>
                <classified xsi:nil="true" />
                <international>false</international>
            </ns0:team>
            <mainDiscipline type="discipline">
                <id>WUT571aadb66c6e41ab99614edd95b96ced</id>
                <owner>wstruk</owner>
                <affiliationowner>PW</affiliationowner>
                <disciplineType>DISCIPLINE</disciplineType>
                <namePL>informatyka</namePL>
                <nameEN>information science</nameEN>
                <discipline type="discipline">
                    <id>WUT93c33dbcb77d467a9e924c74c54d9074</id>
                    <owner>wstruk</owner>
                    <affiliationowner>PW</affiliationowner>
                    <disciplineType>DOMAIN</disciplineType>
                    <namePL>dziedzina nauk technicznych</namePL>
                    <nameEN>technology domain</nameEN>
                    <discipline type="discipline">
                        <id>WUTbd68a51b42d7425b8d775456106997ac</id>
                        <owner>wstruk</owner>
                        <affiliationowner>PW</affiliationowner>
                        <disciplineType>AREA</disciplineType>
                        <namePL>obszar nauk technicznych</namePL>
                        <nameEN>technological sciences</nameEN>
                    </discipline>
                </discipline>
            </mainDiscipline>
            <activityDiscipline type="authordiscipline">
                <id>WUTc0b94a2978fd48e6b1fc142f3e9ff835</id>
                <owner>1177732</owner>
                <affiliationowner>RE</affiliationowner>
                <discipline type="term">
                    <id>WUTfef424a0094d4fc3865bb3aabd414c88</id>
                    <owner>wstruk</owner>
                    <affiliationowner>PW</affiliationowner>
                    <ns0:termtype type="termtype">
                        <id>WUTa3c22b79ece54e0e99025251051d9b0d</id>
                        <owner>wstruk</owner>
                        <affiliationowner>PW</affiliationowner>
                        <code>oecdx</code>
                        <name>OECD extended</name>
                        <nonRepeatableByDefault>false</nonRepeatableByDefault>
                    </ns0:termtype>
                    <systemName>2.3</systemName>
                    <namePL>informatyka techniczna i telekomunikacja</namePL>
                    <nameEN>information and communication technology</nameEN>
                    <accronymPL>ITT</accronymPL>
                    <accronymEN>ICT</accronymEN>
                    <ns0:term type="term">
                        <id>WUTd7b77e1b91d44c64a57c032ede7bf851</id>
                        <owner>wstruk</owner>
                        <affiliationowner>PW</affiliationowner>
                        <ns0:termtype type="termtype">
                            <id>WUTa3c22b79ece54e0e99025251051d9b0d</id>
                            <owner>wstruk</owner>
                            <affiliationowner>PW</affiliationowner>
                            <code>oecdx</code>
                            <name>OECD extended</name>
                            <nonRepeatableByDefault>false</nonRepeatableByDefault>
                        </ns0:termtype>
                        <systemName>2</systemName>
                        <namePL>Dziedzina nauk inżynieryjno-technicznych</namePL>
                        <nameEN>Engineering and technology</nameEN>
                        <accronymPL>DNINZ</accronymPL>
                        <accronymEN>2</accronymEN>
                        <priority>02.00</priority>
                        <xid type="field">
                            <id>WUT217a0da3ad554648828696317acb6cee</id>
                            <owner>wstruk</owner>
                            <affiliationowner>PW</affiliationowner>
                            <key>polon_id</key>
                            <value>DZ0102N</value>
                        </xid>
                        <notActive>false</notActive>
                    </ns0:term>
                    <priority>02.03</priority>
                    <xid type="field">
                        <id>WUT9eb30fd170fd45918a1d046b9f7302cd</id>
                        <owner>PbnIntegrator</owner>
                        <affiliationowner>PW</affiliationowner>
                        <key>pbn_idArea</key>
                        <value>203</value>
                    </xid>
                    <xid type="field">
                        <id>WUT7f1a57adbae649e4ba0510c019498bec</id>
                        <owner>wstruk</owner>
                        <affiliationowner>PW</affiliationowner>
                        <key>polon_id</key>
                        <value>DS010203N</value>
                    </xid>
                    <notActive>false</notActive>
                </discipline>
                <activityPercentage>100</activityPercentage>
                <belonging2N>false</belonging2N>
                <year xsi:nil="true" />
            </activityDiscipline>
            <disciplinesApprovedByAuthor>true</disciplinesApprovedByAuthor>
            <termsAndConditionsResponse type="termsandconditionsresponse">
                <id>WUTa15269c69a884fc7bef4edae87427813</id>
                <owner>1177732</owner>
                <affiliationowner>RE</affiliationowner>
                <terms type="termsandconditions">
                    <id>WUTbbe67bcd3d5345e9a67191920d2798ce</id>
                    <type type="term">
                        <id>WUT466d2b892ea24bbf86e384301252917d</id>
                        <owner>system</owner>
                        <affiliationowner>PW</affiliationowner>
                        <ns0:termtype type="termtype">
                            <id>WUT0f33bc946b8446c7b57f23f08e9ee196</id>
                            <owner>system</owner>
                            <affiliationowner>PW</affiliationowner>
                            <code>termsandconditions_type</code>
                            <name>Terms and Conditions type</name>
                            <nonRepeatableByDefault>false</nonRepeatableByDefault>
                        </ns0:termtype>
                        <systemName>termsandconditions_discipline_selection_statement</systemName>
                        <namePL>
            Oświadczenie autora o dyscyplinie naukowej w publikacji
        </namePL>
                        <nameEN>Publication discipline author's statement</nameEN>
                        <notActive>false</notActive>
                    </type>
                    <namePL>Oświadczenie autora o dyscyplinie naukowej w publikacji</namePL>
                    <nameEN>The declaration of the author about scientific discipline of the publication</nameEN>
                    <versionNumber>1</versionNumber>
                    <required>true</required>
                    <enableAdditionalTextInResponse>false</enableAdditionalTextInResponse>
                    <status>published</status>
                </terms>
                <user>pbilski</user>
                <response>accepted</response>
                <responseDate>2024-10-02T15:58:13+0200</responseDate>
            </termsAndConditionsResponse>
            <staffGroup type="term">
                <id>WUT4b86b29bf9b9448ab558a479107a1d58</id>
                <owner>wstruk</owner>
                <affiliationowner>PW</affiliationowner>
                <ns0:termtype type="termtype">
                    <id>WUT3817e163aedd49d0b8011432010847aa</id>
                    <owner>wstruk</owner>
                    <affiliationowner>PW</affiliationowner>
                    <code>staffGroup</code>
                    <name>Grupa zatrudnienia</name>
                    <nonRepeatableByDefault>false</nonRepeatableByDefault>
                </ns0:termtype>
                <systemName>researchteachingStaff</systemName>
                <namePL>pracownicy badawczo-dydaktyczni</namePL>
                <nameEN>Research-teaching staff</nameEN>
                <ns0:term type="term">
                    <id>WUT9c1a64ba0377485eb3aac7a30234260b</id>
                    <owner>wstruk</owner>
                    <affiliationowner>PW</affiliationowner>
                    <ns0:termtype type="termtype">
                        <id>WUT3817e163aedd49d0b8011432010847aa</id>
                        <owner>wstruk</owner>
                        <affiliationowner>PW</affiliationowner>
                        <code>staffGroup</code>
                        <name>Grupa zatrudnienia</name>
                        <nonRepeatableByDefault>false</nonRepeatableByDefault>
                    </ns0:termtype>
                    <systemName>academicStaff</systemName>
                    <namePL>Nauczyciele akademiccy</namePL>
                    <nameEN>Academic staff</nameEN>
                    <priority>G01</priority>
                    <notActive>false</notActive>
                </ns0:term>
                <priority>G13</priority>
                <notActive>false</notActive>
            </staffGroup>
            <contribution xsi:nil="true" />
            <ns0:authorprofile type="authorprofile">
                <extid type="termfield">
                    <id>WUT2687cbfa90aa468cb471d0bf463f8549</id>
                    <owner>anoinska</owner>
                    <affiliationowner>RE</affiliationowner>
                    <idtype type="term">
                        <id>WUT6675b636b7aa4f4f9b48005536da4b07</id>
                        <owner>wstruk</owner>
                        <affiliationowner>PW</affiliationowner>
                        <ns0:termtype type="termtype">
                            <id>WUT73721172d9e7483ba46a61d697ffa3b3</id>
                            <owner>wstruk</owner>
                            <affiliationowner>BOI</affiliationowner>
                            <code>person_id</code>
                            <name>Identyfikator osoby</name>
                            <nonRepeatableByDefault>false</nonRepeatableByDefault>
                        </ns0:termtype>
                        <systemName>personnalPSB</systemName>
                        <namePL>Identyfikator PBN</namePL>
                        <nameEN>PSB Identifier</nameEN>
                        <accronymPL>PBN</accronymPL>
                        <accronymEN>PSB</accronymEN>
                        <priority>U120</priority>
                        <notActive>false</notActive>
                    </idtype>
                    <value>922265</value>
                </extid>
                <extid type="termfield">
                    <id>WUT24d34de7e8df49d6a00df41ae119f93c</id>
                    <owner>anoinska</owner>
                    <affiliationowner>RE</affiliationowner>
                    <idtype type="term">
                        <id>WUT1861844d9190458bb6377aad4e04bf38</id>
                        <owner>lskoniec</owner>
                        <affiliationowner>PW</affiliationowner>
                        <ns0:termtype type="termtype">
                            <id>WUT73721172d9e7483ba46a61d697ffa3b3</id>
                            <owner>wstruk</owner>
                            <affiliationowner>BOI</affiliationowner>
                            <code>person_id</code>
                            <name>Identyfikator osoby</name>
                            <nonRepeatableByDefault>false</nonRepeatableByDefault>
                        </ns0:termtype>
                        <systemName>PWSAP</systemName>
                        <namePL>PWSAP</namePL>
                        <priority>P110</priority>
                        <notActive>false</notActive>
                    </idtype>
                    <value>108860</value>
                </extid>
                <extid type="termfield">
                    <id>WUT303603d78f624e95846ca960cb3e8bc1</id>
                    <owner>anoinska</owner>
                    <affiliationowner>RE</affiliationowner>
                    <idtype type="term">
                        <id>WUT06219a5f59ef46d2855a42bc83fabf8f</id>
                        <owner>lskoniec</owner>
                        <affiliationowner>PW</affiliationowner>
                        <ns0:termtype type="termtype">
                            <id>WUT73721172d9e7483ba46a61d697ffa3b3</id>
                            <owner>wstruk</owner>
                            <affiliationowner>BOI</affiliationowner>
                            <code>person_id</code>
                            <name>Identyfikator osoby</name>
                            <nonRepeatableByDefault>false</nonRepeatableByDefault>
                        </ns0:termtype>
                        <systemName>scholar</systemName>
                        <namePL>google scholar</namePL>
                        <nameEN>google scholar</nameEN>
                        <notActive>false</notActive>
                    </idtype>
                    <value>C7AVPGcAAAAJ</value>
                </extid>
                <extid type="termfield">
                    <id>WUT3c4cf0f9a3de4771ab8bdc2c4b1d043d</id>
                    <owner>anoinska</owner>
                    <affiliationowner>RE</affiliationowner>
                    <idtype type="term">
                        <id>WUT0fd794746a704f42a40229c86b4a8543</id>
                        <owner>wstruk</owner>
                        <affiliationowner>PW</affiliationowner>
                        <ns0:termtype type="termtype">
                            <id>WUT73721172d9e7483ba46a61d697ffa3b3</id>
                            <owner>wstruk</owner>
                            <affiliationowner>BOI</affiliationowner>
                            <code>person_id</code>
                            <name>Identyfikator osoby</name>
                            <nonRepeatableByDefault>false</nonRepeatableByDefault>
                        </ns0:termtype>
                        <systemName>ORCID</systemName>
                        <namePL>Identyfikator osobowy ORCID</namePL>
                        <nameEN>ORCID</nameEN>
                        <accronymEN>ORCID</accronymEN>
                        <priority>U130</priority>
                        <notActive>false</notActive>
                    </idtype>
                    <value>0000-0002-5463-9411</value>
                </extid>
                <extid type="termfield">
                    <id>WUT36613b98b9a642fb8ce08122b5ec795f</id>
                    <owner>anoinska</owner>
                    <affiliationowner>RE</affiliationowner>
                    <idtype type="term">
                        <id>WUT2d8d65028792443891668f54f30f6f71</id>
                        <owner>wstruk</owner>
                        <affiliationowner>PW</affiliationowner>
                        <ns0:termtype type="termtype">
                            <id>WUT6deee7292297435fb414dcd87dd84f0d</id>
                            <owner>wstruk</owner>
                            <affiliationowner>PW</affiliationowner>
                            <code>external_id</code>
                            <name>Identyfikator w systemie zewnętrznym</name>
                            <nonRepeatableByDefault>false</nonRepeatableByDefault>
                        </ns0:termtype>
                        <systemName>USOSid</systemName>
                        <namePL>Identyfikator USOS</namePL>
                        <nameEN>USOS Identifier</nameEN>
                        <notActive>false</notActive>
                    </idtype>
                    <value>66970</value>
                </extid>
                <extid type="termfield">
                    <id>WUT5bb36800e3c64ecd9db1c339f1ddca6a</id>
                    <owner>anoinska</owner>
                    <affiliationowner>RE</affiliationowner>
                    <idtype type="term">
                        <id>WUTfe712e9e17404de29f343752164c96a7</id>
                        <owner>wstruk</owner>
                        <affiliationowner>PW</affiliationowner>
                        <ns0:termtype type="termtype">
                            <id>WUT6deee7292297435fb414dcd87dd84f0d</id>
                            <owner>wstruk</owner>
                            <affiliationowner>PW</affiliationowner>
                            <code>external_id</code>
                            <name>Identyfikator w systemie zewnętrznym</name>
                            <nonRepeatableByDefault>false</nonRepeatableByDefault>
                        </ns0:termtype>
                        <systemName>ScopusId</systemName>
                        <namePL>Identyfikator Scopus</namePL>
                        <nameEN>Scopus Identifier</nameEN>
                        <priority>EI120</priority>
                        <notActive>false</notActive>
                    </idtype>
                    <value>21933807600</value>
                </extid>
                <extid type="termfield">
                    <id>WUT17a935a4312e4dc9a979d3a73f9dc508</id>
                    <owner>anoinska</owner>
                    <affiliationowner>RE</affiliationowner>
                    <idtype type="term">
                        <id>WUT1a02b6c6e47c457d9a7f061d865684a8</id>
                        <owner>system</owner>
                        <affiliationowner>WMEiL</affiliationowner>
                        <ns0:termtype type="termtype">
                            <id>WUT6deee7292297435fb414dcd87dd84f0d</id>
                            <owner>system</owner>
                            <affiliationowner>WMEiL</affiliationowner>
                            <code>external_id</code>
                            <name>Identyfikator w systemie zewnętrznym</name>
                            <nonRepeatableByDefault>false</nonRepeatableByDefault>
                        </ns0:termtype>
                        <systemName>POLon_Uuid</systemName>
                        <namePL>Identyfikator polonUuid</namePL>
                        <nameEN>Identifier polonUuid</nameEN>
                        <priority>EI1155</priority>
                        <notActive>false</notActive>
                    </idtype>
                    <value>dbb21b68-ac87-4612-81f3-b5ee34de6093</value>
                </extid>
                <extid type="termfield">
                    <id>WUT5c1e47ddebf044acbf00401cc6e4c483</id>
                    <owner>anoinska</owner>
                    <affiliationowner>RE</affiliationowner>
                    <idtype type="term">
                        <id>WUT8451786af88c4580b1198f347a0048f5</id>
                        <owner>wstruk</owner>
                        <affiliationowner>PW</affiliationowner>
                        <ns0:termtype type="termtype">
                            <id>WUT6deee7292297435fb414dcd87dd84f0d</id>
                            <owner>wstruk</owner>
                            <affiliationowner>PW</affiliationowner>
                            <code>external_id</code>
                            <name>Identyfikator w systemie zewnętrznym</name>
                            <nonRepeatableByDefault>false</nonRepeatableByDefault>
                        </ns0:termtype>
                        <systemName>WoSId</systemName>
                        <namePL>Identyfikator WoS</namePL>
                        <nameEN>WoS Identifier</nameEN>
                        <priority>EI110</priority>
                        <notActive>false</notActive>
                    </idtype>
                    <value>GBI-1305-2022</value>
                </extid>
                <hindex>14</hindex>
                <rankingScore>7.0</rankingScore>
                <noEvaluation>false</noEvaluation>
                <supervisionOffer type="supervisionoffer">
                    <active>false</active>
                </supervisionOffer>
            </ns0:authorprofile>
            <profilepreferences type="authorprofilepreferences" />
            <ns0:authormirprofile type="authormirprofile" />
            <ns0:field type="field">
                <id>WUT89a2f3a1265040aebbcb4fe4b7af4202</id>
                <owner>anoinska</owner>
                <affiliationowner>RE</affiliationowner>
                <key>POL-ON import - updated position</key>
                <value>1_PW_raport_POL_on_dyscyplina_należy_N_23_02_2019_do_wysl.xlsx</value>
            </ns0:field>
            <ns0:field type="field">
                <id>WUT5899ec692bdc44649d7f8f35f76ac7a4</id>
                <owner>anoinska</owner>
                <affiliationowner>RE</affiliationowner>
                <key>orcid_access_token</key>
                <value>48840ded-93d0-4f89-99f0-233867a3edbc</value>
            </ns0:field>
        </ns0:author>
        <ns0:author type="author">
            <id>WUTcba27f8034024ec9b31b2b7f47a1dc83</id>
            <recordStatus>completed</recordStatus>
            <active>true</active>
            <status>ZEWNETRZNY</status>
            <belonging2N>false</belonging2N>
            <name>Jacek</name>
            <surname>Olejnik</surname>
            <externalAffiliationButEvaluation>false</externalAffiliationButEvaluation>
            <disciplinesApprovedByAuthor>false</disciplinesApprovedByAuthor>
            <contribution xsi:nil="true" />
            <ns0:authorprofile type="authorprofile">
                <hindex>0</hindex>
                <rankingScore>0.0</rankingScore>
                <noEvaluation>false</noEvaluation>
                <supervisionOffer type="supervisionoffer">
                    <active>false</active>
                </supervisionOffer>
            </ns0:authorprofile>
            <profilepreferences type="authorprofilepreferences" />
            <ns0:authormirprofile type="authormirprofile" />
        </ns0:author>
        <totalAuthorsNo>2</totalAuthorsNo>
        <title>Zastosowania sztucznej inteligencji do przetwarzania danych multimedialnych w praktyce</title>
        <ns0:language type="language">
            <id>WEITI-9e5f3f88-000d-48ed-83b0-7ed780f6abdf</id>
            <owner>admin</owner>
            <affiliationowner>IN</affiliationowner>
            <code>pl</code>
            <iso2>pol</iso2>
            <namePL>polski</namePL>
            <nameEN>Polish</nameEN>
            <ns0:field type="field">
                <id>WUT319b03cc494b4f0d97b9da400e7e7f25</id>
                <owner>PbnIntegrator</owner>
                <affiliationowner>IN</affiliationowner>
                <key>pbn_639-2</key>
                <value>pol</value>
            </ns0:field>
            <ns0:field type="field">
                <id>WUT1e21ec9134f84b7fb2caad8a0874624d</id>
                <owner>PbnIntegrator</owner>
                <affiliationowner>IN</affiliationowner>
                <key>pbn_639-1</key>
                <value>pl</value>
            </ns0:field>
            <ns0:field type="field">
                <id>WUTa92a1be50d7d466db22323877da29ea9</id>
                <owner>PbnIntegrator</owner>
                <affiliationowner>IN</affiliationowner>
                <key>pbn_pl</key>
                <value>polski</value>
            </ns0:field>
            <ns0:field type="field">
                <id>WUTcee9042290d64502af7da96656bf0816</id>
                <owner>PbnIntegrator</owner>
                <affiliationowner>IN</affiliationowner>
                <key>pbn_en</key>
                <value>Polish</value>
            </ns0:field>
            <ns0:field type="field">
                <id>WUT3c58de8de71f44daaf978d8b71fedbc0</id>
                <owner>PbnIntegrator</owner>
                <affiliationowner>IN</affiliationowner>
                <key>pbn_de</key>
                <value>Polnisch</value>
            </ns0:field>
            <ns0:field type="field">
                <id>WUT305ba93683cf45259ce7cf8003c5b93b</id>
                <owner>PbnIntegrator</owner>
                <affiliationowner>IN</affiliationowner>
                <key>pbn_fr</key>
                <value>polonais</value>
            </ns0:field>
        </ns0:language>
        <collation>21-41</collation>
        <classified xsi:nil="true" />
        <fees type="publicationfees">
            <id>WUT91d80e3f16a0448e88732f2a7a5c237e</id>
            <owner>1177732</owner>
            <affiliationowner>RE</affiliationowner>
            <costFreePublication>false</costFreePublication>
            <researchPotentialFinancialResources>false</researchPotentialFinancialResources>
            <researchOrDevelopmentProjectsFinancialResources>false</researchOrDevelopmentProjectsFinancialResources>
            <other>false</other>
        </fees>
        <pbnIntegration type="integrationinfo">
            <id>WUT6ac668fce61f47cea225758590a7152d</id>
            <lastTransferDate>2025-06-05T13:34:12+0200</lastTransferDate>
            <lastTransferStatus>success</lastTransferStatus>
            <transfer type="transferresult">
                <id>WUT03b8a6527b53434c8643dc9330e91982</id>
                <objectId>684180b3fdbe833174174480</objectId>
                <versionId>cefda751-6894-43a0-936d-df7e12a8260b</versionId>
                <date>2025-06-05T13:34:12+0200</date>
                <returnCode>200</returnCode>
                <ns0:field type="field">
                    <id>WUTc62085c86cad47b280bb8ab7c89472c4</id>
                    <owner>1177732</owner>
                    <affiliationowner>RE</affiliationowner>
                    <key>statements</key>
                    <value>[{"disciplineId":203,"orcid":true,"personObjectId":"5e709259878c28a0473941fa","statementDate":"2025-01-15","type":"AUTHOR"}]</value>
                </ns0:field>
            </transfer>
        </pbnIntegration>
    </ns0:article>
    