<ns0:article xmlns:ns0="http://ii.pw.edu.pl/lib" xmlns:xsi="http://www.w3.org/2001/XMLSchema-instance" type="article">
        <metaData>
            <lastModifiedBy>mwasiluk</lastModifiedBy>
            <lastModified>2025-09-09T23:26:31.241+02:00</lastModified>
            <created>2024-10-02T14:33:39.102+02:00</created>
        </metaData>
        <meta_datestamp>1757453191241</meta_datestamp>
        <ns0:book type="book">
            <id>WUT99c963df733442eaa8cb87c52eed90f2</id>
            <recordStatus>completed</recordStatus>
            <noEvaluation>false</noEvaluation>
            <meetsPlanSRequirements>false</meetsPlanSRequirements>
            <score>20</score>
            <scoreDate>2025-07-17T12:25:14+0200</scoreDate>
            <scoreReason>MonograhOrBookMainLanguagesEditor</scoreReason>
            <rulesetName>All_years_with_U20-scoring-v2y_for_v220(20240930), IFWoS (with update), All_years_with_U20-scoring-v4d_for_v220(20250407), All_years_with_U20-scoring-v4e_for_v220(20250613), Scopus SNIP (with ASJC) v2, ScopusCiteScore, IFWoS</rulesetName>
            <legalBasis>Rozporządzenie MNiSW z dnia 22 lutego 2019 r. (§ 12 ust. 3 pkt 1, 2, 3)</legalBasis>
            <scoreSource>publisherList</scoreSource>
            <bookType>MONOGRAFIA</bookType>
            <authorsRole>editor</authorsRole>
            <totalAuthorsNo>0</totalAuthorsNo>
            <totalChapterAuthorsNo xsi:nil="true" />
            <title>Proceedings of the IEEE International Symposium on Geoscience and Remote Sensing (IGARSS 2024)</title>
            <ns0:corporateauthor type="corporateauthor">
                <id>WUT38b497118e2846208305955100492199</id>
                <recordStatus>completed</recordStatus>
                <fullName>Institute of Electrical and Electronics Engineers</fullName>
                <accronym>IEEE</accronym>
                <category>science</category>
                <otherCategory type="term">
                    <id>WUTe3b0f81c11c34111937796914404fb82</id>
                    <owner>wstruk</owner>
                    <affiliationowner>PW</affiliationowner>
                    <ns0:termtype type="termtype">
                        <id>WUT929508ac4fa9451093764fa86f480cd7</id>
                        <owner>wstruk</owner>
                        <affiliationowner>PW</affiliationowner>
                        <code>institution_category</code>
                        <name>kategoria instytucji</name>
                        <nonRepeatableByDefault>false</nonRepeatableByDefault>
                    </ns0:termtype>
                    <systemName>Publisher</systemName>
                    <namePL>Wydawca</namePL>
                    <nameEN>Publisher</nameEN>
                    <priority>IC190</priority>
                    <notActive>false</notActive>
                </otherCategory>
                <country type="validationtable">
                    <id>WUT382344</id>
                    <owner>wstruk</owner>
                    <affiliationowner>PW</affiliationowner>
                    <validationType>COUNTRY</validationType>
                    <namePL>Stany Zjednoczone</namePL>
                    <nameEN>United States of America</nameEN>
                    <validationtable type="validationtable">
                        <id>WUT35bb1cba0c1740afa065a42d4164e9a1</id>
                        <owner>wstruk</owner>
                        <affiliationowner>PW</affiliationowner>
                        <validationType>ORGANIZATION</validationType>
                        <namePL>Organizacja Współpracy Gospodarczej i Rozwoju</namePL>
                        <nameEN>Organisation for Economic Co-operation and Development</nameEN>
                        <nameOTH>OECD</nameOTH>
                        <ns0:validationprofile type="validationprofile">
                            <intNumber>0</intNumber>
                        </ns0:validationprofile>
                    </validationtable>
                    <ns0:validationprofile type="validationprofile">
                        <intNumber>0</intNumber>
                    </ns0:validationprofile>
                </country>
                <ns0:indicator type="indicator">
                    <id>WUTf498c05e2e3a41e98078b25469849918</id>
                    <owner>wstruk</owner>
                    <affiliationowner>PW</affiliationowner>
                    <name type="term">
                        <id>WUT7f9de23d44984c9f9daddca421a42db5</id>
                        <owner>wstruk</owner>
                        <affiliationowner>PW</affiliationowner>
                        <ns0:termtype type="termtype">
                            <id>WUT4431eff850914f6280e8366aa21ae26a</id>
                            <owner>wstruk</owner>
                            <affiliationowner>PW</affiliationowner>
                            <code>publisher_score</code>
                            <name>Punktacja wydawców</name>
                            <nonRepeatableByDefault>false</nonRepeatableByDefault>
                        </ns0:termtype>
                        <systemName>Publisher_scoreMinisterial</systemName>
                        <namePL>Punktacja MNiSW wydawców</namePL>
                        <nameEN>Publisher Ministerial score</nameEN>
                        <priority>PS110</priority>
                        <notActive>false</notActive>
                    </name>
                    <ns0:indicatordata type="indicatordata">
                        <id>WUTe8f642c8d85b473f93332a2d4bc6340f</id>
                        <owner>wstruk</owner>
                        <affiliationowner>PW</affiliationowner>
                        <year>2019</year>
                        <value>80</value>
                        <svalue>PI</svalue>
                        <evaluationDate>2019-01-18</evaluationDate>
                    </ns0:indicatordata>
                </ns0:indicator>
                <ns0:corporateauthorprofile type="corporateauthorprofile">
                    <extid type="termfield">
                        <id>WUT70548eb12d634cc592d1e14d7c471274</id>
                        <owner>wstruk</owner>
                        <affiliationowner>PW</affiliationowner>
                        <idtype type="term">
                            <id>WUT2908badb453e4a748917f3e9509a569e</id>
                            <owner>wstruk</owner>
                            <affiliationowner>PW</affiliationowner>
                            <ns0:termtype type="termtype">
<id>WUT6deee7292297435fb414dcd87dd84f0d</id>
<owner>wstruk</owner>
<affiliationowner>PW</affiliationowner>
<code>external_id</code>
<name>Identyfikator w systemie zewnętrznym</name>
<nonRepeatableByDefault>false</nonRepeatableByDefault>
                            </ns0:termtype>
                            <systemName>MNiSWid</systemName>
                            <namePL>Identyfikator MNiSW</namePL>
                            <nameEN>MNiSW Identifier</nameEN>
                            <priority>EI130</priority>
                            <notActive>false</notActive>
                        </idtype>
                        <value>26900</value>
                    </extid>
                    <extid type="termfield">
                        <id>WUT346309814f3b449ba63823d42d1e8686</id>
                        <owner>PbnIntegrator</owner>
                        <affiliationowner>PW</affiliationowner>
                        <idtype type="term">
                            <id>WUTfbafd2ec77464f57b240bdbc14318de0</id>
                            <owner>system</owner>
                            <affiliationowner>PW</affiliationowner>
                            <ns0:termtype type="termtype">
<id>WUT6deee7292297435fb414dcd87dd84f0d</id>
<owner>system</owner>
<affiliationowner>PW</affiliationowner>
<code>external_id</code>
<name>Identyfikator w systemie zewnętrznym</name>
<nonRepeatableByDefault>false</nonRepeatableByDefault>
                            </ns0:termtype>
                            <systemName>PBN_mongoId</systemName>
                            <namePL>Identyfikator PBN MongoId</namePL>
                            <nameEN>PSB Identifier MongoId</nameEN>
                            <priority>EI1153</priority>
                            <notActive>false</notActive>
                        </idtype>
                        <value>5d35987b878c28139f4eb7fc</value>
                    </extid>
                    <extid type="termfield">
                        <id>WUTabf558fea3e24053a34c06961146a4e8</id>
                        <owner>bwozniak</owner>
                        <affiliationowner>AK</affiliationowner>
                        <idtype type="term">
                            <id>WUTfe712e9e17404de29f343752164c96a7</id>
                            <owner>wstruk</owner>
                            <affiliationowner>PW</affiliationowner>
                            <ns0:termtype type="termtype">
<id>WUT6deee7292297435fb414dcd87dd84f0d</id>
<owner>wstruk</owner>
<affiliationowner>PW</affiliationowner>
<code>external_id</code>
<name>Identyfikator w systemie zewnętrznym</name>
<nonRepeatableByDefault>false</nonRepeatableByDefault>
                            </ns0:termtype>
                            <systemName>ScopusId</systemName>
                            <namePL>Identyfikator Scopus</namePL>
                            <nameEN>Scopus Identifier</nameEN>
                            <priority>EI120</priority>
                            <notActive>false</notActive>
                        </idtype>
                        <value>60000251</value>
                    </extid>
                    <ns0:statisticsdata type="statisticsdata">
                        <numberOfPublications xsi:nil="true" />
                        <numberOfPatents xsi:nil="true" />
                        <numberOfProjects xsi:nil="true" />
                        <numberOfFinancedProjects xsi:nil="true" />
                        <numberOfWorks xsi:nil="true" />
                        <rankingScore xsi:nil="true" />
                    </ns0:statisticsdata>
                </ns0:corporateauthorprofile>
                <evaluationOK>false</evaluationOK>
            </ns0:corporateauthor>
            <ns0:language type="language">
                <id>WEITI-bc90626b-ed19-490f-b9c3-daf0bffd1760</id>
                <owner>admin</owner>
                <affiliationowner>IN</affiliationowner>
                <code>en</code>
                <iso2>eng</iso2>
                <namePL>angielski</namePL>
                <nameEN>English</nameEN>
                <ns0:field type="field">
                    <id>WUT7011e8e4e6f74b38a2ca632b6de071e5</id>
                    <owner>PbnIntegrator</owner>
                    <affiliationowner>IN</affiliationowner>
                    <key>pbn_639-2</key>
                    <value>eng</value>
                </ns0:field>
                <ns0:field type="field">
                    <id>WUT73e8cec6538944e383d6282838e2f964</id>
                    <owner>PbnIntegrator</owner>
                    <affiliationowner>IN</affiliationowner>
                    <key>pbn_639-1</key>
                    <value>en</value>
                </ns0:field>
                <ns0:field type="field">
                    <id>WUT65f08cfa99d14cd9bf5f0d65185ce27d</id>
                    <owner>PbnIntegrator</owner>
                    <affiliationowner>IN</affiliationowner>
                    <key>pbn_pl</key>
                    <value>angielski</value>
                </ns0:field>
                <ns0:field type="field">
                    <id>WUT108a680882134cf18b2f743d829026b5</id>
                    <owner>PbnIntegrator</owner>
                    <affiliationowner>IN</affiliationowner>
                    <key>pbn_en</key>
                    <value>English</value>
                </ns0:field>
                <ns0:field type="field">
                    <id>WUT8cbc478cf51c4345a7a1d27ef40339c7</id>
                    <owner>PbnIntegrator</owner>
                    <affiliationowner>IN</affiliationowner>
                    <key>pbn_de</key>
                    <value>Englisch</value>
                </ns0:field>
                <ns0:field type="field">
                    <id>WUT7cba2fb293374920b434cde356f0ec3a</id>
                    <owner>PbnIntegrator</owner>
                    <affiliationowner>IN</affiliationowner>
                    <key>pbn_fr</key>
                    <value>anglais</value>
                </ns0:field>
            </ns0:language>
            <issueDate>2024</issueDate>
            <evaluationYear xsi:nil="true" />
            <publisherInstitution type="corporateauthor">
                <id>WUT38b497118e2846208305955100492199</id>
                <recordStatus>completed</recordStatus>
                <fullName>Institute of Electrical and Electronics Engineers</fullName>
                <accronym>IEEE</accronym>
                <category>science</category>
                <otherCategory type="term">
                    <id>WUTe3b0f81c11c34111937796914404fb82</id>
                    <owner>wstruk</owner>
                    <affiliationowner>PW</affiliationowner>
                    <ns0:termtype type="termtype">
                        <id>WUT929508ac4fa9451093764fa86f480cd7</id>
                        <owner>wstruk</owner>
                        <affiliationowner>PW</affiliationowner>
                        <code>institution_category</code>
                        <name>kategoria instytucji</name>
                        <nonRepeatableByDefault>false</nonRepeatableByDefault>
                    </ns0:termtype>
                    <systemName>Publisher</systemName>
                    <namePL>Wydawca</namePL>
                    <nameEN>Publisher</nameEN>
                    <priority>IC190</priority>
                    <notActive>false</notActive>
                </otherCategory>
                <country type="validationtable">
                    <id>WUT382344</id>
                    <owner>wstruk</owner>
                    <affiliationowner>PW</affiliationowner>
                    <validationType>COUNTRY</validationType>
                    <namePL>Stany Zjednoczone</namePL>
                    <nameEN>United States of America</nameEN>
                    <validationtable type="validationtable">
                        <id>WUT35bb1cba0c1740afa065a42d4164e9a1</id>
                        <owner>wstruk</owner>
                        <affiliationowner>PW</affiliationowner>
                        <validationType>ORGANIZATION</validationType>
                        <namePL>Organizacja Współpracy Gospodarczej i Rozwoju</namePL>
                        <nameEN>Organisation for Economic Co-operation and Development</nameEN>
                        <nameOTH>OECD</nameOTH>
                        <ns0:validationprofile type="validationprofile">
                            <intNumber>0</intNumber>
                        </ns0:validationprofile>
                    </validationtable>
                    <ns0:validationprofile type="validationprofile">
                        <intNumber>0</intNumber>
                    </ns0:validationprofile>
                </country>
                <ns0:indicator type="indicator">
                    <id>WUTf498c05e2e3a41e98078b25469849918</id>
                    <owner>wstruk</owner>
                    <affiliationowner>PW</affiliationowner>
                    <name type="term">
                        <id>WUT7f9de23d44984c9f9daddca421a42db5</id>
                        <owner>wstruk</owner>
                        <affiliationowner>PW</affiliationowner>
                        <ns0:termtype type="termtype">
                            <id>WUT4431eff850914f6280e8366aa21ae26a</id>
                            <owner>wstruk</owner>
                            <affiliationowner>PW</affiliationowner>
                            <code>publisher_score</code>
                            <name>Punktacja wydawców</name>
                            <nonRepeatableByDefault>false</nonRepeatableByDefault>
                        </ns0:termtype>
                        <systemName>Publisher_scoreMinisterial</systemName>
                        <namePL>Punktacja MNiSW wydawców</namePL>
                        <nameEN>Publisher Ministerial score</nameEN>
                        <priority>PS110</priority>
                        <notActive>false</notActive>
                    </name>
                    <ns0:indicatordata type="indicatordata">
                        <id>WUTe8f642c8d85b473f93332a2d4bc6340f</id>
                        <owner>wstruk</owner>
                        <affiliationowner>PW</affiliationowner>
                        <year>2019</year>
                        <value>80</value>
                        <svalue>PI</svalue>
                        <evaluationDate>2019-01-18</evaluationDate>
                    </ns0:indicatordata>
                </ns0:indicator>
                <ns0:corporateauthorprofile type="corporateauthorprofile">
                    <extid type="termfield">
                        <id>WUT70548eb12d634cc592d1e14d7c471274</id>
                        <owner>wstruk</owner>
                        <affiliationowner>PW</affiliationowner>
                        <idtype type="term">
                            <id>WUT2908badb453e4a748917f3e9509a569e</id>
                            <owner>wstruk</owner>
                            <affiliationowner>PW</affiliationowner>
                            <ns0:termtype type="termtype">
<id>WUT6deee7292297435fb414dcd87dd84f0d</id>
<owner>wstruk</owner>
<affiliationowner>PW</affiliationowner>
<code>external_id</code>
<name>Identyfikator w systemie zewnętrznym</name>
<nonRepeatableByDefault>false</nonRepeatableByDefault>
                            </ns0:termtype>
                            <systemName>MNiSWid</systemName>
                            <namePL>Identyfikator MNiSW</namePL>
                            <nameEN>MNiSW Identifier</nameEN>
                            <priority>EI130</priority>
                            <notActive>false</notActive>
                        </idtype>
                        <value>26900</value>
                    </extid>
                    <extid type="termfield">
                        <id>WUT346309814f3b449ba63823d42d1e8686</id>
                        <owner>PbnIntegrator</owner>
                        <affiliationowner>PW</affiliationowner>
                        <idtype type="term">
                            <id>WUTfbafd2ec77464f57b240bdbc14318de0</id>
                            <owner>system</owner>
                            <affiliationowner>PW</affiliationowner>
                            <ns0:termtype type="termtype">
<id>WUT6deee7292297435fb414dcd87dd84f0d</id>
<owner>system</owner>
<affiliationowner>PW</affiliationowner>
<code>external_id</code>
<name>Identyfikator w systemie zewnętrznym</name>
<nonRepeatableByDefault>false</nonRepeatableByDefault>
                            </ns0:termtype>
                            <systemName>PBN_mongoId</systemName>
                            <namePL>Identyfikator PBN MongoId</namePL>
                            <nameEN>PSB Identifier MongoId</nameEN>
                            <priority>EI1153</priority>
                            <notActive>false</notActive>
                        </idtype>
                        <value>5d35987b878c28139f4eb7fc</value>
                    </extid>
                    <extid type="termfield">
                        <id>WUTabf558fea3e24053a34c06961146a4e8</id>
                        <owner>bwozniak</owner>
                        <affiliationowner>AK</affiliationowner>
                        <idtype type="term">
                            <id>WUTfe712e9e17404de29f343752164c96a7</id>
                            <owner>wstruk</owner>
                            <affiliationowner>PW</affiliationowner>
                            <ns0:termtype type="termtype">
<id>WUT6deee7292297435fb414dcd87dd84f0d</id>
<owner>wstruk</owner>
<affiliationowner>PW</affiliationowner>
<code>external_id</code>
<name>Identyfikator w systemie zewnętrznym</name>
<nonRepeatableByDefault>false</nonRepeatableByDefault>
                            </ns0:termtype>
                            <systemName>ScopusId</systemName>
                            <namePL>Identyfikator Scopus</namePL>
                            <nameEN>Scopus Identifier</nameEN>
                            <priority>EI120</priority>
                            <notActive>false</notActive>
                        </idtype>
                        <value>60000251</value>
                    </extid>
                    <ns0:statisticsdata type="statisticsdata">
                        <numberOfPublications xsi:nil="true" />
                        <numberOfPatents xsi:nil="true" />
                        <numberOfProjects xsi:nil="true" />
                        <numberOfFinancedProjects xsi:nil="true" />
                        <numberOfWorks xsi:nil="true" />
                        <rankingScore xsi:nil="true" />
                    </ns0:statisticsdata>
                </ns0:corporateauthorprofile>
                <evaluationOK>false</evaluationOK>
            </publisherInstitution>
            <isbn>979-8-3503-6033-2</isbn>
            <otherIsbn>979-8-3503-6032-5</otherIsbn>
            <otherIsbn>979-8-3503-6031-8</otherIsbn>
            <doi>10.1109/IGARSS53475.2024</doi>
            <url>https://ieeexplore.ieee.org/xpl/conhome/10640349/proceeding</url>
            <ns0:conference type="conference">
                <id>WUTa8ca2b9e2a4c4f3890d64fc8b4f2545e</id>
                <recordStatus>completed</recordStatus>
                <shortName>IGARSS 2024</shortName>
                <fullName>IEEE International Geoscience and Remote Sensing Symposium</fullName>
                <date>2024</date>
                <startDate>2024-07-07</startDate>
                <endDate>2024-07-12</endDate>
                <location>Athens</location>
                <online>false</online>
                <country type="validationtable">
                    <id>WUT382214</id>
                    <owner>wstruk</owner>
                    <affiliationowner>PW</affiliationowner>
                    <validationType>COUNTRY</validationType>
                    <namePL>Grecja</namePL>
                    <nameEN>Greece</nameEN>
                    <validationtable type="validationtable">
                        <id>WUT35bb1cba0c1740afa065a42d4164e9a1</id>
                        <owner>wstruk</owner>
                        <affiliationowner>PW</affiliationowner>
                        <validationType>ORGANIZATION</validationType>
                        <namePL>Organizacja Współpracy Gospodarczej i Rozwoju</namePL>
                        <nameEN>Organisation for Economic Co-operation and Development</nameEN>
                        <nameOTH>OECD</nameOTH>
                        <ns0:validationprofile type="validationprofile">
                            <intNumber>0</intNumber>
                        </ns0:validationprofile>
                    </validationtable>
                    <ns0:validationprofile type="validationprofile">
                        <intNumber>0</intNumber>
                    </ns0:validationprofile>
                </country>
                <url>https://www.2024.ieeeigarss.org/</url>
                <profileverificationresult>undefined</profileverificationresult>
                <ns0:conferenceprofile type="conferenceprofile" />
                <ns0:conferencewikiprofile type="conferencewikiprofile" />
                <international>true</international>
            </ns0:conference>
            <ns0:journalseries type="journalseries">
                <id>WUT8fb2bb2dbf5541e6b7bc614a1b835ffb</id>
                <recordStatus>completed</recordStatus>
                <profileverificationresult>undefined</profileverificationresult>
                <shortName>IGARSS</shortName>
                <fullName>IEEE International Geoscience and Remote Sensing Symposium Proceedings</fullName>
                <issn>2153-6996</issn>
                <eissn>2153-7003</eissn>
                <publisher>IEEE</publisher>
                <website>https://ieeexplore.ieee.org/xpl/conhome.jsp?punumber=1000307</website>
                <ns0:language type="language">
                    <id>WEITI-bc90626b-ed19-490f-b9c3-daf0bffd1760</id>
                    <owner>admin</owner>
                    <affiliationowner>IN</affiliationowner>
                    <code>en</code>
                    <iso2>eng</iso2>
                    <namePL>angielski</namePL>
                    <nameEN>English</nameEN>
                    <ns0:field type="field">
                        <id>WUT7011e8e4e6f74b38a2ca632b6de071e5</id>
                        <owner>PbnIntegrator</owner>
                        <affiliationowner>IN</affiliationowner>
                        <key>pbn_639-2</key>
                        <value>eng</value>
                    </ns0:field>
                    <ns0:field type="field">
                        <id>WUT73e8cec6538944e383d6282838e2f964</id>
                        <owner>PbnIntegrator</owner>
                        <affiliationowner>IN</affiliationowner>
                        <key>pbn_639-1</key>
                        <value>en</value>
                    </ns0:field>
                    <ns0:field type="field">
                        <id>WUT65f08cfa99d14cd9bf5f0d65185ce27d</id>
                        <owner>PbnIntegrator</owner>
                        <affiliationowner>IN</affiliationowner>
                        <key>pbn_pl</key>
                        <value>angielski</value>
                    </ns0:field>
                    <ns0:field type="field">
                        <id>WUT108a680882134cf18b2f743d829026b5</id>
                        <owner>PbnIntegrator</owner>
                        <affiliationowner>IN</affiliationowner>
                        <key>pbn_en</key>
                        <value>English</value>
                    </ns0:field>
                    <ns0:field type="field">
                        <id>WUT8cbc478cf51c4345a7a1d27ef40339c7</id>
                        <owner>PbnIntegrator</owner>
                        <affiliationowner>IN</affiliationowner>
                        <key>pbn_de</key>
                        <value>Englisch</value>
                    </ns0:field>
                    <ns0:field type="field">
                        <id>WUT7cba2fb293374920b434cde356f0ec3a</id>
                        <owner>PbnIntegrator</owner>
                        <affiliationowner>IN</affiliationowner>
                        <key>pbn_fr</key>
                        <value>anglais</value>
                    </ns0:field>
                </ns0:language>
                <foreign>true</foreign>
                <score>0</score>
                <impactFactor>0.0</impactFactor>
                <nameOfLists>no</nameOfLists>
                <type>bookseries</type>
                <journalStatus>Active</journalStatus>
            </ns0:journalseries>
            <classified xsi:nil="true" />
            <fees type="publicationfees">
                <costFreePublication>false</costFreePublication>
                <researchPotentialFinancialResources>false</researchPotentialFinancialResources>
                <researchOrDevelopmentProjectsFinancialResources>false</researchOrDevelopmentProjectsFinancialResources>
                <other>false</other>
            </fees>
            <pbnIntegration type="integrationinfo" />
        </ns0:book>
        <id>WUT24e78e77157040ccb695916966bed42c</id>
        <recordStatus>completed</recordStatus>
        <owner>1037250</owner>
        <affiliationowner>SD</affiliationowner>
        <disciplinesApprovalDate>2025-01-13T10:13:59+0100</disciplinesApprovalDate>
        <ns0:approveddiscipline type="approveddiscipline">
            <id>WUT3af74709d2664146bc73072248d875f0</id>
            <owner>1037250</owner>
            <affiliationowner>SD</affiliationowner>
            <discipline type="term">
                <id>WUTfef424a0094d4fc3865bb3aabd414c88</id>
                <owner>wstruk</owner>
                <affiliationowner>PW</affiliationowner>
                <ns0:termtype type="termtype">
                    <id>WUTa3c22b79ece54e0e99025251051d9b0d</id>
                    <owner>wstruk</owner>
                    <affiliationowner>PW</affiliationowner>
                    <code>oecdx</code>
                    <name>OECD extended</name>
                    <nonRepeatableByDefault>false</nonRepeatableByDefault>
                </ns0:termtype>
                <systemName>2.3</systemName>
                <namePL>informatyka techniczna i telekomunikacja</namePL>
                <nameEN>information and communication technology</nameEN>
                <accronymPL>ITT</accronymPL>
                <accronymEN>ICT</accronymEN>
                <ns0:term type="term">
                    <id>WUTd7b77e1b91d44c64a57c032ede7bf851</id>
                    <owner>wstruk</owner>
                    <affiliationowner>PW</affiliationowner>
                    <ns0:termtype type="termtype">
                        <id>WUTa3c22b79ece54e0e99025251051d9b0d</id>
                        <owner>wstruk</owner>
                        <affiliationowner>PW</affiliationowner>
                        <code>oecdx</code>
                        <name>OECD extended</name>
                        <nonRepeatableByDefault>false</nonRepeatableByDefault>
                    </ns0:termtype>
                    <systemName>2</systemName>
                    <namePL>Dziedzina nauk inżynieryjno-technicznych</namePL>
                    <nameEN>Engineering and technology</nameEN>
                    <accronymPL>DNINZ</accronymPL>
                    <accronymEN>2</accronymEN>
                    <priority>02.00</priority>
                    <xid type="field">
                        <id>WUT217a0da3ad554648828696317acb6cee</id>
                        <owner>wstruk</owner>
                        <affiliationowner>PW</affiliationowner>
                        <key>polon_id</key>
                        <value>DZ0102N</value>
                    </xid>
                    <notActive>false</notActive>
                </ns0:term>
                <priority>02.03</priority>
                <xid type="field">
                    <id>WUT9eb30fd170fd45918a1d046b9f7302cd</id>
                    <owner>PbnIntegrator</owner>
                    <affiliationowner>PW</affiliationowner>
                    <key>pbn_idArea</key>
                    <value>203</value>
                </xid>
                <xid type="field">
                    <id>WUT7f1a57adbae649e4ba0510c019498bec</id>
                    <owner>wstruk</owner>
                    <affiliationowner>PW</affiliationowner>
                    <key>polon_id</key>
                    <value>DS010204N</value>
                </xid>
                <notActive>false</notActive>
            </discipline>
            <date>2025-01-13T10:13:59+0100</date>
        </ns0:approveddiscipline>
        <extid type="termfield">
            <id>WUT03d5dc0425dc4736a3b0b72752338206</id>
            <owner>1037250</owner>
            <affiliationowner>SD</affiliationowner>
            <idtype type="term">
                <id>WUTfe712e9e17404de29f343752164c96a7</id>
                <owner>wstruk</owner>
                <affiliationowner>PW</affiliationowner>
                <ns0:termtype type="termtype">
                    <id>WUT6deee7292297435fb414dcd87dd84f0d</id>
                    <owner>wstruk</owner>
                    <affiliationowner>PW</affiliationowner>
                    <code>external_id</code>
                    <name>Identyfikator w systemie zewnętrznym</name>
                    <nonRepeatableByDefault>false</nonRepeatableByDefault>
                </ns0:termtype>
                <systemName>ScopusId</systemName>
                <namePL>Identyfikator Scopus</namePL>
                <nameEN>Scopus Identifier</nameEN>
                <priority>EI120</priority>
                <notActive>false</notActive>
            </idtype>
            <value>85208464836</value>
        </extid>
        <extid type="termfield">
            <id>WUT87f81cade94d46efbfbfba712cc6976d</id>
            <owner>1037250</owner>
            <affiliationowner>SD</affiliationowner>
            <idtype type="term">
                <id>WUT8451786af88c4580b1198f347a0048f5</id>
                <owner>wstruk</owner>
                <affiliationowner>PW</affiliationowner>
                <ns0:termtype type="termtype">
                    <id>WUT6deee7292297435fb414dcd87dd84f0d</id>
                    <owner>wstruk</owner>
                    <affiliationowner>PW</affiliationowner>
                    <code>external_id</code>
                    <name>Identyfikator w systemie zewnętrznym</name>
                    <nonRepeatableByDefault>false</nonRepeatableByDefault>
                </ns0:termtype>
                <systemName>WoSId</systemName>
                <namePL>Identyfikator WoS</namePL>
                <nameEN>WoS Identifier</nameEN>
                <priority>EI110</priority>
                <notActive>false</notActive>
            </idtype>
            <value>WOS:001316158501146</value>
        </extid>
        <inPress>false</inPress>
        <noEvaluation>false</noEvaluation>
        <meetsPlanSRequirements>false</meetsPlanSRequirements>
        <score>20</score>
        <scoreDate>2025-09-09T23:26:31+0200</scoreDate>
        <scoreReason>ChapterFromConference</scoreReason>
        <rulesetName>IFWoS (with update), drl All_years_with_U20-scoring-v4a_for_v220(20250127), All_years_with_U20-scoring-v4d_for_v220(20250407), XTEST4-bestpaperscoringrules(20250703), All_years_with_U20-scoring-v4e_for_v220(20250613), Scopus SNIP (with ASJC) v2, ScopusCiteScore, IFWoS, All_years_with_U20-scoring-v2y_for_v220(20240930), Scopus SNIP (without ASJC)</rulesetName>
        <legalBasis>Rozporządzenie MNiSW z dnia 22 lutego 2019 r. (§ 12 ust. 1 pkt 1 oraz § 34 pkt 4) - nadano najbardziej korzystną liczbę punktów: maximum(rozdział monografii:20, materiał konferencyjny wg wykazu:0, artykuł z czasopisma:0)</legalBasis>
        <ns0:scoring type="scoring">
            <id>WUT1c4a68c388ea47d5973bd328644dc6c7</id>
            <owner>1037250</owner>
            <affiliationowner>SD</affiliationowner>
            <system type="term">
                <id>WUT6e0ab667f4e6485faa64fae0cd24964a</id>
                <owner>wstruk</owner>
                <affiliationowner>PW</affiliationowner>
                <ns0:termtype type="termtype">
                    <id>WUTda3a51e923df43a39a54b91c4338f92a</id>
                    <owner>wstruk</owner>
                    <affiliationowner>PW</affiliationowner>
                    <code>scoringSystem</code>
                    <name>System punktacji</name>
                    <nonRepeatableByDefault>false</nonRepeatableByDefault>
                </ns0:termtype>
                <systemName>scoringMinisterial</systemName>
                <namePL>Punktacja MNiSW</namePL>
                <nameEN>Ministerial score</nameEN>
                <accronymPL />
                <accronymEN />
                <priority>SS110</priority>
                <additionalCategory>reportSelectable</additionalCategory>
                <notActive>false</notActive>
            </system>
            <score>20.0</score>
            <scoreDate>2025-09-09T23:26:31+0200</scoreDate>
            <scoreReason>ChapterFromConference</scoreReason>
            <rulesetName>IFWoS (with update), drl All_years_with_U20-scoring-v4a_for_v220(20250127), All_years_with_U20-scoring-v4d_for_v220(20250407), XTEST4-bestpaperscoringrules(20250703), All_years_with_U20-scoring-v4e_for_v220(20250613), Scopus SNIP (with ASJC) v2, ScopusCiteScore, IFWoS</rulesetName>
            <legalBasis>Rozporządzenie MNiSW z dnia 22 lutego 2019 r. (§ 12 ust. 1 pkt 1 oraz § 34 pkt 4) - nadano najbardziej korzystną liczbę punktów: maximum(rozdział monografii:20, materiał konferencyjny wg wykazu:0, artykuł z czasopisma:0)</legalBasis>
            <scoreForcing>false</scoreForcing>
        </ns0:scoring>
        <scoreSource>publisherList</scoreSource>
        <ns0:indicator type="indicator">
            <id>WUT169db707b28a495282c509001bcda30f</id>
            <owner>1037250</owner>
            <affiliationowner>SD</affiliationowner>
            <name type="term">
                <id>WUTcc7e05c4d2424216b2e8ee3578cad344</id>
                <owner>mwasiluk</owner>
                <affiliationowner>IN</affiliationowner>
                <ns0:termtype type="termtype">
                    <id>WUTde3a681a169d462f8f2ff0aecda362c1</id>
                    <owner>wstruk</owner>
                    <affiliationowner>PW</affiliationowner>
                    <code>citations</code>
                    <name>Cytowania</name>
                    <nonRepeatableByDefault>false</nonRepeatableByDefault>
                </ns0:termtype>
                <systemName>citationsScopus</systemName>
                <namePL>Cytowania Scopus</namePL>
                <nameEN>Scopus Citations</nameEN>
                <priority>CI130</priority>
                <notActive>false</notActive>
            </name>
            <ns0:indicatordata type="indicatordata">
                <id>WUT2b575411d0634e578e7a75590cc28ae6</id>
                <owner>1037250</owner>
                <affiliationowner>SD</affiliationowner>
                <year xsi:nil="true" />
                <value>0</value>
                <evaluationDate>2025-06-20T02:17:52+0200</evaluationDate>
            </ns0:indicatordata>
        </ns0:indicator>
        <ns0:indicator type="indicator">
            <id>WUTd283612499dc4e358b1b72c4e7e22af6</id>
            <owner>1037250</owner>
            <affiliationowner>SD</affiliationowner>
            <name type="term">
                <id>WUTe0f43d022c60406e898cc3ac4720359d</id>
                <owner>wstruk</owner>
                <affiliationowner>PW</affiliationowner>
                <ns0:termtype type="termtype">
                    <id>WUTde3a681a169d462f8f2ff0aecda362c1</id>
                    <owner>wstruk</owner>
                    <affiliationowner>PW</affiliationowner>
                    <code>citations</code>
                    <name>Cytowania</name>
                    <nonRepeatableByDefault>false</nonRepeatableByDefault>
                </ns0:termtype>
                <systemName>citationsWoS</systemName>
                <namePL>Cytowania WoS</namePL>
                <nameEN>WoS Citations</nameEN>
                <priority>CI110</priority>
                <notActive>false</notActive>
            </name>
            <ns0:indicatordata type="indicatordata">
                <id>WUTeb917b5febce4837a027b78646a3c920</id>
                <owner>1037250</owner>
                <affiliationowner>SD</affiliationowner>
                <year xsi:nil="true" />
                <value>1</value>
                <evaluationDate>2025-08-02T20:31:34+0200</evaluationDate>
            </ns0:indicatordata>
        </ns0:indicator>
        <ns0:author type="author">
            <id>WUT9b39d5c0fcf94f4c91ea7c54908820a2</id>
            <recordStatus>completed</recordStatus>
            <active>false</active>
            <status>ZEWNETRZNY</status>
            <belonging2N>false</belonging2N>
            <name>Maciej</name>
            <surname>Ziaja</surname>
            <externalAffiliation type="corporateauthor">
                <id>WUT4ab353ed94d4445abec70c81b032a6eb</id>
                <recordStatus>completed</recordStatus>
                <fullNameEN>KP Labs</fullNameEN>
                <country type="validationtable">
                    <id>WUT382314</id>
                    <owner>wstruk</owner>
                    <affiliationowner>PW</affiliationowner>
                    <validationType>COUNTRY</validationType>
                    <namePL>Polska</namePL>
                    <nameEN>Poland</nameEN>
                    <validationtable type="validationtable">
                        <id>WUT35bb1cba0c1740afa065a42d4164e9a1</id>
                        <owner>wstruk</owner>
                        <affiliationowner>PW</affiliationowner>
                        <validationType>ORGANIZATION</validationType>
                        <namePL>Organizacja Współpracy Gospodarczej i Rozwoju</namePL>
                        <nameEN>Organisation for Economic Co-operation and Development</nameEN>
                        <nameOTH>OECD</nameOTH>
                        <ns0:validationprofile type="validationprofile">
                            <intNumber>0</intNumber>
                        </ns0:validationprofile>
                    </validationtable>
                    <ns0:validationprofile type="validationprofile">
                        <intNumber>0</intNumber>
                    </ns0:validationprofile>
                </country>
                <ns0:corporateauthorprofile type="corporateauthorprofile">
                    <extid type="termfield">
                        <id>WUTc8b980fae41841ee9bd779ea456c54ea</id>
                        <owner>1037250</owner>
                        <affiliationowner>SD</affiliationowner>
                        <idtype type="term">
                            <id>WUTfe712e9e17404de29f343752164c96a7</id>
                            <owner>wstruk</owner>
                            <affiliationowner>PW</affiliationowner>
                            <ns0:termtype type="termtype">
<id>WUT6deee7292297435fb414dcd87dd84f0d</id>
<owner>wstruk</owner>
<affiliationowner>PW</affiliationowner>
<code>external_id</code>
<name>Identyfikator w systemie zewnętrznym</name>
<nonRepeatableByDefault>false</nonRepeatableByDefault>
                            </ns0:termtype>
                            <systemName>ScopusId</systemName>
                            <namePL>Identyfikator Scopus</namePL>
                            <nameEN>Scopus Identifier</nameEN>
                            <priority>EI120</priority>
                            <notActive>false</notActive>
                        </idtype>
                        <value>121636847</value>
                    </extid>
                    <ns0:statisticsdata type="statisticsdata">
                        <numberOfPublications xsi:nil="true" />
                        <numberOfPatents xsi:nil="true" />
                        <numberOfProjects xsi:nil="true" />
                        <numberOfFinancedProjects xsi:nil="true" />
                        <numberOfWorks xsi:nil="true" />
                        <rankingScore xsi:nil="true" />
                    </ns0:statisticsdata>
                </ns0:corporateauthorprofile>
                <evaluationOK>false</evaluationOK>
            </externalAffiliation>
            <externalAffiliationButEvaluation>false</externalAffiliationButEvaluation>
            <disciplinesApprovedByAuthor>false</disciplinesApprovedByAuthor>
            <contribution xsi:nil="true" />
            <ns0:authorprofile type="authorprofile">
                <hindex>0</hindex>
                <rankingScore>0.0</rankingScore>
                <noEvaluation>false</noEvaluation>
                <supervisionOffer type="supervisionoffer">
                    <active>false</active>
                </supervisionOffer>
            </ns0:authorprofile>
            <profilepreferences type="authorprofilepreferences" />
            <ns0:authormirprofile type="authormirprofile" />
        </ns0:author>
        <ns0:author type="author">
            <id>WUT8f7103be16b5466ebe6510d51a052211</id>
            <recordStatus>verified</recordStatus>
            <active>true</active>
            <status>DOKTORANT</status>
            <officialAcademicDegree type="term">
                <id>WUT5e5ff1e2b438436ea82c90e8edd322e0</id>
                <owner>wstruk</owner>
                <affiliationowner>PW</affiliationowner>
                <ns0:termtype type="termtype">
                    <id>WUT4e7b6f866b8d489888bd3347c5a97bb3</id>
                    <owner>wstruk</owner>
                    <affiliationowner>PW</affiliationowner>
                    <code>academicDegree</code>
                    <name>Stopień/tytuł</name>
                    <nonRepeatableByDefault>false</nonRepeatableByDefault>
                </ns0:termtype>
                <systemName>mgrinz</systemName>
                <namePL>mgr inż.</namePL>
                <nameEN>MSc eng</nameEN>
                <priority>D32</priority>
                <notActive>false</notActive>
            </officialAcademicDegree>
            <belonging2N>false</belonging2N>
            <name>Paweł</name>
            <surname>Kowaleczko</surname>
            <email>pawel.kowaleczko.dokt@pw.edu.pl</email>
            <ns0:affiliation type="affiliation">
                <id>WUT6ebfabedb0d141cab8535b3fa07de68d</id>
                <recordStatus>completed</recordStatus>
                <namePL>Szkoła Doktorska PW</namePL>
                <nameEN>Doctoral School</nameEN>
                <accronymPL>SD</accronymPL>
                <accronymEN>DS</accronymEN>
                <ns0:affiliation type="affiliation">
                    <id>WEITI-35347b89-6944-4413-83c0-85acc4b2e2d4</id>
                    <recordStatus>completed</recordStatus>
                    <namePL>Politechnika Warszawska</namePL>
                    <nameEN>Warsaw University of Technology</nameEN>
                    <accronymPL>PW</accronymPL>
                    <accronymEN>WUT</accronymEN>
                    <ns0:affiliationprofile type="affiliationprofile">
                        <certifyingUnit>false</certifyingUnit>
                    </ns0:affiliationprofile>
                    <notActive>false</notActive>
                    <dontPropagateInactivity>false</dontPropagateInactivity>
                </ns0:affiliation>
                <ns0:affiliationprofile type="affiliationprofile">
                    <certifyingUnit>false</certifyingUnit>
                </ns0:affiliationprofile>
                <priority>XC</priority>
                <notActive>false</notActive>
                <dontPropagateInactivity>false</dontPropagateInactivity>
                <ns0:field type="field">
                    <id>WUT9ce3e513d8ce49b49ecf939dfc6293d6</id>
                    <owner>bg_DS</owner>
                    <affiliationowner>PW</affiliationowner>
                    <key>merged_entity_id</key>
                    <value>WUTae2471c3cd754d06bd9b16564f10f45b</value>
                </ns0:field>
                <ns0:field type="field">
                    <id>WUT11a24f8f618f4498b2b4eb49d1e95a2d</id>
                    <owner>bg_DS</owner>
                    <affiliationowner>PW</affiliationowner>
                    <key>merged_entity_id</key>
                    <value>WUTc49cc91498f04c5c9bd4b957ce703e26</value>
                </ns0:field>
                <ns0:field type="field">
                    <id>WUT0f5ebe0efb8242e3b40ede0465bf297d</id>
                    <owner>bg_DS</owner>
                    <affiliationowner>PW</affiliationowner>
                    <key>merged_entity_id</key>
                    <value>WUT79d5e32f24f6498a8a4595fbc16b41bd</value>
                </ns0:field>
                <ns0:field type="field">
                    <id>WUT9269563e04ad487997d2af40043767ab</id>
                    <owner>bg_DS</owner>
                    <affiliationowner>PW</affiliationowner>
                    <key>merged_entity_id</key>
                    <value>WUT5d564c72c4be47f5867c23d6bba2e128</value>
                </ns0:field>
                <ns0:field type="field">
                    <id>WUTa5d22456d4914a5db07f67bd3f5c64af</id>
                    <owner>bg_DS</owner>
                    <affiliationowner>PW</affiliationowner>
                    <key>merged_entity_id</key>
                    <value>WUTf8e297d6f26342ee8ae2418892611044</value>
                </ns0:field>
            </ns0:affiliation>
            <unit>ZMC</unit>
            <otherAffiliation type="affiliation">
                <id>WEITI-a8a2fa13-0e5e-43f1-9c27-aeb4ee23e180</id>
                <recordStatus>completed</recordStatus>
                <namePL>Instytut Informatyki</namePL>
                <nameEN>The Institute of Computer Science</nameEN>
                <accronymPL>IN</accronymPL>
                <presentedAccronymPL>II</presentedAccronymPL>
                <accronymEN>ICS</accronymEN>
                <ns0:affiliation type="affiliation">
                    <id>WEITI-aca13175-86da-4e95-bb44-9e831ef22360</id>
                    <recordStatus>completed</recordStatus>
                    <namePL>Wydział Elektroniki i Technik Informacyjnych</namePL>
                    <nameEN>Faculty of Electronics and Information Technology</nameEN>
                    <accronymPL>WEiTI</accronymPL>
                    <accronymEN>FEIT</accronymEN>
                    <ns0:affiliation type="affiliation">
                        <id>WEITI-35347b89-6944-4413-83c0-85acc4b2e2d4</id>
                        <recordStatus>completed</recordStatus>
                        <namePL>Politechnika Warszawska</namePL>
                        <nameEN>Warsaw University of Technology</nameEN>
                        <accronymPL>PW</accronymPL>
                        <accronymEN>WUT</accronymEN>
                        <ns0:affiliationprofile type="affiliationprofile">
                            <certifyingUnit>false</certifyingUnit>
                        </ns0:affiliationprofile>
                        <notActive>false</notActive>
                        <dontPropagateInactivity>false</dontPropagateInactivity>
                    </ns0:affiliation>
                    <ns0:affiliationprofile type="affiliationprofile">
                        <certifyingUnit>false</certifyingUnit>
                    </ns0:affiliationprofile>
                    <notActive>false</notActive>
                    <dontPropagateInactivity>false</dontPropagateInactivity>
                </ns0:affiliation>
                <ns0:affiliationprofile type="affiliationprofile">
                    <certifyingUnit>false</certifyingUnit>
                </ns0:affiliationprofile>
                <notActive>false</notActive>
                <dontPropagateInactivity>false</dontPropagateInactivity>
            </otherAffiliation>
            <externalAffiliationButEvaluation>false</externalAffiliationButEvaluation>
            <mainDiscipline type="discipline">
                <id>WUTbd68a51b42d7425b8d775456106997ac</id>
                <owner>wstruk</owner>
                <affiliationowner>PW</affiliationowner>
                <disciplineType>AREA</disciplineType>
                <namePL>obszar nauk technicznych</namePL>
                <nameEN>technological sciences</nameEN>
            </mainDiscipline>
            <activityDiscipline type="authordiscipline">
                <id>WUT0dc20b0ecc6a433c9f407e402e12c71c</id>
                <owner>1037250</owner>
                <affiliationowner>SD</affiliationowner>
                <discipline type="term">
                    <id>WUTfef424a0094d4fc3865bb3aabd414c88</id>
                    <owner>wstruk</owner>
                    <affiliationowner>PW</affiliationowner>
                    <ns0:termtype type="termtype">
                        <id>WUTa3c22b79ece54e0e99025251051d9b0d</id>
                        <owner>wstruk</owner>
                        <affiliationowner>PW</affiliationowner>
                        <code>oecdx</code>
                        <name>OECD extended</name>
                        <nonRepeatableByDefault>false</nonRepeatableByDefault>
                    </ns0:termtype>
                    <systemName>2.3</systemName>
                    <namePL>informatyka techniczna i telekomunikacja</namePL>
                    <nameEN>information and communication technology</nameEN>
                    <accronymPL>ITT</accronymPL>
                    <accronymEN>ICT</accronymEN>
                    <ns0:term type="term">
                        <id>WUTd7b77e1b91d44c64a57c032ede7bf851</id>
                        <owner>wstruk</owner>
                        <affiliationowner>PW</affiliationowner>
                        <ns0:termtype type="termtype">
                            <id>WUTa3c22b79ece54e0e99025251051d9b0d</id>
                            <owner>wstruk</owner>
                            <affiliationowner>PW</affiliationowner>
                            <code>oecdx</code>
                            <name>OECD extended</name>
                            <nonRepeatableByDefault>false</nonRepeatableByDefault>
                        </ns0:termtype>
                        <systemName>2</systemName>
                        <namePL>Dziedzina nauk inżynieryjno-technicznych</namePL>
                        <nameEN>Engineering and technology</nameEN>
                        <accronymPL>DNINZ</accronymPL>
                        <accronymEN>2</accronymEN>
                        <priority>02.00</priority>
                        <xid type="field">
                            <id>WUT217a0da3ad554648828696317acb6cee</id>
                            <owner>wstruk</owner>
                            <affiliationowner>PW</affiliationowner>
                            <key>polon_id</key>
                            <value>DZ0102N</value>
                        </xid>
                        <notActive>false</notActive>
                    </ns0:term>
                    <priority>02.03</priority>
                    <xid type="field">
                        <id>WUT9eb30fd170fd45918a1d046b9f7302cd</id>
                        <owner>PbnIntegrator</owner>
                        <affiliationowner>PW</affiliationowner>
                        <key>pbn_idArea</key>
                        <value>203</value>
                    </xid>
                    <xid type="field">
                        <id>WUT7f1a57adbae649e4ba0510c019498bec</id>
                        <owner>wstruk</owner>
                        <affiliationowner>PW</affiliationowner>
                        <key>polon_id</key>
                        <value>DS010203N</value>
                    </xid>
                    <notActive>false</notActive>
                </discipline>
                <activityPercentage>100</activityPercentage>
                <belonging2N>false</belonging2N>
                <year xsi:nil="true" />
            </activityDiscipline>
            <disciplinesApprovedByAuthor>true</disciplinesApprovedByAuthor>
            <termsAndConditionsResponse type="termsandconditionsresponse">
                <id>WUT0f31d42d73d44278bbb395628cadc1e9</id>
                <owner>1037250</owner>
                <affiliationowner>SD</affiliationowner>
                <terms type="termsandconditions">
                    <id>WUTbbe67bcd3d5345e9a67191920d2798ce</id>
                    <type type="term">
                        <id>WUT466d2b892ea24bbf86e384301252917d</id>
                        <owner>system</owner>
                        <affiliationowner>PW</affiliationowner>
                        <ns0:termtype type="termtype">
                            <id>WUT0f33bc946b8446c7b57f23f08e9ee196</id>
                            <owner>system</owner>
                            <affiliationowner>PW</affiliationowner>
                            <code>termsandconditions_type</code>
                            <name>Terms and Conditions type</name>
                            <nonRepeatableByDefault>false</nonRepeatableByDefault>
                        </ns0:termtype>
                        <systemName>termsandconditions_discipline_selection_statement</systemName>
                        <namePL>
            Oświadczenie autora o dyscyplinie naukowej w publikacji
        </namePL>
                        <nameEN>Publication discipline author's statement</nameEN>
                        <notActive>false</notActive>
                    </type>
                    <namePL>Oświadczenie autora o dyscyplinie naukowej w publikacji</namePL>
                    <nameEN>The declaration of the author about scientific discipline of the publication</nameEN>
                    <versionNumber>1</versionNumber>
                    <required>true</required>
                    <enableAdditionalTextInResponse>false</enableAdditionalTextInResponse>
                    <status>published</status>
                </terms>
                <user>1037250</user>
                <response>accepted</response>
                <responseDate>2025-01-13T10:13:57+0100</responseDate>
            </termsAndConditionsResponse>
            <staffGroup type="term">
                <id>WUT84d70d10557e430b835135b1599d91c5</id>
                <owner>system</owner>
                <affiliationowner>WEiTI</affiliationowner>
                <ns0:termtype type="termtype">
                    <id>WUT3817e163aedd49d0b8011432010847aa</id>
                    <owner>system</owner>
                    <affiliationowner>WEiTI</affiliationowner>
                    <code>staffGroup</code>
                    <name>Grupa zatrudnienia</name>
                    <nonRepeatableByDefault>false</nonRepeatableByDefault>
                </ns0:termtype>
                <systemName>doctoral_school_students</systemName>
                <namePL>doktoranci szkół doktorskich</namePL>
                <nameEN>Doctoral school students</nameEN>
                <ns0:term type="term">
                    <id>WUT20fd182192b94fba9b12752b761b279d</id>
                    <owner>system</owner>
                    <affiliationowner>WEiTI</affiliationowner>
                    <ns0:termtype type="termtype">
                        <id>WUT3817e163aedd49d0b8011432010847aa</id>
                        <owner>system</owner>
                        <affiliationowner>WEiTI</affiliationowner>
                        <code>staffGroup</code>
                        <name>Grupa zatrudnienia</name>
                        <nonRepeatableByDefault>false</nonRepeatableByDefault>
                    </ns0:termtype>
                    <systemName>nonStaff</systemName>
                    <namePL>Osoby niebędące pracownikami</namePL>
                    <nameEN>Non emploee persons</nameEN>
                    <priority>G03</priority>
                    <notActive>false</notActive>
                </ns0:term>
                <priority>D1</priority>
                <notActive>false</notActive>
            </staffGroup>
            <contribution xsi:nil="true" />
            <ns0:authorprofile type="authorprofile">
                <extid type="termfield">
                    <id>WUT8ad4333d2d494bc5b8cbedaceef323a2</id>
                    <owner>estyczek</owner>
                    <affiliationowner>WEiTI</affiliationowner>
                    <idtype type="term">
                        <id>WUT2d8d65028792443891668f54f30f6f71</id>
                        <owner>wstruk</owner>
                        <affiliationowner>PW</affiliationowner>
                        <ns0:termtype type="termtype">
                            <id>WUT6deee7292297435fb414dcd87dd84f0d</id>
                            <owner>wstruk</owner>
                            <affiliationowner>PW</affiliationowner>
                            <code>external_id</code>
                            <name>Identyfikator w systemie zewnętrznym</name>
                            <nonRepeatableByDefault>false</nonRepeatableByDefault>
                        </ns0:termtype>
                        <systemName>USOSid</systemName>
                        <namePL>Identyfikator USOS</namePL>
                        <nameEN>USOS Identifier</nameEN>
                        <notActive>false</notActive>
                    </idtype>
                    <value>1037250</value>
                </extid>
                <extid type="termfield">
                    <id>WUTda6de03f89f5474bad52a99123421b18</id>
                    <owner>estyczek</owner>
                    <affiliationowner>WEiTI</affiliationowner>
                    <idtype type="term">
                        <id>WUT0fd794746a704f42a40229c86b4a8543</id>
                        <owner>wstruk</owner>
                        <affiliationowner>PW</affiliationowner>
                        <ns0:termtype type="termtype">
                            <id>WUT73721172d9e7483ba46a61d697ffa3b3</id>
                            <owner>wstruk</owner>
                            <affiliationowner>BOI</affiliationowner>
                            <code>person_id</code>
                            <name>Identyfikator osoby</name>
                            <nonRepeatableByDefault>false</nonRepeatableByDefault>
                        </ns0:termtype>
                        <systemName>ORCID</systemName>
                        <namePL>Identyfikator osobowy ORCID</namePL>
                        <nameEN>ORCID</nameEN>
                        <accronymEN>ORCID</accronymEN>
                        <priority>U130</priority>
                        <notActive>false</notActive>
                    </idtype>
                    <value>0000-0003-4689-6343</value>
                </extid>
                <extid type="termfield">
                    <id>WUT1dbd5f72227c46a0990f0f575957fc1d</id>
                    <owner>estyczek</owner>
                    <affiliationowner>WEiTI</affiliationowner>
                    <idtype type="term">
                        <id>WUT1a02b6c6e47c457d9a7f061d865684a8</id>
                        <owner>system</owner>
                        <affiliationowner>PW</affiliationowner>
                        <ns0:termtype type="termtype">
                            <id>WUT6deee7292297435fb414dcd87dd84f0d</id>
                            <owner>wstruk</owner>
                            <affiliationowner>PW</affiliationowner>
                            <code>external_id</code>
                            <name>Identyfikator w systemie zewnętrznym</name>
                            <nonRepeatableByDefault>false</nonRepeatableByDefault>
                        </ns0:termtype>
                        <systemName>POLon_Uuid</systemName>
                        <namePL>Identyfikator polonUuid</namePL>
                        <nameEN>Identifier polonUuid</nameEN>
                        <priority>EI1155</priority>
                        <notActive>false</notActive>
                    </idtype>
                    <value>d01a47fd-697c-4faf-a93f-60f9fb5b7b85</value>
                </extid>
                <extid type="termfield">
                    <id>WUT3c62c80a02964d89be8a0ac7f77eb16a</id>
                    <owner>estyczek</owner>
                    <affiliationowner>WEiTI</affiliationowner>
                    <idtype type="term">
                        <id>WUTc2c4a016deee45da819a84c6dd1e3a92</id>
                        <owner>system</owner>
                        <affiliationowner>SD4</affiliationowner>
                        <ns0:termtype type="termtype">
                            <id>WUT6deee7292297435fb414dcd87dd84f0d</id>
                            <owner>wstruk</owner>
                            <affiliationowner>PW</affiliationowner>
                            <code>external_id</code>
                            <name>Identyfikator w systemie zewnętrznym</name>
                            <nonRepeatableByDefault>false</nonRepeatableByDefault>
                        </ns0:termtype>
                        <systemName>POLon_Uuid_phd</systemName>
                        <namePL>Identyfikator polonUuid doktoranta</namePL>
                        <nameEN>Identifier polonUuid PhD</nameEN>
                        <priority>EI11551</priority>
                        <notActive>false</notActive>
                    </idtype>
                    <value>2ff634d4-704f-491f-93e0-77a19cf1f06b</value>
                </extid>
                <hindex>1</hindex>
                <rankingScore>0.0</rankingScore>
                <noEvaluation>false</noEvaluation>
                <supervisionOffer type="supervisionoffer">
                    <active>false</active>
                </supervisionOffer>
            </ns0:authorprofile>
            <profilepreferences type="authorprofilepreferences" />
            <ns0:authormirprofile type="authormirprofile" />
        </ns0:author>
        <ns0:author type="author">
            <id>WUT13abc213ba254a5493b33e00770cef19</id>
            <recordStatus>completed</recordStatus>
            <active>false</active>
            <status>ZEWNETRZNY</status>
            <belonging2N>false</belonging2N>
            <name>Daniel</name>
            <surname>Kostrzewa</surname>
            <externalAffiliation type="corporateauthor">
                <id>WUT4ab353ed94d4445abec70c81b032a6eb</id>
                <recordStatus>completed</recordStatus>
                <fullNameEN>KP Labs</fullNameEN>
                <country type="validationtable">
                    <id>WUT382314</id>
                    <owner>wstruk</owner>
                    <affiliationowner>PW</affiliationowner>
                    <validationType>COUNTRY</validationType>
                    <namePL>Polska</namePL>
                    <nameEN>Poland</nameEN>
                    <validationtable type="validationtable">
                        <id>WUT35bb1cba0c1740afa065a42d4164e9a1</id>
                        <owner>wstruk</owner>
                        <affiliationowner>PW</affiliationowner>
                        <validationType>ORGANIZATION</validationType>
                        <namePL>Organizacja Współpracy Gospodarczej i Rozwoju</namePL>
                        <nameEN>Organisation for Economic Co-operation and Development</nameEN>
                        <nameOTH>OECD</nameOTH>
                        <ns0:validationprofile type="validationprofile">
                            <intNumber>0</intNumber>
                        </ns0:validationprofile>
                    </validationtable>
                    <ns0:validationprofile type="validationprofile">
                        <intNumber>0</intNumber>
                    </ns0:validationprofile>
                </country>
                <ns0:corporateauthorprofile type="corporateauthorprofile">
                    <extid type="termfield">
                        <id>WUTc8b980fae41841ee9bd779ea456c54ea</id>
                        <owner>1037250</owner>
                        <affiliationowner>SD</affiliationowner>
                        <idtype type="term">
                            <id>WUTfe712e9e17404de29f343752164c96a7</id>
                            <owner>wstruk</owner>
                            <affiliationowner>PW</affiliationowner>
                            <ns0:termtype type="termtype">
<id>WUT6deee7292297435fb414dcd87dd84f0d</id>
<owner>wstruk</owner>
<affiliationowner>PW</affiliationowner>
<code>external_id</code>
<name>Identyfikator w systemie zewnętrznym</name>
<nonRepeatableByDefault>false</nonRepeatableByDefault>
                            </ns0:termtype>
                            <systemName>ScopusId</systemName>
                            <namePL>Identyfikator Scopus</namePL>
                            <nameEN>Scopus Identifier</nameEN>
                            <priority>EI120</priority>
                            <notActive>false</notActive>
                        </idtype>
                        <value>121636847</value>
                    </extid>
                    <ns0:statisticsdata type="statisticsdata">
                        <numberOfPublications xsi:nil="true" />
                        <numberOfPatents xsi:nil="true" />
                        <numberOfProjects xsi:nil="true" />
                        <numberOfFinancedProjects xsi:nil="true" />
                        <numberOfWorks xsi:nil="true" />
                        <rankingScore xsi:nil="true" />
                    </ns0:statisticsdata>
                </ns0:corporateauthorprofile>
                <evaluationOK>false</evaluationOK>
            </externalAffiliation>
            <externalAffiliationButEvaluation>false</externalAffiliationButEvaluation>
            <disciplinesApprovedByAuthor>false</disciplinesApprovedByAuthor>
            <contribution xsi:nil="true" />
            <ns0:authorprofile type="authorprofile">
                <hindex>0</hindex>
                <rankingScore>0.0</rankingScore>
                <noEvaluation>false</noEvaluation>
                <supervisionOffer type="supervisionoffer">
                    <active>false</active>
                </supervisionOffer>
            </ns0:authorprofile>
            <profilepreferences type="authorprofilepreferences" />
            <ns0:authormirprofile type="authormirprofile" />
        </ns0:author>
        <ns0:author type="author">
            <id>WUT52ed00419fc441abac1ee247a8001ef4</id>
            <recordStatus>completed</recordStatus>
            <active>false</active>
            <status>ZEWNETRZNY</status>
            <belonging2N>false</belonging2N>
            <name>Nicolas</name>
            <surname>Longépé</surname>
            <externalAffiliation type="corporateauthor">
                <id>WUTf32fa3f2ef614d7dbfa657b9882ec2d1</id>
                <recordStatus>completed</recordStatus>
                <fullNameEN>European Space Agency</fullNameEN>
                <accronym>ESA</accronym>
                <otherForm>Europejska Agencja Kosmiczna</otherForm>
                <category>science</category>
                <category>other</category>
                <otherCategory type="term">
                    <id>WUT9641ae782b4540fcbd9d5c66a25d0396</id>
                    <owner>wstruk</owner>
                    <affiliationowner>PW</affiliationowner>
                    <ns0:termtype type="termtype">
                        <id>WUT929508ac4fa9451093764fa86f480cd7</id>
                        <owner>wstruk</owner>
                        <affiliationowner>PW</affiliationowner>
                        <code>institution_category</code>
                        <name>kategoria instytucji</name>
                        <nonRepeatableByDefault>false</nonRepeatableByDefault>
                    </ns0:termtype>
                    <systemName>grant_financingInstitution</systemName>
                    <namePL>Instytucja finansująca granty</namePL>
                    <nameEN>Institution financing grants</nameEN>
                    <priority>IC180</priority>
                    <notActive>false</notActive>
                </otherCategory>
                <country type="validationtable">
                    <id>WUT382207</id>
                    <owner>wstruk</owner>
                    <affiliationowner>PW</affiliationowner>
                    <validationType>COUNTRY</validationType>
                    <namePL>Francja</namePL>
                    <nameEN>France</nameEN>
                    <validationtable type="validationtable">
                        <id>WUT35bb1cba0c1740afa065a42d4164e9a1</id>
                        <owner>wstruk</owner>
                        <affiliationowner>PW</affiliationowner>
                        <validationType>ORGANIZATION</validationType>
                        <namePL>Organizacja Współpracy Gospodarczej i Rozwoju</namePL>
                        <nameEN>Organisation for Economic Co-operation and Development</nameEN>
                        <nameOTH>OECD</nameOTH>
                        <ns0:validationprofile type="validationprofile">
                            <intNumber>0</intNumber>
                        </ns0:validationprofile>
                    </validationtable>
                    <relatedOrganization type="validationtable">
                        <id>WUT382397</id>
                        <owner>wstruk</owner>
                        <affiliationowner>PW</affiliationowner>
                        <validationType>ORGANIZATION</validationType>
                        <namePL>Unia Europejska</namePL>
                        <nameEN>European Union</nameEN>
                        <nameOTH>UE</nameOTH>
                        <nameOTH>EU</nameOTH>
                        <ns0:validationprofile type="validationprofile">
                            <intNumber>0</intNumber>
                        </ns0:validationprofile>
                    </relatedOrganization>
                    <relatedRegion type="validationtable">
                        <id>WUT7be4e0717dda43d186ccbcbf60ee77df</id>
                        <owner>sages-hrybinski</owner>
                        <affiliationowner>PW</affiliationowner>
                        <validationType>REGION</validationType>
                        <namePL>Europa</namePL>
                        <nameEN>Europe</nameEN>
                        <ns0:validationprofile type="validationprofile">
                            <intNumber>0</intNumber>
                        </ns0:validationprofile>
                    </relatedRegion>
                    <relatedRegion type="validationtable">
                        <id>WUT7ee23af3ecd34d9e8edc736f806de18d</id>
                        <owner>wstruk</owner>
                        <affiliationowner>PW</affiliationowner>
                        <validationType>REGION</validationType>
                        <namePL>Europa Zachodnia</namePL>
                        <nameEN>Western Europe</nameEN>
                        <ns0:validationprofile type="validationprofile">
                            <intNumber>0</intNumber>
                        </ns0:validationprofile>
                    </relatedRegion>
                    <ns0:validationprofile type="validationprofile">
                        <intNumber>0</intNumber>
                    </ns0:validationprofile>
                </country>
                <url>https://www.esa.int/</url>
                <ns0:corporateauthorprofile type="corporateauthorprofile">
                    <extid type="termfield">
                        <id>WUTb89a46d73e404f6b8dd7183c3d18be31</id>
                        <owner>zmazek</owner>
                        <affiliationowner>IT</affiliationowner>
                        <idtype type="term">
                            <id>WUTb8d159779d964afdb0c3418628296ea3</id>
                            <owner>system</owner>
                            <affiliationowner>IT</affiliationowner>
                            <ns0:termtype type="termtype">
<id>WUT6deee7292297435fb414dcd87dd84f0d</id>
<owner>system</owner>
<affiliationowner>IT</affiliationowner>
<code>external_id</code>
<name>Identyfikator w systemie zewnętrznym</name>
<nonRepeatableByDefault>false</nonRepeatableByDefault>
                            </ns0:termtype>
                            <systemName>rorId</systemName>
                            <namePL>Identyfikator ROR</namePL>
                            <nameEN>ROR Identifier</nameEN>
                            <priority>EI1158</priority>
                            <notActive>false</notActive>
                        </idtype>
                        <value>03wd9za21</value>
                    </extid>
                    <extid type="termfield">
                        <id>WUT574e60d24e0a4c3691727ac2c9bb3505</id>
                        <owner>zmazek</owner>
                        <affiliationowner>IT</affiliationowner>
                        <idtype type="term">
                            <id>WUT75d8b8bfed294a6fa3faadc238743d64</id>
                            <owner>system</owner>
                            <affiliationowner>IT</affiliationowner>
                            <ns0:termtype type="termtype">
<id>WUT6deee7292297435fb414dcd87dd84f0d</id>
<owner>system</owner>
<affiliationowner>IT</affiliationowner>
<code>external_id</code>
<name>Identyfikator w systemie zewnętrznym</name>
<nonRepeatableByDefault>false</nonRepeatableByDefault>
                            </ns0:termtype>
                            <systemName>ISNI</systemName>
                            <namePL>ISNI</namePL>
                            <nameEN>ISNI</nameEN>
                            <notActive>false</notActive>
                        </idtype>
                        <value>0000 0004 0623 6946</value>
                    </extid>
                    <extid type="termfield">
                        <id>WUT5b8c13da63bc41ea9e8bcbf88f858742</id>
                        <owner>zmazek</owner>
                        <affiliationowner>IT</affiliationowner>
                        <idtype type="term">
                            <id>WUT6cc9f4d5303f4a018c0743c1da75b7fe</id>
                            <owner>system</owner>
                            <affiliationowner>IT</affiliationowner>
                            <ns0:termtype type="termtype">
<id>WUT6deee7292297435fb414dcd87dd84f0d</id>
<owner>system</owner>
<affiliationowner>IT</affiliationowner>
<code>external_id</code>
<name>Identyfikator w systemie zewnętrznym</name>
<nonRepeatableByDefault>false</nonRepeatableByDefault>
                            </ns0:termtype>
                            <systemName>FundRef</systemName>
                            <namePL>FundRef</namePL>
                            <nameEN>FundRef</nameEN>
                            <notActive>false</notActive>
                        </idtype>
                        <value>501100000844</value>
                    </extid>
                    <extid type="termfield">
                        <id>WUT33de582545224c2cbe5500b72f00218f</id>
                        <owner>zmazek</owner>
                        <affiliationowner>IT</affiliationowner>
                        <idtype type="term">
                            <id>WUT71eac2da6bdb48feaa8902fd00c6f75b</id>
                            <owner>system</owner>
                            <affiliationowner>IT</affiliationowner>
                            <ns0:termtype type="termtype">
<id>WUT6deee7292297435fb414dcd87dd84f0d</id>
<owner>system</owner>
<affiliationowner>IT</affiliationowner>
<code>external_id</code>
<name>Identyfikator w systemie zewnętrznym</name>
<nonRepeatableByDefault>false</nonRepeatableByDefault>
                            </ns0:termtype>
                            <systemName>OrgRef</systemName>
                            <namePL>OrgRef</namePL>
                            <nameEN>OrgRef</nameEN>
                            <notActive>false</notActive>
                        </idtype>
                        <value>10363</value>
                    </extid>
                    <extid type="termfield">
                        <id>WUTbdc6a01bd0674c0bb4c48edc9b4101d5</id>
                        <owner>zmazek</owner>
                        <affiliationowner>IT</affiliationowner>
                        <idtype type="term">
                            <id>WUT35bfacd3a1cd42799fbec33ea75853c6</id>
                            <owner>system</owner>
                            <affiliationowner>IT</affiliationowner>
                            <ns0:termtype type="termtype">
<id>WUT6deee7292297435fb414dcd87dd84f0d</id>
<owner>system</owner>
<affiliationowner>IT</affiliationowner>
<code>external_id</code>
<name>Identyfikator w systemie zewnętrznym</name>
<nonRepeatableByDefault>false</nonRepeatableByDefault>
                            </ns0:termtype>
                            <systemName>Wikidata</systemName>
                            <namePL>Wikidata</namePL>
                            <nameEN>Wikidata</nameEN>
                            <notActive>false</notActive>
                        </idtype>
                        <value>Q42262</value>
                    </extid>
                    <extid type="termfield">
                        <id>WUT9c90ed6a736b470783a5ef2be80fdc6d</id>
                        <owner>zmazek</owner>
                        <affiliationowner>IT</affiliationowner>
                        <idtype type="term">
                            <id>WUTcc13042edc5c4adca5d32e23a4d48530</id>
                            <owner>system</owner>
                            <affiliationowner>IT</affiliationowner>
                            <ns0:termtype type="termtype">
<id>WUTa843ef60f8e0460e9c20913412f9552d</id>
<owner>system</owner>
<affiliationowner>IT</affiliationowner>
<code>external_id</code>
<name>Identyfikator w systemie zewnętrznym</name>
<nonRepeatableByDefault>false</nonRepeatableByDefault>
                            </ns0:termtype>
                            <systemName>GRID</systemName>
                            <namePL>GRID</namePL>
                            <nameEN>GRID</nameEN>
                            <notActive>false</notActive>
                        </idtype>
                        <value>grid.410379.8</value>
                    </extid>
                    <extid type="termfield">
                        <id>WUT42497d0c260c47e18d1d116d9f3e76bd</id>
                        <owner>zmazek</owner>
                        <affiliationowner>IT</affiliationowner>
                        <idtype type="term">
                            <id>WUTfe712e9e17404de29f343752164c96a7</id>
                            <owner>wstruk</owner>
                            <affiliationowner>PW</affiliationowner>
                            <ns0:termtype type="termtype">
<id>WUT6deee7292297435fb414dcd87dd84f0d</id>
<owner>wstruk</owner>
<affiliationowner>PW</affiliationowner>
<code>external_id</code>
<name>Identyfikator w systemie zewnętrznym</name>
<nonRepeatableByDefault>false</nonRepeatableByDefault>
                            </ns0:termtype>
                            <systemName>ScopusId</systemName>
                            <namePL>Identyfikator Scopus</namePL>
                            <nameEN>Scopus Identifier</nameEN>
                            <priority>EI120</priority>
                            <notActive>false</notActive>
                        </idtype>
                        <value>60029398</value>
                    </extid>
                    <ns0:statisticsdata type="statisticsdata">
                        <numberOfPublications xsi:nil="true" />
                        <numberOfPatents xsi:nil="true" />
                        <numberOfProjects xsi:nil="true" />
                        <numberOfFinancedProjects xsi:nil="true" />
                        <numberOfWorks xsi:nil="true" />
                        <rankingScore xsi:nil="true" />
                    </ns0:statisticsdata>
                </ns0:corporateauthorprofile>
                <evaluationOK>false</evaluationOK>
            </externalAffiliation>
            <externalAffiliationButEvaluation>false</externalAffiliationButEvaluation>
            <disciplinesApprovedByAuthor>false</disciplinesApprovedByAuthor>
            <contribution xsi:nil="true" />
            <ns0:authorprofile type="authorprofile">
                <hindex>0</hindex>
                <rankingScore>0.0</rankingScore>
                <noEvaluation>false</noEvaluation>
                <supervisionOffer type="supervisionoffer">
                    <active>false</active>
                </supervisionOffer>
            </ns0:authorprofile>
            <profilepreferences type="authorprofilepreferences" />
            <ns0:authormirprofile type="authormirprofile" />
        </ns0:author>
        <ns0:author type="author">
            <id>WUT1096742a58ae4ee7969d9138088d037d</id>
            <recordStatus>completed</recordStatus>
            <active>false</active>
            <status>ZEWNETRZNY</status>
            <belonging2N>false</belonging2N>
            <name>Michal</name>
            <surname>Kawulok</surname>
            <externalAffiliation type="corporateauthor">
                <id>WUT4ab353ed94d4445abec70c81b032a6eb</id>
                <recordStatus>completed</recordStatus>
                <fullNameEN>KP Labs</fullNameEN>
                <country type="validationtable">
                    <id>WUT382314</id>
                    <owner>wstruk</owner>
                    <affiliationowner>PW</affiliationowner>
                    <validationType>COUNTRY</validationType>
                    <namePL>Polska</namePL>
                    <nameEN>Poland</nameEN>
                    <validationtable type="validationtable">
                        <id>WUT35bb1cba0c1740afa065a42d4164e9a1</id>
                        <owner>wstruk</owner>
                        <affiliationowner>PW</affiliationowner>
                        <validationType>ORGANIZATION</validationType>
                        <namePL>Organizacja Współpracy Gospodarczej i Rozwoju</namePL>
                        <nameEN>Organisation for Economic Co-operation and Development</nameEN>
                        <nameOTH>OECD</nameOTH>
                        <ns0:validationprofile type="validationprofile">
                            <intNumber>0</intNumber>
                        </ns0:validationprofile>
                    </validationtable>
                    <ns0:validationprofile type="validationprofile">
                        <intNumber>0</intNumber>
                    </ns0:validationprofile>
                </country>
                <ns0:corporateauthorprofile type="corporateauthorprofile">
                    <extid type="termfield">
                        <id>WUTc8b980fae41841ee9bd779ea456c54ea</id>
                        <owner>1037250</owner>
                        <affiliationowner>SD</affiliationowner>
                        <idtype type="term">
                            <id>WUTfe712e9e17404de29f343752164c96a7</id>
                            <owner>wstruk</owner>
                            <affiliationowner>PW</affiliationowner>
                            <ns0:termtype type="termtype">
<id>WUT6deee7292297435fb414dcd87dd84f0d</id>
<owner>wstruk</owner>
<affiliationowner>PW</affiliationowner>
<code>external_id</code>
<name>Identyfikator w systemie zewnętrznym</name>
<nonRepeatableByDefault>false</nonRepeatableByDefault>
                            </ns0:termtype>
                            <systemName>ScopusId</systemName>
                            <namePL>Identyfikator Scopus</namePL>
                            <nameEN>Scopus Identifier</nameEN>
                            <priority>EI120</priority>
                            <notActive>false</notActive>
                        </idtype>
                        <value>121636847</value>
                    </extid>
                    <ns0:statisticsdata type="statisticsdata">
                        <numberOfPublications xsi:nil="true" />
                        <numberOfPatents xsi:nil="true" />
                        <numberOfProjects xsi:nil="true" />
                        <numberOfFinancedProjects xsi:nil="true" />
                        <numberOfWorks xsi:nil="true" />
                        <rankingScore xsi:nil="true" />
                    </ns0:statisticsdata>
                </ns0:corporateauthorprofile>
                <evaluationOK>false</evaluationOK>
            </externalAffiliation>
            <externalAffiliationButEvaluation>false</externalAffiliationButEvaluation>
            <disciplinesApprovedByAuthor>false</disciplinesApprovedByAuthor>
            <contribution xsi:nil="true" />
            <ns0:authorprofile type="authorprofile">
                <hindex>0</hindex>
                <rankingScore>0.0</rankingScore>
                <noEvaluation>false</noEvaluation>
                <supervisionOffer type="supervisionoffer">
                    <active>false</active>
                </supervisionOffer>
            </ns0:authorprofile>
            <profilepreferences type="authorprofilepreferences" />
            <ns0:authormirprofile type="authormirprofile" />
        </ns0:author>
        <totalAuthorsNo>5</totalAuthorsNo>
        <title>Toward Task-Driven Satellite Image Super-Resolution</title>
        <ns0:language type="language">
            <id>WEITI-bc90626b-ed19-490f-b9c3-daf0bffd1760</id>
            <owner>admin</owner>
            <affiliationowner>IN</affiliationowner>
            <code>en</code>
            <iso2>eng</iso2>
            <namePL>angielski</namePL>
            <nameEN>English</nameEN>
            <ns0:field type="field">
                <id>WUT7011e8e4e6f74b38a2ca632b6de071e5</id>
                <owner>PbnIntegrator</owner>
                <affiliationowner>IN</affiliationowner>
                <key>pbn_639-2</key>
                <value>eng</value>
            </ns0:field>
            <ns0:field type="field">
                <id>WUT73e8cec6538944e383d6282838e2f964</id>
                <owner>PbnIntegrator</owner>
                <affiliationowner>IN</affiliationowner>
                <key>pbn_639-1</key>
                <value>en</value>
            </ns0:field>
            <ns0:field type="field">
                <id>WUT65f08cfa99d14cd9bf5f0d65185ce27d</id>
                <owner>PbnIntegrator</owner>
                <affiliationowner>IN</affiliationowner>
                <key>pbn_pl</key>
                <value>angielski</value>
            </ns0:field>
            <ns0:field type="field">
                <id>WUT108a680882134cf18b2f743d829026b5</id>
                <owner>PbnIntegrator</owner>
                <affiliationowner>IN</affiliationowner>
                <key>pbn_en</key>
                <value>English</value>
            </ns0:field>
            <ns0:field type="field">
                <id>WUT8cbc478cf51c4345a7a1d27ef40339c7</id>
                <owner>PbnIntegrator</owner>
                <affiliationowner>IN</affiliationowner>
                <key>pbn_de</key>
                <value>Englisch</value>
            </ns0:field>
            <ns0:field type="field">
                <id>WUT7cba2fb293374920b434cde356f0ec3a</id>
                <owner>PbnIntegrator</owner>
                <affiliationowner>IN</affiliationowner>
                <key>pbn_fr</key>
                <value>anglais</value>
            </ns0:field>
        </ns0:language>
        <url>https://ieeexplore.ieee.org/document/10642397</url>
        <collation>1235-1239</collation>
        <abstractEN>Super-resolution is aimed at reconstructing high-resolution images from low-resolution observations. State-of-the-art approaches underpinned with deep learning allow for obtaining outstanding results, generating images of high perceptual quality. However, it often remains unclear whether the reconstructed details are close to the actual ground-truth information and whether they constitute a more valuable source for image analysis algorithms. In the reported work, we address the latter problem, and we present our efforts toward learning super-resolution algorithms in a task-driven way to make them suitable for generating high-resolution images that can be exploited for automated image analysis. In the reported initial research, we propose a methodological approach for assessing the existing models that perform computer vision tasks in terms of whether they can be used for evaluating super-resolution reconstruction algorithms, as well as training them in a task-driven way. We support our analysis with experimental study and we expect it to establish a solid foundation for selecting appropriate computer vision tasks that will advance the capabilities of real-world super-resolution.</abstractEN>
        <classified xsi:nil="true" />
        <fees type="publicationfees">
            <id>WUTd367a8986e6a4c0694cb7da570e47bf6</id>
            <owner>1037250</owner>
            <affiliationowner>SD</affiliationowner>
            <costFreePublication>false</costFreePublication>
            <researchPotentialFinancialResources>false</researchPotentialFinancialResources>
            <researchOrDevelopmentProjectsFinancialResources>false</researchOrDevelopmentProjectsFinancialResources>
            <other>false</other>
        </fees>
        <pbnIntegration type="integrationinfo">
            <id>WUT63e708ccad234ac39f0b306de199252f</id>
            <lastTransferDate>2025-07-17T12:26:46+0200</lastTransferDate>
            <lastTransferStatus>failure</lastTransferStatus>
            <transfer type="transferresult">
                <id>WUT838d787d45e34eb18271d81d52798e55</id>
                <date>2025-07-17T12:26:46+0200</date>
                <returnCode>400</returnCode>
                <ns0:field type="field">
                    <id>WUT007807350df04636abb7efc84274f2cf</id>
                    <owner>1037250</owner>
                    <affiliationowner>SD</affiliationowner>
                    <key>statements</key>
                    <value>[{"disciplineId":203,"orcid":true,"personObjectId":"5e70941f878c28a0473b691a","statementDate":"2025-01-13","type":"AUTHOR"}]</value>
                </ns0:field>
                <note>{"code":400,"message":"Bad Request","description":"Validation failed.","details":{"book.id":"Identyfikator źródła rozdziału (książki) jest wymagany!"}}</note>
            </transfer>
        </pbnIntegration>
        <ns0:field type="field">
            <id>WUT8772bce97de14ad0b5ca5984745c7bda</id>
            <owner>1037250</owner>
            <affiliationowner>SD</affiliationowner>
            <key>importId</key>
            <value>1727872403785</value>
        </ns0:field>
        <ns0:field type="field">
            <id>WUT9c2ed64954c943faa0b5da353f138aad</id>
            <owner>1037250</owner>
            <affiliationowner>SD</affiliationowner>
            <key>import_type</key>
            <value>self_import</value>
        </ns0:field>
        <ns0:field type="field">
            <id>WUT13e4028a249c4a6fa13961bac2955196</id>
            <owner>1037250</owner>
            <affiliationowner>SD</affiliationowner>
            <key>scopusServiceUpdateTimestamp</key>
            <value>1750378672415</value>
        </ns0:field>
    </ns0:article>
    