<ns0:article xmlns:ns0="http://ii.pw.edu.pl/lib" xmlns:xsi="http://www.w3.org/2001/XMLSchema-instance" type="article">
        <metaData>
            <lastModifiedBy>mwasiluk</lastModifiedBy>
            <lastModified>2025-09-09T23:25:47.114+02:00</lastModified>
            <created>2024-10-17T22:36:19.413+02:00</created>
        </metaData>
        <meta_datestamp>1757453147114</meta_datestamp>
        <ns0:book type="book">
            <id>WUT645acf34f58d4a07aa6843e2e7f84d04</id>
            <recordStatus>completed</recordStatus>
            <extid type="termfield">
                <id>WUT806877bb6a4548a28204d6d9d4e3c53b</id>
                <owner>PbnIntegrator</owner>
                <affiliationowner>WE</affiliationowner>
                <idtype type="term">
                    <id>WUTfbafd2ec77464f57b240bdbc14318de0</id>
                    <owner>system</owner>
                    <affiliationowner>WE</affiliationowner>
                    <ns0:termtype type="termtype">
                        <id>WUT6deee7292297435fb414dcd87dd84f0d</id>
                        <owner>system</owner>
                        <affiliationowner>WE</affiliationowner>
                        <code>external_id</code>
                        <name>Identyfikator w systemie zewnętrznym</name>
                        <nonRepeatableByDefault>false</nonRepeatableByDefault>
                    </ns0:termtype>
                    <systemName>PBN_mongoId</systemName>
                    <namePL>Identyfikator PBN MongoId</namePL>
                    <nameEN>PSB Identifier MongoId</nameEN>
                    <priority>EI1153</priority>
                    <notActive>false</notActive>
                </idtype>
                <value>67a35070fdbe83448fb705a7</value>
            </extid>
            <noEvaluation>false</noEvaluation>
            <meetsPlanSRequirements>false</meetsPlanSRequirements>
            <score>20</score>
            <scoreDate>2025-04-08T11:40:09+0200</scoreDate>
            <scoreReason>MonograhOrBookMainLanguagesEditor</scoreReason>
            <rulesetName>All_years_with_U20-scoring-v2y_for_v220(20240930), drl All_years_with_U20-scoring-v4a_for_v220(20250127), All_years_with_U20-scoring-v4c_for_v220(20250312), Scopus SNIP (with ASJC) v2, ScopusCiteScore, IFWoS</rulesetName>
            <legalBasis>Rozporządzenie MNiSW z dnia 22 lutego 2019 r. (§ 12 ust. 3 pkt 1, 2, 3)</legalBasis>
            <scoreSource>publisherList</scoreSource>
            <bookType>MONOGRAFIA</bookType>
            <authorsRole>editor</authorsRole>
            <ns0:author type="author">
                <id>WUTa7ca26bdf49d4c9d94ad098a56380ec9</id>
                <recordStatus>completed</recordStatus>
                <active>false</active>
                <status>ZEWNETRZNY</status>
                <belonging2N>false</belonging2N>
                <name>Michael</name>
                <surname>Wand</surname>
                <externalAffiliationButEvaluation>false</externalAffiliationButEvaluation>
                <disciplinesApprovedByAuthor>false</disciplinesApprovedByAuthor>
                <contribution xsi:nil="true" />
                <ns0:authorprofile type="authorprofile">
                    <hindex>0</hindex>
                    <rankingScore>0.0</rankingScore>
                    <noEvaluation>false</noEvaluation>
                    <supervisionOffer type="supervisionoffer">
                        <active>false</active>
                    </supervisionOffer>
                </ns0:authorprofile>
                <profilepreferences type="authorprofilepreferences" />
                <ns0:authormirprofile type="authormirprofile" />
            </ns0:author>
            <ns0:author type="author">
                <id>WUT0231731317cd4b43b11bb40aeaf44f1c</id>
                <recordStatus>completed</recordStatus>
                <active>false</active>
                <status>ZEWNETRZNY</status>
                <belonging2N>false</belonging2N>
                <name>Kristína</name>
                <surname>Malinovská</surname>
                <externalAffiliationButEvaluation>false</externalAffiliationButEvaluation>
                <disciplinesApprovedByAuthor>false</disciplinesApprovedByAuthor>
                <contribution xsi:nil="true" />
                <ns0:authorprofile type="authorprofile">
                    <hindex>0</hindex>
                    <rankingScore>0.0</rankingScore>
                    <noEvaluation>false</noEvaluation>
                    <supervisionOffer type="supervisionoffer">
                        <active>false</active>
                    </supervisionOffer>
                </ns0:authorprofile>
                <profilepreferences type="authorprofilepreferences" />
                <ns0:authormirprofile type="authormirprofile" />
            </ns0:author>
            <ns0:author type="author">
                <id>WUT2dde63015b8a4b14a102798b3f16dbf7</id>
                <recordStatus>completed</recordStatus>
                <active>false</active>
                <status>ZEWNETRZNY</status>
                <belonging2N>false</belonging2N>
                <name>Jürgen</name>
                <surname>Schmidhuber</surname>
                <externalAffiliationButEvaluation>false</externalAffiliationButEvaluation>
                <disciplinesApprovedByAuthor>false</disciplinesApprovedByAuthor>
                <contribution xsi:nil="true" />
                <ns0:authorprofile type="authorprofile">
                    <hindex>0</hindex>
                    <rankingScore>0.0</rankingScore>
                    <noEvaluation>false</noEvaluation>
                    <supervisionOffer type="supervisionoffer">
                        <active>false</active>
                    </supervisionOffer>
                </ns0:authorprofile>
                <profilepreferences type="authorprofilepreferences" />
                <ns0:authormirprofile type="authormirprofile" />
            </ns0:author>
            <ns0:author type="author">
                <id>WUTbabdde6170b24204b8db2074febb3f9e</id>
                <recordStatus>completed</recordStatus>
                <active>false</active>
                <status>ZEWNETRZNY</status>
                <belonging2N>false</belonging2N>
                <name>Igor V.</name>
                <surname>Tetko</surname>
                <externalAffiliationButEvaluation>false</externalAffiliationButEvaluation>
                <disciplinesApprovedByAuthor>false</disciplinesApprovedByAuthor>
                <contribution xsi:nil="true" />
                <ns0:authorprofile type="authorprofile">
                    <hindex>0</hindex>
                    <rankingScore>0.0</rankingScore>
                    <noEvaluation>false</noEvaluation>
                    <supervisionOffer type="supervisionoffer">
                        <active>false</active>
                    </supervisionOffer>
                </ns0:authorprofile>
                <profilepreferences type="authorprofilepreferences" />
                <ns0:authormirprofile type="authormirprofile" />
            </ns0:author>
            <totalAuthorsNo>4</totalAuthorsNo>
            <totalChapterAuthorsNo xsi:nil="true" />
            <title>Artificial Neural Networks and Machine Learning – ICANN 2024</title>
            <ns0:language type="language">
                <id>WEITI-bc90626b-ed19-490f-b9c3-daf0bffd1760</id>
                <owner>admin</owner>
                <affiliationowner>IN</affiliationowner>
                <code>en</code>
                <iso2>eng</iso2>
                <namePL>angielski</namePL>
                <nameEN>English</nameEN>
                <ns0:field type="field">
                    <id>WUT7011e8e4e6f74b38a2ca632b6de071e5</id>
                    <owner>PbnIntegrator</owner>
                    <affiliationowner>IN</affiliationowner>
                    <key>pbn_639-2</key>
                    <value>eng</value>
                </ns0:field>
                <ns0:field type="field">
                    <id>WUT73e8cec6538944e383d6282838e2f964</id>
                    <owner>PbnIntegrator</owner>
                    <affiliationowner>IN</affiliationowner>
                    <key>pbn_639-1</key>
                    <value>en</value>
                </ns0:field>
                <ns0:field type="field">
                    <id>WUT65f08cfa99d14cd9bf5f0d65185ce27d</id>
                    <owner>PbnIntegrator</owner>
                    <affiliationowner>IN</affiliationowner>
                    <key>pbn_pl</key>
                    <value>angielski</value>
                </ns0:field>
                <ns0:field type="field">
                    <id>WUT108a680882134cf18b2f743d829026b5</id>
                    <owner>PbnIntegrator</owner>
                    <affiliationowner>IN</affiliationowner>
                    <key>pbn_en</key>
                    <value>English</value>
                </ns0:field>
                <ns0:field type="field">
                    <id>WUT8cbc478cf51c4345a7a1d27ef40339c7</id>
                    <owner>PbnIntegrator</owner>
                    <affiliationowner>IN</affiliationowner>
                    <key>pbn_de</key>
                    <value>Englisch</value>
                </ns0:field>
                <ns0:field type="field">
                    <id>WUT7cba2fb293374920b434cde356f0ec3a</id>
                    <owner>PbnIntegrator</owner>
                    <affiliationowner>IN</affiliationowner>
                    <key>pbn_fr</key>
                    <value>anglais</value>
                </ns0:field>
            </ns0:language>
            <issueDate>2024</issueDate>
            <evaluationYear xsi:nil="true" />
            <publisherInstitution type="corporateauthor">
                <id>WUT885f9144f1d44407a70751a5ab5a90a2</id>
                <recordStatus>completed</recordStatus>
                <fullName>Springer</fullName>
                <fullNameEN>Springer International Publishing</fullNameEN>
                <otherForm>Springer Verlag</otherForm>
                <otherCategory type="term">
                    <id>WUTe3b0f81c11c34111937796914404fb82</id>
                    <owner>wstruk</owner>
                    <affiliationowner>PW</affiliationowner>
                    <ns0:termtype type="termtype">
                        <id>WUT929508ac4fa9451093764fa86f480cd7</id>
                        <owner>wstruk</owner>
                        <affiliationowner>PW</affiliationowner>
                        <code>institution_category</code>
                        <name>kategoria instytucji</name>
                        <nonRepeatableByDefault>false</nonRepeatableByDefault>
                    </ns0:termtype>
                    <systemName>Publisher</systemName>
                    <namePL>Wydawca</namePL>
                    <nameEN>Publisher</nameEN>
                    <priority>IC190</priority>
                    <notActive>false</notActive>
                </otherCategory>
                <country type="validationtable">
                    <id>WUT382295</id>
                    <owner>wstruk</owner>
                    <affiliationowner>PW</affiliationowner>
                    <validationType>COUNTRY</validationType>
                    <namePL>Niemcy</namePL>
                    <nameEN>Germany</nameEN>
                    <validationtable type="validationtable">
                        <id>WUT35bb1cba0c1740afa065a42d4164e9a1</id>
                        <owner>wstruk</owner>
                        <affiliationowner>PW</affiliationowner>
                        <validationType>ORGANIZATION</validationType>
                        <namePL>Organizacja Współpracy Gospodarczej i Rozwoju</namePL>
                        <nameEN>Organisation for Economic Co-operation and Development</nameEN>
                        <nameOTH>OECD</nameOTH>
                        <ns0:validationprofile type="validationprofile">
                            <intNumber>0</intNumber>
                        </ns0:validationprofile>
                    </validationtable>
                    <relatedRegion type="validationtable">
                        <id>WUT7be4e0717dda43d186ccbcbf60ee77df</id>
                        <owner>sages-hrybinski</owner>
                        <affiliationowner>PW</affiliationowner>
                        <validationType>REGION</validationType>
                        <namePL>Europa</namePL>
                        <nameEN>Europe</nameEN>
                        <ns0:validationprofile type="validationprofile">
                            <intNumber>0</intNumber>
                        </ns0:validationprofile>
                    </relatedRegion>
                    <relatedRegion type="validationtable">
                        <id>WUT7ee23af3ecd34d9e8edc736f806de18d</id>
                        <owner>wstruk</owner>
                        <affiliationowner>PW</affiliationowner>
                        <validationType>REGION</validationType>
                        <namePL>Europa Zachodnia</namePL>
                        <nameEN>Western Europe</nameEN>
                        <ns0:validationprofile type="validationprofile">
                            <intNumber>0</intNumber>
                        </ns0:validationprofile>
                    </relatedRegion>
                    <ns0:validationprofile type="validationprofile">
                        <intNumber>0</intNumber>
                    </ns0:validationprofile>
                </country>
                <ns0:indicator type="indicator">
                    <id>WUT7bdeee7f008548d898d3d7fa64f68a33</id>
                    <owner>wstruk</owner>
                    <affiliationowner>PW</affiliationowner>
                    <name type="term">
                        <id>WUT7f9de23d44984c9f9daddca421a42db5</id>
                        <owner>wstruk</owner>
                        <affiliationowner>PW</affiliationowner>
                        <ns0:termtype type="termtype">
                            <id>WUT4431eff850914f6280e8366aa21ae26a</id>
                            <owner>wstruk</owner>
                            <affiliationowner>PW</affiliationowner>
                            <code>publisher_score</code>
                            <name>Punktacja wydawców</name>
                            <nonRepeatableByDefault>false</nonRepeatableByDefault>
                        </ns0:termtype>
                        <systemName>Publisher_scoreMinisterial</systemName>
                        <namePL>Punktacja MNiSW wydawców</namePL>
                        <nameEN>Publisher Ministerial score</nameEN>
                        <priority>PS110</priority>
                        <notActive>false</notActive>
                    </name>
                    <ns0:indicatordata type="indicatordata">
                        <id>WUT63e305b1090d44b987220e73399b2eb3</id>
                        <owner>wstruk</owner>
                        <affiliationowner>PW</affiliationowner>
                        <year>2019</year>
                        <value>80</value>
                        <svalue>PI</svalue>
                        <evaluationDate>2019-01-18</evaluationDate>
                    </ns0:indicatordata>
                </ns0:indicator>
                <ns0:corporateauthorprofile type="corporateauthorprofile">
                    <extid type="termfield">
                        <id>WUT1d0eada29c2c44fdba30b7d47ab97972</id>
                        <owner>wstruk</owner>
                        <affiliationowner>PW</affiliationowner>
                        <idtype type="term">
                            <id>WUT2908badb453e4a748917f3e9509a569e</id>
                            <owner>wstruk</owner>
                            <affiliationowner>PW</affiliationowner>
                            <ns0:termtype type="termtype">
<id>WUT6deee7292297435fb414dcd87dd84f0d</id>
<owner>wstruk</owner>
<affiliationowner>PW</affiliationowner>
<code>external_id</code>
<name>Identyfikator w systemie zewnętrznym</name>
<nonRepeatableByDefault>false</nonRepeatableByDefault>
                            </ns0:termtype>
                            <systemName>MNiSWid</systemName>
                            <namePL>Identyfikator MNiSW</namePL>
                            <nameEN>MNiSW Identifier</nameEN>
                            <priority>EI130</priority>
                            <notActive>false</notActive>
                        </idtype>
                        <value>53500</value>
                    </extid>
                    <extid type="termfield">
                        <id>WUT628009a191b545bba6dc5a39e8ccfe12</id>
                        <owner>PbnIntegrator</owner>
                        <affiliationowner>PW</affiliationowner>
                        <idtype type="term">
                            <id>WUTfbafd2ec77464f57b240bdbc14318de0</id>
                            <owner>system</owner>
                            <affiliationowner>PW</affiliationowner>
                            <ns0:termtype type="termtype">
<id>WUT6deee7292297435fb414dcd87dd84f0d</id>
<owner>system</owner>
<affiliationowner>PW</affiliationowner>
<code>external_id</code>
<name>Identyfikator w systemie zewnętrznym</name>
<nonRepeatableByDefault>false</nonRepeatableByDefault>
                            </ns0:termtype>
                            <systemName>PBN_mongoId</systemName>
                            <namePL>Identyfikator PBN MongoId</namePL>
                            <nameEN>PSB Identifier MongoId</nameEN>
                            <priority>EI1153</priority>
                            <notActive>false</notActive>
                        </idtype>
                        <value>5d35987b878c28139f4eb8c0</value>
                    </extid>
                    <ns0:statisticsdata type="statisticsdata">
                        <numberOfPublications xsi:nil="true" />
                        <numberOfPatents xsi:nil="true" />
                        <numberOfProjects xsi:nil="true" />
                        <numberOfFinancedProjects xsi:nil="true" />
                        <numberOfWorks xsi:nil="true" />
                        <rankingScore xsi:nil="true" />
                    </ns0:statisticsdata>
                </ns0:corporateauthorprofile>
                <evaluationOK>false</evaluationOK>
            </publisherInstitution>
            <publisherLocation>Cham</publisherLocation>
            <collation>480</collation>
            <isbn>9783031723315</isbn>
            <otherIsbn>9783031723322</otherIsbn>
            <doi>10.1007/978-3-031-72332-2</doi>
            <url>https://link.springer.com/book/10.1007/978-3-031-72332-2</url>
            <ns0:conference type="conference">
                <id>WUTd8c39f2a6d654306a2f14782fe3f4f57</id>
                <recordStatus>completed</recordStatus>
                <shortName>ICANN 2024</shortName>
                <fullName>The 33rd International Conference on Artificial Neural Networks ICANN 2024</fullName>
                <organizer>Dalle Molle Institute for Artificial Intelligence Research</organizer>
                <date>2024</date>
                <startDate>2024-09-17</startDate>
                <endDate>2024-09-20</endDate>
                <location>Lugano</location>
                <online>false</online>
                <country type="validationtable">
                    <id>WUT382351</id>
                    <owner>wstruk</owner>
                    <affiliationowner>PW</affiliationowner>
                    <validationType>COUNTRY</validationType>
                    <namePL>Szwajcaria</namePL>
                    <nameEN>Switzerland</nameEN>
                    <validationtable type="validationtable">
                        <id>WUT35bb1cba0c1740afa065a42d4164e9a1</id>
                        <owner>wstruk</owner>
                        <affiliationowner>PW</affiliationowner>
                        <validationType>ORGANIZATION</validationType>
                        <namePL>Organizacja Współpracy Gospodarczej i Rozwoju</namePL>
                        <nameEN>Organisation for Economic Co-operation and Development</nameEN>
                        <nameOTH>OECD</nameOTH>
                        <ns0:validationprofile type="validationprofile">
                            <intNumber>0</intNumber>
                        </ns0:validationprofile>
                    </validationtable>
                    <ns0:validationprofile type="validationprofile">
                        <intNumber>0</intNumber>
                    </ns0:validationprofile>
                </country>
                <url>https://e-nns.org/icann2024/</url>
                <profileverificationresult>undefined</profileverificationresult>
                <ns0:conferenceprofile type="conferenceprofile" />
                <ns0:conferencewikiprofile type="conferencewikiprofile" />
                <ns0:conferenceseries type="conferenceseries">
                    <id>WUT147900</id>
                    <recordStatus>completed</recordStatus>
                    <fullName>International Conference on Artificial Neural Networks, ICANN</fullName>
                    <source>Artificial Neural Networks and Machine Learning - ICANN 2011, Pt I</source>
                    <seriesTitle>Lecture Notes in Computer Science</seriesTitle>
                    <category>COMPUTER SCIENCE, INFORMATION SYSTEMS</category>
                    <score>10</score>
                </ns0:conferenceseries>
                <international>true</international>
            </ns0:conference>
            <ns0:journalseries type="journalseries">
                <id>WEITI-54280926-0a37-42d6-b8f6-2a4cd52009a7</id>
                <recordStatus>verified</recordStatus>
                <profileverificationresult>undefined</profileverificationresult>
                <extid type="termfield">
                    <id>WUTc44bcb70674a4fd9927e90040a9e6d85</id>
                    <owner>PbnIntegrator</owner>
                    <affiliationowner>System</affiliationowner>
                    <idtype type="term">
                        <id>WUTfbafd2ec77464f57b240bdbc14318de0</id>
                        <owner>system</owner>
                        <affiliationowner>System</affiliationowner>
                        <ns0:termtype type="termtype">
                            <id>WUT6deee7292297435fb414dcd87dd84f0d</id>
                            <owner>system</owner>
                            <affiliationowner>System</affiliationowner>
                            <code>external_id</code>
                            <name>Identyfikator w systemie zewnętrznym</name>
                            <nonRepeatableByDefault>false</nonRepeatableByDefault>
                        </ns0:termtype>
                        <systemName>PBN_mongoId</systemName>
                        <namePL>Identyfikator PBN MongoId</namePL>
                        <nameEN>PSB Identifier MongoId</nameEN>
                        <priority>EI1153</priority>
                        <notActive>false</notActive>
                    </idtype>
                    <value>5e6f7d52878c28514547a129</value>
                </extid>
                <extid type="termfield">
                    <id>WUT043ba15f155f4d5e95c5c70a6c2bc6fa</id>
                    <owner>PbnIntegrator</owner>
                    <affiliationowner>IN</affiliationowner>
                    <idtype type="term">
                        <id>WUTfe712e9e17404de29f343752164c96a7</id>
                        <owner>wstruk</owner>
                        <affiliationowner>PW</affiliationowner>
                        <ns0:termtype type="termtype">
                            <id>WUT6deee7292297435fb414dcd87dd84f0d</id>
                            <owner>wstruk</owner>
                            <affiliationowner>PW</affiliationowner>
                            <code>external_id</code>
                            <name>Identyfikator w systemie zewnętrznym</name>
                            <nonRepeatableByDefault>false</nonRepeatableByDefault>
                        </ns0:termtype>
                        <systemName>ScopusId</systemName>
                        <namePL>Identyfikator Scopus</namePL>
                        <nameEN>Scopus Identifier</nameEN>
                        <priority>EI120</priority>
                        <notActive>false</notActive>
                    </idtype>
                    <value>25674</value>
                </extid>
                <shortName>LNCS</shortName>
                <fullName>Lecture Notes In Computer Science</fullName>
                <issn>0302-9743 </issn>
                <eissn>1611-3349</eissn>
                <publisher>Springer</publisher>
                <website>http://link.springer.com/bookseries/558</website>
                <ns0:language type="language">
                    <id>WEITI-bc90626b-ed19-490f-b9c3-daf0bffd1760</id>
                    <owner>admin</owner>
                    <affiliationowner>IN</affiliationowner>
                    <code>en</code>
                    <iso2>eng</iso2>
                    <namePL>angielski</namePL>
                    <nameEN>English</nameEN>
                    <ns0:field type="field">
                        <id>WUT7011e8e4e6f74b38a2ca632b6de071e5</id>
                        <owner>PbnIntegrator</owner>
                        <affiliationowner>IN</affiliationowner>
                        <key>pbn_639-2</key>
                        <value>eng</value>
                    </ns0:field>
                    <ns0:field type="field">
                        <id>WUT73e8cec6538944e383d6282838e2f964</id>
                        <owner>PbnIntegrator</owner>
                        <affiliationowner>IN</affiliationowner>
                        <key>pbn_639-1</key>
                        <value>en</value>
                    </ns0:field>
                    <ns0:field type="field">
                        <id>WUT65f08cfa99d14cd9bf5f0d65185ce27d</id>
                        <owner>PbnIntegrator</owner>
                        <affiliationowner>IN</affiliationowner>
                        <key>pbn_pl</key>
                        <value>angielski</value>
                    </ns0:field>
                    <ns0:field type="field">
                        <id>WUT108a680882134cf18b2f743d829026b5</id>
                        <owner>PbnIntegrator</owner>
                        <affiliationowner>IN</affiliationowner>
                        <key>pbn_en</key>
                        <value>English</value>
                    </ns0:field>
                    <ns0:field type="field">
                        <id>WUT8cbc478cf51c4345a7a1d27ef40339c7</id>
                        <owner>PbnIntegrator</owner>
                        <affiliationowner>IN</affiliationowner>
                        <key>pbn_de</key>
                        <value>Englisch</value>
                    </ns0:field>
                    <ns0:field type="field">
                        <id>WUT7cba2fb293374920b434cde356f0ec3a</id>
                        <owner>PbnIntegrator</owner>
                        <affiliationowner>IN</affiliationowner>
                        <key>pbn_fr</key>
                        <value>anglais</value>
                    </ns0:field>
                </ns0:language>
                <foreign>true</foreign>
                <score>0</score>
                <impactFactor>0.0</impactFactor>
                <nameOfLists>no</nameOfLists>
                <type>bookseries</type>
                <journalStatus>Active</journalStatus>
                <ns0:osj type="osj">
                    <id>WUT6a0181738f92410b80a7cd1d6aae8dae</id>
                    <owner>admin</owner>
                    <affiliationowner>BG PW</affiliationowner>
                    <lev1EN>Applied Sciences</lev1EN>
                    <lev2EN>Information &amp; Communication Technologies</lev2EN>
                    <lev3EN>Artificial Intelligence &amp; Image Processing</lev3EN>
                    <lev1PL>nauki stosowane</lev1PL>
                    <lev2PL>techniki informatyczne i komunikacyjne</lev2PL>
                    <lev3PL>Sztuczna inteligencja; Przetwarzanie obrazów</lev3PL>
                </ns0:osj>
                <asjc type="term">
                    <id>WUTc101d36c852b4687b95e1f6908e306e5</id>
                    <owner>wstruk</owner>
                    <affiliationowner>PW</affiliationowner>
                    <ns0:termtype type="termtype">
                        <id>WUTd932544fdc07421684cd7309ed5f755c</id>
                        <owner>wstruk</owner>
                        <affiliationowner>PW</affiliationowner>
                        <code>asjc</code>
                        <name>ASJC</name>
                        <nonRepeatableByDefault>false</nonRepeatableByDefault>
                    </ns0:termtype>
                    <systemName>asjc_1700</systemName>
                    <nameEN>General Computer Science</nameEN>
                    <accronymPL>1700</accronymPL>
                    <ns0:term type="term">
                        <id>WUT05af1b4beef1451298a3b5f2d6634241</id>
                        <owner>wstruk</owner>
                        <affiliationowner>PW</affiliationowner>
                        <ns0:termtype type="termtype">
                            <id>WUTd932544fdc07421684cd7309ed5f755c</id>
                            <owner>wstruk</owner>
                            <affiliationowner>PW</affiliationowner>
                            <code>asjc</code>
                            <name>ASJC</name>
                            <nonRepeatableByDefault>false</nonRepeatableByDefault>
                        </ns0:termtype>
                        <systemName>asjc_17</systemName>
                        <nameEN>Computer Science</nameEN>
                        <accronymPL>17</accronymPL>
                        <ns0:term type="term">
                            <id>WUT6fd045a67352420f8844f86452dab56f</id>
                            <owner>wstruk</owner>
                            <affiliationowner>PW</affiliationowner>
                            <ns0:termtype type="termtype">
<id>WUTd932544fdc07421684cd7309ed5f755c</id>
<owner>wstruk</owner>
<affiliationowner>PW</affiliationowner>
<code>asjc</code>
<name>ASJC</name>
<nonRepeatableByDefault>false</nonRepeatableByDefault>
                            </ns0:termtype>
                            <systemName>asjc_3</systemName>
                            <namePL>Nauki ścisłe</namePL>
                            <nameEN>Physical Sciences</nameEN>
                            <accronymPL>3</accronymPL>
                            <priority>3</priority>
                            <notActive>false</notActive>
                        </ns0:term>
                        <priority>17</priority>
                        <notActive>false</notActive>
                    </ns0:term>
                    <priority>1700</priority>
                    <notActive>false</notActive>
                </asjc>
                <asjc type="term">
                    <id>WUT5dc31ab497e24ee4820d7df3b6b1ae40</id>
                    <owner>wstruk</owner>
                    <affiliationowner>PW</affiliationowner>
                    <ns0:termtype type="termtype">
                        <id>WUTd932544fdc07421684cd7309ed5f755c</id>
                        <owner>wstruk</owner>
                        <affiliationowner>PW</affiliationowner>
                        <code>asjc</code>
                        <name>ASJC</name>
                        <nonRepeatableByDefault>false</nonRepeatableByDefault>
                    </ns0:termtype>
                    <systemName>asjc_2614</systemName>
                    <nameEN>Theoretical Computer Science</nameEN>
                    <accronymPL>2614</accronymPL>
                    <ns0:term type="term">
                        <id>WUT79bb530fed984eb88eb9ed41761edcb9</id>
                        <owner>wstruk</owner>
                        <affiliationowner>PW</affiliationowner>
                        <ns0:termtype type="termtype">
                            <id>WUTd932544fdc07421684cd7309ed5f755c</id>
                            <owner>wstruk</owner>
                            <affiliationowner>PW</affiliationowner>
                            <code>asjc</code>
                            <name>ASJC</name>
                            <nonRepeatableByDefault>false</nonRepeatableByDefault>
                        </ns0:termtype>
                        <systemName>asjc_26</systemName>
                        <nameEN>Mathematics</nameEN>
                        <accronymPL>26</accronymPL>
                        <ns0:term type="term">
                            <id>WUT6fd045a67352420f8844f86452dab56f</id>
                            <owner>wstruk</owner>
                            <affiliationowner>PW</affiliationowner>
                            <ns0:termtype type="termtype">
<id>WUTd932544fdc07421684cd7309ed5f755c</id>
<owner>wstruk</owner>
<affiliationowner>PW</affiliationowner>
<code>asjc</code>
<name>ASJC</name>
<nonRepeatableByDefault>false</nonRepeatableByDefault>
                            </ns0:termtype>
                            <systemName>asjc_3</systemName>
                            <namePL>Nauki ścisłe</namePL>
                            <nameEN>Physical Sciences</nameEN>
                            <accronymPL>3</accronymPL>
                            <priority>3</priority>
                            <notActive>false</notActive>
                        </ns0:term>
                        <priority>26</priority>
                        <notActive>false</notActive>
                    </ns0:term>
                    <priority>2614</priority>
                    <notActive>false</notActive>
                </asjc>
                <ns0:journalseriesprofile type="journalseriesprofile">
                    <id>WUT2a2dddab61c0485290c1d239d1b546e0</id>
                    <owner>lskoniec</owner>
                    <affiliationowner>IN</affiliationowner>
                    <publisher>Springer Verlag</publisher>
                    <publisherUrl>http://www.springerlink.com/?MUD=MP</publisherUrl>
                </ns0:journalseriesprofile>
            </ns0:journalseries>
            <vol>15016</vol>
            <classified xsi:nil="true" />
            <fees type="publicationfees">
                <costFreePublication>false</costFreePublication>
                <researchPotentialFinancialResources>false</researchPotentialFinancialResources>
                <researchOrDevelopmentProjectsFinancialResources>false</researchOrDevelopmentProjectsFinancialResources>
                <other>false</other>
            </fees>
            <pbnIntegration type="integrationinfo" />
            <ns0:field type="field">
                <id>WUTc68ef4e34b9c4d09add80563ea933748</id>
                <owner>1176595</owner>
                <affiliationowner>WE</affiliationowner>
                <key>importId</key>
                <value>1729251334143</value>
            </ns0:field>
        </ns0:book>
        <id>WUT5a98824a0c74493d98878b287ba7ac56</id>
        <recordStatus>completed</recordStatus>
        <owner>147862</owner>
        <affiliationowner>ISEP</affiliationowner>
        <disciplinesApprovalDate>2024-10-18T14:50:20+0200</disciplinesApprovalDate>
        <ns0:approveddiscipline type="approveddiscipline">
            <id>WUT120b28f2e9984249b457edcdbe51b74d</id>
            <owner>147862</owner>
            <affiliationowner>ISEP</affiliationowner>
            <discipline type="term">
                <id>WUTfef424a0094d4fc3865bb3aabd414c88</id>
                <owner>wstruk</owner>
                <affiliationowner>PW</affiliationowner>
                <ns0:termtype type="termtype">
                    <id>WUTa3c22b79ece54e0e99025251051d9b0d</id>
                    <owner>wstruk</owner>
                    <affiliationowner>PW</affiliationowner>
                    <code>oecdx</code>
                    <name>OECD extended</name>
                    <nonRepeatableByDefault>false</nonRepeatableByDefault>
                </ns0:termtype>
                <systemName>2.3</systemName>
                <namePL>informatyka techniczna i telekomunikacja</namePL>
                <nameEN>information and communication technology</nameEN>
                <accronymPL>ITT</accronymPL>
                <accronymEN>ICT</accronymEN>
                <ns0:term type="term">
                    <id>WUTd7b77e1b91d44c64a57c032ede7bf851</id>
                    <owner>wstruk</owner>
                    <affiliationowner>PW</affiliationowner>
                    <ns0:termtype type="termtype">
                        <id>WUTa3c22b79ece54e0e99025251051d9b0d</id>
                        <owner>wstruk</owner>
                        <affiliationowner>PW</affiliationowner>
                        <code>oecdx</code>
                        <name>OECD extended</name>
                        <nonRepeatableByDefault>false</nonRepeatableByDefault>
                    </ns0:termtype>
                    <systemName>2</systemName>
                    <namePL>Dziedzina nauk inżynieryjno-technicznych</namePL>
                    <nameEN>Engineering and technology</nameEN>
                    <accronymPL>DNINZ</accronymPL>
                    <accronymEN>2</accronymEN>
                    <priority>02.00</priority>
                    <xid type="field">
                        <id>WUT217a0da3ad554648828696317acb6cee</id>
                        <owner>wstruk</owner>
                        <affiliationowner>PW</affiliationowner>
                        <key>polon_id</key>
                        <value>DZ0102N</value>
                    </xid>
                    <notActive>false</notActive>
                </ns0:term>
                <priority>02.03</priority>
                <xid type="field">
                    <id>WUT9eb30fd170fd45918a1d046b9f7302cd</id>
                    <owner>PbnIntegrator</owner>
                    <affiliationowner>PW</affiliationowner>
                    <key>pbn_idArea</key>
                    <value>203</value>
                </xid>
                <xid type="field">
                    <id>WUT7f1a57adbae649e4ba0510c019498bec</id>
                    <owner>wstruk</owner>
                    <affiliationowner>PW</affiliationowner>
                    <key>polon_id</key>
                    <value>DS010204N</value>
                </xid>
                <notActive>false</notActive>
            </discipline>
            <date>2024-10-18T14:50:20+0200</date>
        </ns0:approveddiscipline>
        <extid type="termfield">
            <id>WUT8c87d2b0f7aa4d9caee97cddcc9706ca</id>
            <owner>147862</owner>
            <affiliationowner>ISEP</affiliationowner>
            <idtype type="term">
                <id>WUT8451786af88c4580b1198f347a0048f5</id>
                <owner>wstruk</owner>
                <affiliationowner>PW</affiliationowner>
                <ns0:termtype type="termtype">
                    <id>WUT6deee7292297435fb414dcd87dd84f0d</id>
                    <owner>wstruk</owner>
                    <affiliationowner>PW</affiliationowner>
                    <code>external_id</code>
                    <name>Identyfikator w systemie zewnętrznym</name>
                    <nonRepeatableByDefault>false</nonRepeatableByDefault>
                </ns0:termtype>
                <systemName>WoSId</systemName>
                <namePL>Identyfikator WoS</namePL>
                <nameEN>WoS Identifier</nameEN>
                <priority>EI110</priority>
                <notActive>false</notActive>
            </idtype>
            <value>WOS:001331868600008</value>
        </extid>
        <extid type="termfield">
            <id>WUT11f2e8d1fb8b49ee8857bb95d622e9c3</id>
            <owner>PbnIntegrator</owner>
            <affiliationowner>ISEP</affiliationowner>
            <idtype type="term">
                <id>WUTfbafd2ec77464f57b240bdbc14318de0</id>
                <owner>system</owner>
                <affiliationowner>ISEP</affiliationowner>
                <ns0:termtype type="termtype">
                    <id>WUT6deee7292297435fb414dcd87dd84f0d</id>
                    <owner>system</owner>
                    <affiliationowner>ISEP</affiliationowner>
                    <code>external_id</code>
                    <name>Identyfikator w systemie zewnętrznym</name>
                    <nonRepeatableByDefault>false</nonRepeatableByDefault>
                </ns0:termtype>
                <systemName>PBN_mongoId</systemName>
                <namePL>Identyfikator PBN MongoId</namePL>
                <nameEN>PSB Identifier MongoId</nameEN>
                <priority>EI1153</priority>
                <notActive>false</notActive>
            </idtype>
            <value>67a35073fdbe83448fb705c5</value>
        </extid>
        <inPress>false</inPress>
        <noEvaluation>false</noEvaluation>
        <meetsPlanSRequirements>false</meetsPlanSRequirements>
        <score>20</score>
        <scoreDate>2025-09-09T23:25:46+0200</scoreDate>
        <scoreReason>ChapterFromConference</scoreReason>
        <rulesetName>drl All_years_with_U20-scoring-v4a_for_v220(20250127), All_years_with_U20-scoring-v4d_for_v220(20250407), Scopus SNIP (with ASJC) v2, IFWoS, ScopusCiteScore, XTEST4-bestpaperscoringrules(20250703), All_years_with_U20-scoring-v2y_for_v220(20240930), Scopus SNIP (without ASJC)</rulesetName>
        <legalBasis>Rozporządzenie MNiSW z dnia 22 lutego 2019 r. (§ 12 ust. 1 pkt 1 oraz § 34 pkt 4) - nadano najbardziej korzystną liczbę punktów: maximum(rozdział monografii:20, materiał konferencyjny wg wykazu:0, artykuł z czasopisma:0)</legalBasis>
        <ns0:scoring type="scoring">
            <id>WUTb529d49030a14b81b70b841a15bf22c1</id>
            <owner>147862</owner>
            <affiliationowner>ISEP</affiliationowner>
            <system type="term">
                <id>WUT077bfbdbbd204d8c8bdc189e98377006</id>
                <owner>wstruk</owner>
                <affiliationowner>PW</affiliationowner>
                <ns0:termtype type="termtype">
                    <id>WUTda3a51e923df43a39a54b91c4338f92a</id>
                    <owner>wstruk</owner>
                    <affiliationowner>PW</affiliationowner>
                    <code>scoringSystem</code>
                    <name>System punktacji</name>
                    <nonRepeatableByDefault>false</nonRepeatableByDefault>
                </ns0:termtype>
                <systemName>BestPaperScoring</systemName>
                <namePL>Best Paper Scoring</namePL>
                <nameEN>Best Paper Scoring</nameEN>
                <priority>SS230</priority>
                <additionalCategory>award</additionalCategory>
                <notActive>false</notActive>
            </system>
            <score>2060.0</score>
            <scoreDate>2025-07-28T12:31:04+0200</scoreDate>
            <scoreReason>BookConferenceMaterial</scoreReason>
            <rulesetName>BestPaperScoring</rulesetName>
            <legalBasis>Niespełnione wymaganie na punktację &gt;= 200: 20 pkt | Liczba autorów publikacji &lt;= 20: 1</legalBasis>
            <scoreForcing>false</scoreForcing>
        </ns0:scoring>
        <ns0:scoring type="scoring">
            <id>WUT159551858aef4265a85f61c0aea04224</id>
            <owner>147862</owner>
            <affiliationowner>ISEP</affiliationowner>
            <system type="term">
                <id>WUT6e0ab667f4e6485faa64fae0cd24964a</id>
                <owner>wstruk</owner>
                <affiliationowner>PW</affiliationowner>
                <ns0:termtype type="termtype">
                    <id>WUTda3a51e923df43a39a54b91c4338f92a</id>
                    <owner>wstruk</owner>
                    <affiliationowner>PW</affiliationowner>
                    <code>scoringSystem</code>
                    <name>System punktacji</name>
                    <nonRepeatableByDefault>false</nonRepeatableByDefault>
                </ns0:termtype>
                <systemName>scoringMinisterial</systemName>
                <namePL>Punktacja MNiSW</namePL>
                <nameEN>Ministerial score</nameEN>
                <accronymPL />
                <accronymEN />
                <priority>SS110</priority>
                <additionalCategory>reportSelectable</additionalCategory>
                <notActive>false</notActive>
            </system>
            <score>20.0</score>
            <scoreDate>2025-09-09T23:25:46+0200</scoreDate>
            <scoreReason>ChapterFromConference</scoreReason>
            <rulesetName>drl All_years_with_U20-scoring-v4a_for_v220(20250127), All_years_with_U20-scoring-v4d_for_v220(20250407), Scopus SNIP (with ASJC) v2, IFWoS, ScopusCiteScore, XTEST4-bestpaperscoringrules(20250703)</rulesetName>
            <legalBasis>Rozporządzenie MNiSW z dnia 22 lutego 2019 r. (§ 12 ust. 1 pkt 1 oraz § 34 pkt 4) - nadano najbardziej korzystną liczbę punktów: maximum(rozdział monografii:20, materiał konferencyjny wg wykazu:0, artykuł z czasopisma:0)</legalBasis>
            <scoreForcing>false</scoreForcing>
        </ns0:scoring>
        <scoreSource>publisherList</scoreSource>
        <ns0:indicator type="indicator">
            <id>WUT7ac5f31ed8274973bf26877e3a2ae2d8</id>
            <owner>147862</owner>
            <affiliationowner>ISEP</affiliationowner>
            <name type="term">
                <id>WUTe0f43d022c60406e898cc3ac4720359d</id>
                <owner>wstruk</owner>
                <affiliationowner>PW</affiliationowner>
                <ns0:termtype type="termtype">
                    <id>WUTde3a681a169d462f8f2ff0aecda362c1</id>
                    <owner>wstruk</owner>
                    <affiliationowner>PW</affiliationowner>
                    <code>citations</code>
                    <name>Cytowania</name>
                    <nonRepeatableByDefault>false</nonRepeatableByDefault>
                </ns0:termtype>
                <systemName>citationsWoS</systemName>
                <namePL>Cytowania WoS</namePL>
                <nameEN>WoS Citations</nameEN>
                <priority>CI110</priority>
                <notActive>false</notActive>
            </name>
            <ns0:indicatordata type="indicatordata">
                <id>WUTbf0336fce7414ca5a75ce04b008aad0a</id>
                <owner>147862</owner>
                <affiliationowner>ISEP</affiliationowner>
                <year xsi:nil="true" />
                <value>2</value>
                <evaluationDate>2025-06-07T20:33:19+0200</evaluationDate>
            </ns0:indicatordata>
        </ns0:indicator>
        <ns0:author type="author">
            <id>WUT53101</id>
            <recordStatus>completed</recordStatus>
            <active>true</active>
            <status>PRACOWNIK</status>
            <officialAcademicDegree type="term">
                <id>WUTe9e911bdfe714aa1b14b811617d6f029</id>
                <owner>wstruk</owner>
                <affiliationowner>PW</affiliationowner>
                <ns0:termtype type="termtype">
                    <id>WUT4e7b6f866b8d489888bd3347c5a97bb3</id>
                    <owner>wstruk</owner>
                    <affiliationowner>PW</affiliationowner>
                    <code>academicDegree</code>
                    <name>Stopień/tytuł</name>
                    <nonRepeatableByDefault>false</nonRepeatableByDefault>
                </ns0:termtype>
                <systemName>drinz</systemName>
                <namePL>dr inż.</namePL>
                <nameEN>Phd eng</nameEN>
                <priority>D52</priority>
                <notActive>false</notActive>
            </officialAcademicDegree>
            <belonging2N>true</belonging2N>
            <name>Dominik</name>
            <surname>Olszewski</surname>
            <email>dominik.olszewski@ee.pw.edu.pl</email>
            <ns0:affiliation type="affiliation">
                <id>WUT-1e7bd4fb-e8b3-497a-b516-65c4230f3221</id>
                <recordStatus>completed</recordStatus>
                <namePL>Instytut Sterowania i Elektroniki Przemysłowej</namePL>
                <nameEN>The Institute of Control and Industrial Electronics</nameEN>
                <accronymPL>ISEP</accronymPL>
                <accronymEN>ICIE</accronymEN>
                <ns0:affiliation type="affiliation">
                    <id>WUT-2d75d7a8-b516-4800-a4c5-66f843865045</id>
                    <recordStatus>completed</recordStatus>
                    <namePL>Wydział Elektryczny</namePL>
                    <nameEN>Faculty of Electrical Engineering</nameEN>
                    <accronymPL>WE</accronymPL>
                    <accronymEN>FoEE</accronymEN>
                    <ns0:affiliation type="affiliation">
                        <id>WEITI-35347b89-6944-4413-83c0-85acc4b2e2d4</id>
                        <recordStatus>completed</recordStatus>
                        <namePL>Politechnika Warszawska</namePL>
                        <nameEN>Warsaw University of Technology</nameEN>
                        <accronymPL>PW</accronymPL>
                        <accronymEN>WUT</accronymEN>
                        <ns0:affiliationprofile type="affiliationprofile">
                            <certifyingUnit>false</certifyingUnit>
                        </ns0:affiliationprofile>
                        <notActive>false</notActive>
                        <dontPropagateInactivity>false</dontPropagateInactivity>
                    </ns0:affiliation>
                    <ns0:affiliationprofile type="affiliationprofile">
                        <certifyingUnit>false</certifyingUnit>
                    </ns0:affiliationprofile>
                    <notActive>false</notActive>
                    <dontPropagateInactivity>false</dontPropagateInactivity>
                </ns0:affiliation>
                <ns0:affiliationprofile type="affiliationprofile">
                    <certifyingUnit>false</certifyingUnit>
                </ns0:affiliationprofile>
                <notActive>false</notActive>
                <dontPropagateInactivity>false</dontPropagateInactivity>
            </ns0:affiliation>
            <unit>ZS</unit>
            <externalAffiliationButEvaluation>false</externalAffiliationButEvaluation>
            <mainDiscipline type="discipline">
                <id>WUT33a4d394addd475e9f3e89920c96b29b</id>
                <owner>wstruk</owner>
                <affiliationowner>PW</affiliationowner>
                <disciplineType>DISCIPLINE</disciplineType>
                <namePL>automatyka i robotyka</namePL>
                <nameEN>automation and robotics</nameEN>
                <discipline type="discipline">
                    <id>WUT93c33dbcb77d467a9e924c74c54d9074</id>
                    <owner>wstruk</owner>
                    <affiliationowner>PW</affiliationowner>
                    <disciplineType>DOMAIN</disciplineType>
                    <namePL>dziedzina nauk technicznych</namePL>
                    <nameEN>technology domain</nameEN>
                    <discipline type="discipline">
                        <id>WUTbd68a51b42d7425b8d775456106997ac</id>
                        <owner>wstruk</owner>
                        <affiliationowner>PW</affiliationowner>
                        <disciplineType>AREA</disciplineType>
                        <namePL>obszar nauk technicznych</namePL>
                        <nameEN>technological sciences</nameEN>
                    </discipline>
                </discipline>
            </mainDiscipline>
            <activityDiscipline type="authordiscipline">
                <id>WUT76663bddf7ac4904a67579635e41cd74</id>
                <owner>147862</owner>
                <affiliationowner>ISEP</affiliationowner>
                <discipline type="term">
                    <id>WUTfef424a0094d4fc3865bb3aabd414c88</id>
                    <owner>wstruk</owner>
                    <affiliationowner>PW</affiliationowner>
                    <ns0:termtype type="termtype">
                        <id>WUTa3c22b79ece54e0e99025251051d9b0d</id>
                        <owner>wstruk</owner>
                        <affiliationowner>PW</affiliationowner>
                        <code>oecdx</code>
                        <name>OECD extended</name>
                        <nonRepeatableByDefault>false</nonRepeatableByDefault>
                    </ns0:termtype>
                    <systemName>2.3</systemName>
                    <namePL>informatyka techniczna i telekomunikacja</namePL>
                    <nameEN>information and communication technology</nameEN>
                    <accronymPL>ITT</accronymPL>
                    <accronymEN>ICT</accronymEN>
                    <ns0:term type="term">
                        <id>WUTd7b77e1b91d44c64a57c032ede7bf851</id>
                        <owner>wstruk</owner>
                        <affiliationowner>PW</affiliationowner>
                        <ns0:termtype type="termtype">
                            <id>WUTa3c22b79ece54e0e99025251051d9b0d</id>
                            <owner>wstruk</owner>
                            <affiliationowner>PW</affiliationowner>
                            <code>oecdx</code>
                            <name>OECD extended</name>
                            <nonRepeatableByDefault>false</nonRepeatableByDefault>
                        </ns0:termtype>
                        <systemName>2</systemName>
                        <namePL>Dziedzina nauk inżynieryjno-technicznych</namePL>
                        <nameEN>Engineering and technology</nameEN>
                        <accronymPL>DNINZ</accronymPL>
                        <accronymEN>2</accronymEN>
                        <priority>02.00</priority>
                        <xid type="field">
                            <id>WUT217a0da3ad554648828696317acb6cee</id>
                            <owner>wstruk</owner>
                            <affiliationowner>PW</affiliationowner>
                            <key>polon_id</key>
                            <value>DZ0102N</value>
                        </xid>
                        <notActive>false</notActive>
                    </ns0:term>
                    <priority>02.03</priority>
                    <xid type="field">
                        <id>WUT9eb30fd170fd45918a1d046b9f7302cd</id>
                        <owner>PbnIntegrator</owner>
                        <affiliationowner>PW</affiliationowner>
                        <key>pbn_idArea</key>
                        <value>203</value>
                    </xid>
                    <xid type="field">
                        <id>WUT7f1a57adbae649e4ba0510c019498bec</id>
                        <owner>wstruk</owner>
                        <affiliationowner>PW</affiliationowner>
                        <key>polon_id</key>
                        <value>DS010203N</value>
                    </xid>
                    <notActive>false</notActive>
                </discipline>
                <activityPercentage>100</activityPercentage>
                <belonging2N>false</belonging2N>
                <year xsi:nil="true" />
            </activityDiscipline>
            <disciplinesApprovedByAuthor>true</disciplinesApprovedByAuthor>
            <termsAndConditionsResponse type="termsandconditionsresponse">
                <id>WUTcae1a4dd3e774285a0283e46688131b6</id>
                <owner>147862</owner>
                <affiliationowner>ISEP</affiliationowner>
                <terms type="termsandconditions">
                    <id>WUTbbe67bcd3d5345e9a67191920d2798ce</id>
                    <type type="term">
                        <id>WUT466d2b892ea24bbf86e384301252917d</id>
                        <owner>system</owner>
                        <affiliationowner>PW</affiliationowner>
                        <ns0:termtype type="termtype">
                            <id>WUT0f33bc946b8446c7b57f23f08e9ee196</id>
                            <owner>system</owner>
                            <affiliationowner>PW</affiliationowner>
                            <code>termsandconditions_type</code>
                            <name>Terms and Conditions type</name>
                            <nonRepeatableByDefault>false</nonRepeatableByDefault>
                        </ns0:termtype>
                        <systemName>termsandconditions_discipline_selection_statement</systemName>
                        <namePL>
            Oświadczenie autora o dyscyplinie naukowej w publikacji
        </namePL>
                        <nameEN>Publication discipline author's statement</nameEN>
                        <notActive>false</notActive>
                    </type>
                    <namePL>Oświadczenie autora o dyscyplinie naukowej w publikacji</namePL>
                    <nameEN>The declaration of the author about scientific discipline of the publication</nameEN>
                    <versionNumber>1</versionNumber>
                    <required>true</required>
                    <enableAdditionalTextInResponse>false</enableAdditionalTextInResponse>
                    <status>published</status>
                </terms>
                <user>147862</user>
                <response>accepted</response>
                <responseDate>2024-10-18T14:50:19+0200</responseDate>
            </termsAndConditionsResponse>
            <staffGroup type="term">
                <id>WUT4b86b29bf9b9448ab558a479107a1d58</id>
                <owner>wstruk</owner>
                <affiliationowner>PW</affiliationowner>
                <ns0:termtype type="termtype">
                    <id>WUT3817e163aedd49d0b8011432010847aa</id>
                    <owner>wstruk</owner>
                    <affiliationowner>PW</affiliationowner>
                    <code>staffGroup</code>
                    <name>Grupa zatrudnienia</name>
                    <nonRepeatableByDefault>false</nonRepeatableByDefault>
                </ns0:termtype>
                <systemName>researchteachingStaff</systemName>
                <namePL>pracownicy badawczo-dydaktyczni</namePL>
                <nameEN>Research-teaching staff</nameEN>
                <ns0:term type="term">
                    <id>WUT9c1a64ba0377485eb3aac7a30234260b</id>
                    <owner>wstruk</owner>
                    <affiliationowner>PW</affiliationowner>
                    <ns0:termtype type="termtype">
                        <id>WUT3817e163aedd49d0b8011432010847aa</id>
                        <owner>wstruk</owner>
                        <affiliationowner>PW</affiliationowner>
                        <code>staffGroup</code>
                        <name>Grupa zatrudnienia</name>
                        <nonRepeatableByDefault>false</nonRepeatableByDefault>
                    </ns0:termtype>
                    <systemName>academicStaff</systemName>
                    <namePL>Nauczyciele akademiccy</namePL>
                    <nameEN>Academic staff</nameEN>
                    <priority>G01</priority>
                    <notActive>false</notActive>
                </ns0:term>
                <priority>G13</priority>
                <notActive>false</notActive>
            </staffGroup>
            <contribution xsi:nil="true" />
            <ns0:authorprofile type="authorprofile">
                <extid type="termfield">
                    <id>WUT6517d99ef4d44a6d808d58d5d71db26d</id>
                    <owner>elektrobot</owner>
                    <affiliationowner>WE</affiliationowner>
                    <idtype type="term">
                        <id>WUT1861844d9190458bb6377aad4e04bf38</id>
                        <owner>lskoniec</owner>
                        <affiliationowner>PW</affiliationowner>
                        <ns0:termtype type="termtype">
                            <id>WUT73721172d9e7483ba46a61d697ffa3b3</id>
                            <owner>wstruk</owner>
                            <affiliationowner>BOI</affiliationowner>
                            <code>person_id</code>
                            <name>Identyfikator osoby</name>
                            <nonRepeatableByDefault>false</nonRepeatableByDefault>
                        </ns0:termtype>
                        <systemName>PWSAP</systemName>
                        <namePL>PWSAP</namePL>
                        <priority>P110</priority>
                        <notActive>false</notActive>
                    </idtype>
                    <value>105250</value>
                </extid>
                <extid type="termfield">
                    <id>WUTcacbf192a1b1481dbff4b493c5210e02</id>
                    <owner>elektrobot</owner>
                    <affiliationowner>WE</affiliationowner>
                    <idtype type="term">
                        <id>WUT6675b636b7aa4f4f9b48005536da4b07</id>
                        <owner>wstruk</owner>
                        <affiliationowner>PW</affiliationowner>
                        <ns0:termtype type="termtype">
                            <id>WUT73721172d9e7483ba46a61d697ffa3b3</id>
                            <owner>wstruk</owner>
                            <affiliationowner>BOI</affiliationowner>
                            <code>person_id</code>
                            <name>Identyfikator osoby</name>
                            <nonRepeatableByDefault>false</nonRepeatableByDefault>
                        </ns0:termtype>
                        <systemName>personnalPSB</systemName>
                        <namePL>Identyfikator PBN</namePL>
                        <nameEN>PSB Identifier</nameEN>
                        <accronymPL>PBN</accronymPL>
                        <accronymEN>PSB</accronymEN>
                        <priority>U120</priority>
                        <notActive>false</notActive>
                    </idtype>
                    <value>1703351</value>
                </extid>
                <extid type="termfield">
                    <id>WUTcceedd98d3fb459b999779369190c30e</id>
                    <owner>elektrobot</owner>
                    <affiliationowner>WE</affiliationowner>
                    <idtype type="term">
                        <id>WUT0fd794746a704f42a40229c86b4a8543</id>
                        <owner>wstruk</owner>
                        <affiliationowner>PW</affiliationowner>
                        <ns0:termtype type="termtype">
                            <id>WUT73721172d9e7483ba46a61d697ffa3b3</id>
                            <owner>wstruk</owner>
                            <affiliationowner>BOI</affiliationowner>
                            <code>person_id</code>
                            <name>Identyfikator osoby</name>
                            <nonRepeatableByDefault>false</nonRepeatableByDefault>
                        </ns0:termtype>
                        <systemName>ORCID</systemName>
                        <namePL>Identyfikator osobowy ORCID</namePL>
                        <nameEN>ORCID</nameEN>
                        <accronymEN>ORCID</accronymEN>
                        <priority>U130</priority>
                        <notActive>false</notActive>
                    </idtype>
                    <value>0000-0001-7825-0147</value>
                </extid>
                <extid type="termfield">
                    <id>WUT9456e036ba1a460e83a680d492ca1582</id>
                    <owner>elektrobot</owner>
                    <affiliationowner>WE</affiliationowner>
                    <idtype type="term">
                        <id>WUTfe712e9e17404de29f343752164c96a7</id>
                        <owner>wstruk</owner>
                        <affiliationowner>PW</affiliationowner>
                        <ns0:termtype type="termtype">
                            <id>WUT6deee7292297435fb414dcd87dd84f0d</id>
                            <owner>wstruk</owner>
                            <affiliationowner>PW</affiliationowner>
                            <code>external_id</code>
                            <name>Identyfikator w systemie zewnętrznym</name>
                            <nonRepeatableByDefault>false</nonRepeatableByDefault>
                        </ns0:termtype>
                        <systemName>ScopusId</systemName>
                        <namePL>Identyfikator Scopus</namePL>
                        <nameEN>Scopus Identifier</nameEN>
                        <priority>EI120</priority>
                        <notActive>false</notActive>
                    </idtype>
                    <value>36103352500</value>
                </extid>
                <extid type="termfield">
                    <id>WUT8ed155f34ad24f3e93147acb4d1af4b5</id>
                    <owner>elektrobot</owner>
                    <affiliationowner>WE</affiliationowner>
                    <idtype type="term">
                        <id>WUT8451786af88c4580b1198f347a0048f5</id>
                        <owner>wstruk</owner>
                        <affiliationowner>PW</affiliationowner>
                        <ns0:termtype type="termtype">
                            <id>WUT6deee7292297435fb414dcd87dd84f0d</id>
                            <owner>wstruk</owner>
                            <affiliationowner>PW</affiliationowner>
                            <code>external_id</code>
                            <name>Identyfikator w systemie zewnętrznym</name>
                            <nonRepeatableByDefault>false</nonRepeatableByDefault>
                        </ns0:termtype>
                        <systemName>WoSId</systemName>
                        <namePL>Identyfikator WoS</namePL>
                        <nameEN>WoS Identifier</nameEN>
                        <priority>EI110</priority>
                        <notActive>false</notActive>
                    </idtype>
                    <value>O-5497-2014</value>
                </extid>
                <extid type="termfield">
                    <id>WUTecf6b252777d473f8961d5e583627cd1</id>
                    <owner>elektrobot</owner>
                    <affiliationowner>WE</affiliationowner>
                    <idtype type="term">
                        <id>WUT2d8d65028792443891668f54f30f6f71</id>
                        <owner>wstruk</owner>
                        <affiliationowner>PW</affiliationowner>
                        <ns0:termtype type="termtype">
                            <id>WUT6deee7292297435fb414dcd87dd84f0d</id>
                            <owner>wstruk</owner>
                            <affiliationowner>PW</affiliationowner>
                            <code>external_id</code>
                            <name>Identyfikator w systemie zewnętrznym</name>
                            <nonRepeatableByDefault>false</nonRepeatableByDefault>
                        </ns0:termtype>
                        <systemName>USOSid</systemName>
                        <namePL>Identyfikator USOS</namePL>
                        <nameEN>USOS Identifier</nameEN>
                        <notActive>false</notActive>
                    </idtype>
                    <value>147862</value>
                </extid>
                <extid type="termfield">
                    <id>WUTe193cc7dac5944538188e51a34c0ea6c</id>
                    <owner>elektrobot</owner>
                    <affiliationowner>WE</affiliationowner>
                    <idtype type="term">
                        <id>WUT1a02b6c6e47c457d9a7f061d865684a8</id>
                        <owner>system</owner>
                        <affiliationowner>WMEiL</affiliationowner>
                        <ns0:termtype type="termtype">
                            <id>WUT6deee7292297435fb414dcd87dd84f0d</id>
                            <owner>wstruk</owner>
                            <affiliationowner>PW</affiliationowner>
                            <code>external_id</code>
                            <name>Identyfikator w systemie zewnętrznym</name>
                            <nonRepeatableByDefault>false</nonRepeatableByDefault>
                        </ns0:termtype>
                        <systemName>POLon_Uuid</systemName>
                        <namePL>Identyfikator polonUuid</namePL>
                        <nameEN>Identifier polonUuid</nameEN>
                        <priority>EI1155</priority>
                        <notActive>false</notActive>
                    </idtype>
                    <value>e8179f42-c969-4c0e-86d8-9532401ff67c</value>
                </extid>
                <hindex>6</hindex>
                <rankingScore>8.0</rankingScore>
                <noEvaluation>false</noEvaluation>
                <supervisionOffer type="supervisionoffer">
                    <active>false</active>
                </supervisionOffer>
            </ns0:authorprofile>
            <profilepreferences type="authorprofilepreferences" />
            <ns0:authormirprofile type="authormirprofile" />
            <ns0:field type="field">
                <id>WUT0f500b07b4b042c3b01c4cb86cb01fdc</id>
                <owner>elektrobot</owner>
                <affiliationowner>WE</affiliationowner>
                <key>POL-ON import - updated position</key>
                <value>1_PW_raport_POL_on_dyscyplina_należy_N_23_02_2019_do_wysl.xlsx</value>
            </ns0:field>
        </ns0:author>
        <totalAuthorsNo>1</totalAuthorsNo>
        <title>Asymmetric Isomap for Dimensionality Reduction and Data Visualization</title>
        <ns0:language type="language">
            <id>WEITI-bc90626b-ed19-490f-b9c3-daf0bffd1760</id>
            <owner>admin</owner>
            <affiliationowner>IN</affiliationowner>
            <code>en</code>
            <iso2>eng</iso2>
            <namePL>angielski</namePL>
            <nameEN>English</nameEN>
            <ns0:field type="field">
                <id>WUT7011e8e4e6f74b38a2ca632b6de071e5</id>
                <owner>PbnIntegrator</owner>
                <affiliationowner>IN</affiliationowner>
                <key>pbn_639-2</key>
                <value>eng</value>
            </ns0:field>
            <ns0:field type="field">
                <id>WUT73e8cec6538944e383d6282838e2f964</id>
                <owner>PbnIntegrator</owner>
                <affiliationowner>IN</affiliationowner>
                <key>pbn_639-1</key>
                <value>en</value>
            </ns0:field>
            <ns0:field type="field">
                <id>WUT65f08cfa99d14cd9bf5f0d65185ce27d</id>
                <owner>PbnIntegrator</owner>
                <affiliationowner>IN</affiliationowner>
                <key>pbn_pl</key>
                <value>angielski</value>
            </ns0:field>
            <ns0:field type="field">
                <id>WUT108a680882134cf18b2f743d829026b5</id>
                <owner>PbnIntegrator</owner>
                <affiliationowner>IN</affiliationowner>
                <key>pbn_en</key>
                <value>English</value>
            </ns0:field>
            <ns0:field type="field">
                <id>WUT8cbc478cf51c4345a7a1d27ef40339c7</id>
                <owner>PbnIntegrator</owner>
                <affiliationowner>IN</affiliationowner>
                <key>pbn_de</key>
                <value>Englisch</value>
            </ns0:field>
            <ns0:field type="field">
                <id>WUT7cba2fb293374920b434cde356f0ec3a</id>
                <owner>PbnIntegrator</owner>
                <affiliationowner>IN</affiliationowner>
                <key>pbn_fr</key>
                <value>anglais</value>
            </ns0:field>
        </ns0:language>
        <doi>10.1007/978-3-031-72332-2_8</doi>
        <url>https://link.springer.com/chapter/10.1007/978-3-031-72332-2_8</url>
        <collation>102-115</collation>
        <classified xsi:nil="true" />
        <fees type="publicationfees">
            <id>WUT13e651402b2045e9af94b67578c051ce</id>
            <owner>147862</owner>
            <affiliationowner>ISEP</affiliationowner>
            <costFreePublication>false</costFreePublication>
            <researchPotentialFinancialResources>false</researchPotentialFinancialResources>
            <researchOrDevelopmentProjectsFinancialResources>false</researchOrDevelopmentProjectsFinancialResources>
            <other>false</other>
        </fees>
        <asjc type="term">
            <id>WUTc101d36c852b4687b95e1f6908e306e5</id>
            <owner>wstruk</owner>
            <affiliationowner>PW</affiliationowner>
            <ns0:termtype type="termtype">
                <id>WUTd932544fdc07421684cd7309ed5f755c</id>
                <owner>wstruk</owner>
                <affiliationowner>PW</affiliationowner>
                <code>asjc</code>
                <name>ASJC</name>
                <nonRepeatableByDefault>false</nonRepeatableByDefault>
            </ns0:termtype>
            <systemName>asjc_1700</systemName>
            <nameEN>General Computer Science</nameEN>
            <accronymPL>1700</accronymPL>
            <ns0:term type="term">
                <id>WUT05af1b4beef1451298a3b5f2d6634241</id>
                <owner>wstruk</owner>
                <affiliationowner>PW</affiliationowner>
                <ns0:termtype type="termtype">
                    <id>WUTd932544fdc07421684cd7309ed5f755c</id>
                    <owner>wstruk</owner>
                    <affiliationowner>PW</affiliationowner>
                    <code>asjc</code>
                    <name>ASJC</name>
                    <nonRepeatableByDefault>false</nonRepeatableByDefault>
                </ns0:termtype>
                <systemName>asjc_17</systemName>
                <nameEN>Computer Science</nameEN>
                <accronymPL>17</accronymPL>
                <ns0:term type="term">
                    <id>WUT6fd045a67352420f8844f86452dab56f</id>
                    <owner>wstruk</owner>
                    <affiliationowner>PW</affiliationowner>
                    <ns0:termtype type="termtype">
                        <id>WUTd932544fdc07421684cd7309ed5f755c</id>
                        <owner>wstruk</owner>
                        <affiliationowner>PW</affiliationowner>
                        <code>asjc</code>
                        <name>ASJC</name>
                        <nonRepeatableByDefault>false</nonRepeatableByDefault>
                    </ns0:termtype>
                    <systemName>asjc_3</systemName>
                    <namePL>Nauki ścisłe</namePL>
                    <nameEN>Physical Sciences</nameEN>
                    <accronymPL>3</accronymPL>
                    <priority>3</priority>
                    <notActive>false</notActive>
                </ns0:term>
                <priority>17</priority>
                <notActive>false</notActive>
            </ns0:term>
            <priority>1700</priority>
            <notActive>false</notActive>
        </asjc>
        <asjc type="term">
            <id>WUT5dc31ab497e24ee4820d7df3b6b1ae40</id>
            <owner>wstruk</owner>
            <affiliationowner>PW</affiliationowner>
            <ns0:termtype type="termtype">
                <id>WUTd932544fdc07421684cd7309ed5f755c</id>
                <owner>wstruk</owner>
                <affiliationowner>PW</affiliationowner>
                <code>asjc</code>
                <name>ASJC</name>
                <nonRepeatableByDefault>false</nonRepeatableByDefault>
            </ns0:termtype>
            <systemName>asjc_2614</systemName>
            <nameEN>Theoretical Computer Science</nameEN>
            <accronymPL>2614</accronymPL>
            <ns0:term type="term">
                <id>WUT79bb530fed984eb88eb9ed41761edcb9</id>
                <owner>wstruk</owner>
                <affiliationowner>PW</affiliationowner>
                <ns0:termtype type="termtype">
                    <id>WUTd932544fdc07421684cd7309ed5f755c</id>
                    <owner>wstruk</owner>
                    <affiliationowner>PW</affiliationowner>
                    <code>asjc</code>
                    <name>ASJC</name>
                    <nonRepeatableByDefault>false</nonRepeatableByDefault>
                </ns0:termtype>
                <systemName>asjc_26</systemName>
                <nameEN>Mathematics</nameEN>
                <accronymPL>26</accronymPL>
                <ns0:term type="term">
                    <id>WUT6fd045a67352420f8844f86452dab56f</id>
                    <owner>wstruk</owner>
                    <affiliationowner>PW</affiliationowner>
                    <ns0:termtype type="termtype">
                        <id>WUTd932544fdc07421684cd7309ed5f755c</id>
                        <owner>wstruk</owner>
                        <affiliationowner>PW</affiliationowner>
                        <code>asjc</code>
                        <name>ASJC</name>
                        <nonRepeatableByDefault>false</nonRepeatableByDefault>
                    </ns0:termtype>
                    <systemName>asjc_3</systemName>
                    <namePL>Nauki ścisłe</namePL>
                    <nameEN>Physical Sciences</nameEN>
                    <accronymPL>3</accronymPL>
                    <priority>3</priority>
                    <notActive>false</notActive>
                </ns0:term>
                <priority>26</priority>
                <notActive>false</notActive>
            </ns0:term>
            <priority>2614</priority>
            <notActive>false</notActive>
        </asjc>
        <pbnIntegration type="integrationinfo">
            <id>WUTb13a7f80b1ad454d94127a233c2ce3d1</id>
            <lastTransferDate>2025-04-08T11:41:28+0200</lastTransferDate>
            <lastTransferStatus>success</lastTransferStatus>
            <transfer type="transferresult">
                <id>WUTd1200baee83f47d3a04e0b83ba7d8875</id>
                <objectId>67a35073fdbe83448fb705c5</objectId>
                <versionId>4cce4e67-98a2-4c4c-811c-65a8fd0fd364</versionId>
                <date>2025-02-05T12:50:11+0100</date>
                <returnCode>200</returnCode>
                <ns0:field type="field">
                    <id>WUT9c7b2459fe884876add27a2b51f9bf54</id>
                    <owner>147862</owner>
                    <affiliationowner>ISEP</affiliationowner>
                    <key>statements</key>
                    <value>[{"disciplineId":203,"orcid":true,"personOrcidId":"0000-0001-7825-0147","statementDate":"2025-01-09","type":"AUTHOR"}]</value>
                </ns0:field>
            </transfer>
            <transfer type="transferresult">
                <id>WUT83fafb57727346cb9773f6b211274458</id>
                <objectId>67a35073fdbe83448fb705c5</objectId>
                <versionId>4cce4e67-98a2-4c4c-811c-65a8fd0fd364</versionId>
                <date>2025-04-08T11:41:28+0200</date>
                <returnCode>200</returnCode>
                <ns0:field type="field">
                    <id>WUTd201bacd4ebf485898276d9a7c009d67</id>
                    <owner>147862</owner>
                    <affiliationowner>ISEP</affiliationowner>
                    <key>statements</key>
                    <value>[{"disciplineId":203,"orcid":true,"personNaturalId":"6E6D12965E0E5FD1CC2E1B0DA93B2C38D93DD32F9DBF7215BFB9A4C06589D40CD301DE1D52DEB4E408AD3488439F7DB9935ECFE4835FB79630FF2216EC8175D9","statementDate":"2025-01-09","type":"AUTHOR"}]</value>
                </ns0:field>
            </transfer>
        </pbnIntegration>
        <ns0:field type="field">
            <id>WUTc82caa144e1f4772a8ab72c451a747ee</id>
            <owner>147862</owner>
            <affiliationowner>ISEP</affiliationowner>
            <key>importId</key>
            <value>1729197370901</value>
        </ns0:field>
        <ns0:field type="field">
            <id>WUT4f8faa1d47a143ceb997d5c3e765b276</id>
            <owner>147862</owner>
            <affiliationowner>ISEP</affiliationowner>
            <key>import_type</key>
            <value>self_import</value>
        </ns0:field>
    </ns0:article>
    