<ns0:article xmlns:ns0="http://ii.pw.edu.pl/lib" xmlns:xsi="http://www.w3.org/2001/XMLSchema-instance" type="article">
        <metaData>
            <lastModifiedBy>mwasiluk</lastModifiedBy>
            <lastModified>2025-09-09T23:24:02.889+02:00</lastModified>
            <created>2024-10-25T08:24:04.074+02:00</created>
        </metaData>
        <meta_datestamp>1757453042889</meta_datestamp>
        <ns0:book type="book">
            <id>WUT5fca1c2ce5674199ac725d06e4793c48</id>
            <recordStatus>completed</recordStatus>
            <noEvaluation>false</noEvaluation>
            <meetsPlanSRequirements>false</meetsPlanSRequirements>
            <score>20</score>
            <scoreDate>2024-10-25T10:41:23+0200</scoreDate>
            <scoreReason>MonograhOrBookMainLanguagesEditor</scoreReason>
            <rulesetName>All_years_with_U20-scoring-v2y_for_v220(20240930), Scopus SNIP (with ASJC) v2, ScopusCiteScore, IFWoS</rulesetName>
            <legalBasis>Rozporządzenie MNiSW z dnia 22 lutego 2019 r. (§ 12 ust. 3 pkt 1, 2, 3)</legalBasis>
            <scoreSource>publisherList</scoreSource>
            <bookType>MONOGRAFIA</bookType>
            <authorsRole>editor</authorsRole>
            <totalAuthorsNo>0</totalAuthorsNo>
            <totalChapterAuthorsNo xsi:nil="true" />
            <title>2024 Progress in Applied Electrical Engineering (PAEE)</title>
            <ns0:corporateauthor type="corporateauthor">
                <id>WUT82c0168dabfe44728f42309c19bd78f1</id>
                <recordStatus>completed</recordStatus>
                <fullName>The Institute of Electrical and Electronics Engineers, Inc.</fullName>
                <ns0:corporateauthorprofile type="corporateauthorprofile">
                    <ns0:statisticsdata type="statisticsdata">
                        <numberOfPublications xsi:nil="true" />
                        <numberOfPatents xsi:nil="true" />
                        <numberOfProjects xsi:nil="true" />
                        <numberOfFinancedProjects xsi:nil="true" />
                        <numberOfWorks xsi:nil="true" />
                        <rankingScore xsi:nil="true" />
                    </ns0:statisticsdata>
                </ns0:corporateauthorprofile>
                <evaluationOK>false</evaluationOK>
            </ns0:corporateauthor>
            <ns0:language type="language">
                <id>WEITI-bc90626b-ed19-490f-b9c3-daf0bffd1760</id>
                <owner>admin</owner>
                <affiliationowner>IN</affiliationowner>
                <code>en</code>
                <iso2>eng</iso2>
                <namePL>angielski</namePL>
                <nameEN>English</nameEN>
                <ns0:field type="field">
                    <id>WUT7011e8e4e6f74b38a2ca632b6de071e5</id>
                    <owner>PbnIntegrator</owner>
                    <affiliationowner>IN</affiliationowner>
                    <key>pbn_639-2</key>
                    <value>eng</value>
                </ns0:field>
                <ns0:field type="field">
                    <id>WUT73e8cec6538944e383d6282838e2f964</id>
                    <owner>PbnIntegrator</owner>
                    <affiliationowner>IN</affiliationowner>
                    <key>pbn_639-1</key>
                    <value>en</value>
                </ns0:field>
                <ns0:field type="field">
                    <id>WUT65f08cfa99d14cd9bf5f0d65185ce27d</id>
                    <owner>PbnIntegrator</owner>
                    <affiliationowner>IN</affiliationowner>
                    <key>pbn_pl</key>
                    <value>angielski</value>
                </ns0:field>
                <ns0:field type="field">
                    <id>WUT108a680882134cf18b2f743d829026b5</id>
                    <owner>PbnIntegrator</owner>
                    <affiliationowner>IN</affiliationowner>
                    <key>pbn_en</key>
                    <value>English</value>
                </ns0:field>
                <ns0:field type="field">
                    <id>WUT8cbc478cf51c4345a7a1d27ef40339c7</id>
                    <owner>PbnIntegrator</owner>
                    <affiliationowner>IN</affiliationowner>
                    <key>pbn_de</key>
                    <value>Englisch</value>
                </ns0:field>
                <ns0:field type="field">
                    <id>WUT7cba2fb293374920b434cde356f0ec3a</id>
                    <owner>PbnIntegrator</owner>
                    <affiliationowner>IN</affiliationowner>
                    <key>pbn_fr</key>
                    <value>anglais</value>
                </ns0:field>
            </ns0:language>
            <issueDate>2024</issueDate>
            <evaluationYear xsi:nil="true" />
            <publisherInstitution type="corporateauthor">
                <id>WUT38b497118e2846208305955100492199</id>
                <recordStatus>completed</recordStatus>
                <fullName>Institute of Electrical and Electronics Engineers</fullName>
                <accronym>IEEE</accronym>
                <category>science</category>
                <otherCategory type="term">
                    <id>WUTe3b0f81c11c34111937796914404fb82</id>
                    <owner>wstruk</owner>
                    <affiliationowner>PW</affiliationowner>
                    <ns0:termtype type="termtype">
                        <id>WUT929508ac4fa9451093764fa86f480cd7</id>
                        <owner>wstruk</owner>
                        <affiliationowner>PW</affiliationowner>
                        <code>institution_category</code>
                        <name>kategoria instytucji</name>
                        <nonRepeatableByDefault>false</nonRepeatableByDefault>
                    </ns0:termtype>
                    <systemName>Publisher</systemName>
                    <namePL>Wydawca</namePL>
                    <nameEN>Publisher</nameEN>
                    <priority>IC190</priority>
                    <notActive>false</notActive>
                </otherCategory>
                <country type="validationtable">
                    <id>WUT382344</id>
                    <owner>wstruk</owner>
                    <affiliationowner>PW</affiliationowner>
                    <validationType>COUNTRY</validationType>
                    <namePL>Stany Zjednoczone</namePL>
                    <nameEN>United States of America</nameEN>
                    <validationtable type="validationtable">
                        <id>WUT35bb1cba0c1740afa065a42d4164e9a1</id>
                        <owner>wstruk</owner>
                        <affiliationowner>PW</affiliationowner>
                        <validationType>ORGANIZATION</validationType>
                        <namePL>Organizacja Współpracy Gospodarczej i Rozwoju</namePL>
                        <nameEN>Organisation for Economic Co-operation and Development</nameEN>
                        <nameOTH>OECD</nameOTH>
                        <ns0:validationprofile type="validationprofile">
                            <intNumber>0</intNumber>
                        </ns0:validationprofile>
                    </validationtable>
                    <ns0:validationprofile type="validationprofile">
                        <intNumber>0</intNumber>
                    </ns0:validationprofile>
                </country>
                <ns0:indicator type="indicator">
                    <id>WUTf498c05e2e3a41e98078b25469849918</id>
                    <owner>wstruk</owner>
                    <affiliationowner>PW</affiliationowner>
                    <name type="term">
                        <id>WUT7f9de23d44984c9f9daddca421a42db5</id>
                        <owner>wstruk</owner>
                        <affiliationowner>PW</affiliationowner>
                        <ns0:termtype type="termtype">
                            <id>WUT4431eff850914f6280e8366aa21ae26a</id>
                            <owner>wstruk</owner>
                            <affiliationowner>PW</affiliationowner>
                            <code>publisher_score</code>
                            <name>Punktacja wydawców</name>
                            <nonRepeatableByDefault>false</nonRepeatableByDefault>
                        </ns0:termtype>
                        <systemName>Publisher_scoreMinisterial</systemName>
                        <namePL>Punktacja MNiSW wydawców</namePL>
                        <nameEN>Publisher Ministerial score</nameEN>
                        <priority>PS110</priority>
                        <notActive>false</notActive>
                    </name>
                    <ns0:indicatordata type="indicatordata">
                        <id>WUTe8f642c8d85b473f93332a2d4bc6340f</id>
                        <owner>wstruk</owner>
                        <affiliationowner>PW</affiliationowner>
                        <year>2019</year>
                        <value>80</value>
                        <svalue>PI</svalue>
                        <evaluationDate>2019-01-18</evaluationDate>
                    </ns0:indicatordata>
                </ns0:indicator>
                <ns0:corporateauthorprofile type="corporateauthorprofile">
                    <extid type="termfield">
                        <id>WUT70548eb12d634cc592d1e14d7c471274</id>
                        <owner>wstruk</owner>
                        <affiliationowner>PW</affiliationowner>
                        <idtype type="term">
                            <id>WUT2908badb453e4a748917f3e9509a569e</id>
                            <owner>wstruk</owner>
                            <affiliationowner>PW</affiliationowner>
                            <ns0:termtype type="termtype">
<id>WUT6deee7292297435fb414dcd87dd84f0d</id>
<owner>wstruk</owner>
<affiliationowner>PW</affiliationowner>
<code>external_id</code>
<name>Identyfikator w systemie zewnętrznym</name>
<nonRepeatableByDefault>false</nonRepeatableByDefault>
                            </ns0:termtype>
                            <systemName>MNiSWid</systemName>
                            <namePL>Identyfikator MNiSW</namePL>
                            <nameEN>MNiSW Identifier</nameEN>
                            <priority>EI130</priority>
                            <notActive>false</notActive>
                        </idtype>
                        <value>26900</value>
                    </extid>
                    <extid type="termfield">
                        <id>WUT346309814f3b449ba63823d42d1e8686</id>
                        <owner>PbnIntegrator</owner>
                        <affiliationowner>PW</affiliationowner>
                        <idtype type="term">
                            <id>WUTfbafd2ec77464f57b240bdbc14318de0</id>
                            <owner>system</owner>
                            <affiliationowner>PW</affiliationowner>
                            <ns0:termtype type="termtype">
<id>WUT6deee7292297435fb414dcd87dd84f0d</id>
<owner>system</owner>
<affiliationowner>PW</affiliationowner>
<code>external_id</code>
<name>Identyfikator w systemie zewnętrznym</name>
<nonRepeatableByDefault>false</nonRepeatableByDefault>
                            </ns0:termtype>
                            <systemName>PBN_mongoId</systemName>
                            <namePL>Identyfikator PBN MongoId</namePL>
                            <nameEN>PSB Identifier MongoId</nameEN>
                            <priority>EI1153</priority>
                            <notActive>false</notActive>
                        </idtype>
                        <value>5d35987b878c28139f4eb7fc</value>
                    </extid>
                    <extid type="termfield">
                        <id>WUTabf558fea3e24053a34c06961146a4e8</id>
                        <owner>bwozniak</owner>
                        <affiliationowner>AK</affiliationowner>
                        <idtype type="term">
                            <id>WUTfe712e9e17404de29f343752164c96a7</id>
                            <owner>wstruk</owner>
                            <affiliationowner>PW</affiliationowner>
                            <ns0:termtype type="termtype">
<id>WUT6deee7292297435fb414dcd87dd84f0d</id>
<owner>wstruk</owner>
<affiliationowner>PW</affiliationowner>
<code>external_id</code>
<name>Identyfikator w systemie zewnętrznym</name>
<nonRepeatableByDefault>false</nonRepeatableByDefault>
                            </ns0:termtype>
                            <systemName>ScopusId</systemName>
                            <namePL>Identyfikator Scopus</namePL>
                            <nameEN>Scopus Identifier</nameEN>
                            <priority>EI120</priority>
                            <notActive>false</notActive>
                        </idtype>
                        <value>60000251</value>
                    </extid>
                    <ns0:statisticsdata type="statisticsdata">
                        <numberOfPublications xsi:nil="true" />
                        <numberOfPatents xsi:nil="true" />
                        <numberOfProjects xsi:nil="true" />
                        <numberOfFinancedProjects xsi:nil="true" />
                        <numberOfWorks xsi:nil="true" />
                        <rankingScore xsi:nil="true" />
                    </ns0:statisticsdata>
                </ns0:corporateauthorprofile>
                <evaluationOK>false</evaluationOK>
            </publisherInstitution>
            <isbn>979-8-3315-2756-3</isbn>
            <url>https://ieeexplore.ieee.org/xpl/conhome/10701312/proceeding</url>
            <ns0:conference type="conference">
                <id>WUT0b24f6916d4d4d39abad1bef1db98be5</id>
                <recordStatus>completed</recordStatus>
                <shortName>Progress in Applied Electrical Engineering (PAEE 2024)</shortName>
                <fullName>Progress in Applied Electrical Engineering (PAEE 2024)</fullName>
                <date>2024</date>
                <startDate>2024-06-24</startDate>
                <endDate>2024-06-28</endDate>
                <location>Kościelisko</location>
                <online>false</online>
                <country type="validationtable">
                    <id>WUT382314</id>
                    <owner>wstruk</owner>
                    <affiliationowner>PW</affiliationowner>
                    <validationType>COUNTRY</validationType>
                    <namePL>Polska</namePL>
                    <nameEN>Poland</nameEN>
                    <validationtable type="validationtable">
                        <id>WUT35bb1cba0c1740afa065a42d4164e9a1</id>
                        <owner>wstruk</owner>
                        <affiliationowner>PW</affiliationowner>
                        <validationType>ORGANIZATION</validationType>
                        <namePL>Organizacja Współpracy Gospodarczej i Rozwoju</namePL>
                        <nameEN>Organisation for Economic Co-operation and Development</nameEN>
                        <nameOTH>OECD</nameOTH>
                        <ns0:validationprofile type="validationprofile">
                            <intNumber>0</intNumber>
                        </ns0:validationprofile>
                    </validationtable>
                    <ns0:validationprofile type="validationprofile">
                        <intNumber>0</intNumber>
                    </ns0:validationprofile>
                </country>
                <url>https://ptetis.pl/warszawa/konferencje-2/paee-conference/</url>
                <profileverificationresult>undefined</profileverificationresult>
                <ns0:conferenceprofile type="conferenceprofile" />
                <ns0:conferencewikiprofile type="conferencewikiprofile" />
                <ns0:conferenceseries type="conferenceseries">
                    <id>WUT676effdde5294ea095c0af8b856a36ff</id>
                    <recordStatus>completed</recordStatus>
                    <shortName>PAEE</shortName>
                    <fullName>Conference on Progress in Applied Electrical Engineering (PAEE)</fullName>
                    <score>15</score>
                </ns0:conferenceseries>
                <international>true</international>
            </ns0:conference>
            <classified xsi:nil="true" />
            <fees type="publicationfees">
                <costFreePublication>false</costFreePublication>
                <researchPotentialFinancialResources>false</researchPotentialFinancialResources>
                <researchOrDevelopmentProjectsFinancialResources>false</researchOrDevelopmentProjectsFinancialResources>
                <other>false</other>
            </fees>
            <pbnIntegration type="integrationinfo" />
        </ns0:book>
        <id>WUTa39a7922d4ba4b119c77363f8a42bcec</id>
        <recordStatus>completed</recordStatus>
        <owner>178701</owner>
        <affiliationowner>IETSIP</affiliationowner>
        <disciplinesApprovalDate>2024-10-25T08:47:52+0200</disciplinesApprovalDate>
        <ns0:approveddiscipline type="approveddiscipline">
            <id>WUT1b3386b3c8314845a2402bea2fd63cb7</id>
            <owner>178701</owner>
            <affiliationowner>IETSIP</affiliationowner>
            <discipline type="term">
                <id>WUTfef424a0094d4fc3865bb3aabd414c88</id>
                <owner>wstruk</owner>
                <affiliationowner>PW</affiliationowner>
                <ns0:termtype type="termtype">
                    <id>WUTa3c22b79ece54e0e99025251051d9b0d</id>
                    <owner>wstruk</owner>
                    <affiliationowner>PW</affiliationowner>
                    <code>oecdx</code>
                    <name>OECD extended</name>
                    <nonRepeatableByDefault>false</nonRepeatableByDefault>
                </ns0:termtype>
                <systemName>2.3</systemName>
                <namePL>informatyka techniczna i telekomunikacja</namePL>
                <nameEN>information and communication technology</nameEN>
                <accronymPL>ITT</accronymPL>
                <accronymEN>ICT</accronymEN>
                <ns0:term type="term">
                    <id>WUTd7b77e1b91d44c64a57c032ede7bf851</id>
                    <owner>wstruk</owner>
                    <affiliationowner>PW</affiliationowner>
                    <ns0:termtype type="termtype">
                        <id>WUTa3c22b79ece54e0e99025251051d9b0d</id>
                        <owner>wstruk</owner>
                        <affiliationowner>PW</affiliationowner>
                        <code>oecdx</code>
                        <name>OECD extended</name>
                        <nonRepeatableByDefault>false</nonRepeatableByDefault>
                    </ns0:termtype>
                    <systemName>2</systemName>
                    <namePL>Dziedzina nauk inżynieryjno-technicznych</namePL>
                    <nameEN>Engineering and technology</nameEN>
                    <accronymPL>DNINZ</accronymPL>
                    <accronymEN>2</accronymEN>
                    <priority>02.00</priority>
                    <xid type="field">
                        <id>WUT217a0da3ad554648828696317acb6cee</id>
                        <owner>wstruk</owner>
                        <affiliationowner>PW</affiliationowner>
                        <key>polon_id</key>
                        <value>DZ0102N</value>
                    </xid>
                    <notActive>false</notActive>
                </ns0:term>
                <priority>02.03</priority>
                <xid type="field">
                    <id>WUT9eb30fd170fd45918a1d046b9f7302cd</id>
                    <owner>PbnIntegrator</owner>
                    <affiliationowner>PW</affiliationowner>
                    <key>pbn_idArea</key>
                    <value>203</value>
                </xid>
                <xid type="field">
                    <id>WUT7f1a57adbae649e4ba0510c019498bec</id>
                    <owner>wstruk</owner>
                    <affiliationowner>PW</affiliationowner>
                    <key>polon_id</key>
                    <value>DS010204N</value>
                </xid>
                <notActive>false</notActive>
            </discipline>
            <date>2024-10-25T08:47:52+0200</date>
        </ns0:approveddiscipline>
        <extid type="termfield">
            <id>WUT1dee44e7034e45ffab9c4e753599325e</id>
            <owner>178701</owner>
            <affiliationowner>IETSIP</affiliationowner>
            <idtype type="term">
                <id>WUT8451786af88c4580b1198f347a0048f5</id>
                <owner>wstruk</owner>
                <affiliationowner>PW</affiliationowner>
                <ns0:termtype type="termtype">
                    <id>WUT6deee7292297435fb414dcd87dd84f0d</id>
                    <owner>wstruk</owner>
                    <affiliationowner>PW</affiliationowner>
                    <code>external_id</code>
                    <name>Identyfikator w systemie zewnętrznym</name>
                    <nonRepeatableByDefault>false</nonRepeatableByDefault>
                </ns0:termtype>
                <systemName>WoSId</systemName>
                <namePL>Identyfikator WoS</namePL>
                <nameEN>WoS Identifier</nameEN>
                <priority>EI110</priority>
                <notActive>false</notActive>
            </idtype>
            <value>WOS:001339298100012</value>
        </extid>
        <extid type="termfield">
            <id>WUT0ab7ea3672ca498ab94b65cdfb40f9aa</id>
            <owner>PbnIntegrator</owner>
            <affiliationowner>IETSIP</affiliationowner>
            <idtype type="term">
                <id>WUTfbafd2ec77464f57b240bdbc14318de0</id>
                <owner>system</owner>
                <affiliationowner>IETSIP</affiliationowner>
                <ns0:termtype type="termtype">
                    <id>WUT6deee7292297435fb414dcd87dd84f0d</id>
                    <owner>system</owner>
                    <affiliationowner>IETSIP</affiliationowner>
                    <code>external_id</code>
                    <name>Identyfikator w systemie zewnętrznym</name>
                    <nonRepeatableByDefault>false</nonRepeatableByDefault>
                </ns0:termtype>
                <systemName>PBN_mongoId</systemName>
                <namePL>Identyfikator PBN MongoId</namePL>
                <nameEN>PSB Identifier MongoId</nameEN>
                <priority>EI1153</priority>
                <notActive>false</notActive>
            </idtype>
            <value>67a34fdbfdbe83448fb6fc9d</value>
        </extid>
        <inPress>false</inPress>
        <noEvaluation>false</noEvaluation>
        <meetsPlanSRequirements>false</meetsPlanSRequirements>
        <score>20</score>
        <scoreDate>2025-09-09T23:24:02+0200</scoreDate>
        <scoreReason>ChapterFromConference</scoreReason>
        <rulesetName>drl All_years_with_U20-scoring-v4a_for_v220(20250127), Scopus SNIP (with ASJC) v2, IFWoS, All_years_with_U20-scoring-v4d_for_v220(20250407), ScopusCiteScore, All_years_with_U20-scoring-v2y_for_v220(20240930), Scopus SNIP (without ASJC)</rulesetName>
        <legalBasis>Rozporządzenie MNiSW z dnia 22 lutego 2019 r. (§ 12 ust. 1 pkt 1 oraz § 34 pkt 4) - nadano najbardziej korzystną liczbę punktów: maximum(rozdział monografii:20, materiał konferencyjny wg wykazu:0, artykuł z czasopisma:0)</legalBasis>
        <ns0:scoring type="scoring">
            <id>WUT51cb5f6eb63946e7bfe5ba0a5d79be0c</id>
            <owner>178701</owner>
            <affiliationowner>IETSIP</affiliationowner>
            <system type="term">
                <id>WUT6e0ab667f4e6485faa64fae0cd24964a</id>
                <owner>wstruk</owner>
                <affiliationowner>PW</affiliationowner>
                <ns0:termtype type="termtype">
                    <id>WUTda3a51e923df43a39a54b91c4338f92a</id>
                    <owner>wstruk</owner>
                    <affiliationowner>PW</affiliationowner>
                    <code>scoringSystem</code>
                    <name>System punktacji</name>
                    <nonRepeatableByDefault>false</nonRepeatableByDefault>
                </ns0:termtype>
                <systemName>scoringMinisterial</systemName>
                <namePL>Punktacja MNiSW</namePL>
                <nameEN>Ministerial score</nameEN>
                <accronymPL />
                <accronymEN />
                <priority>SS110</priority>
                <additionalCategory>reportSelectable</additionalCategory>
                <notActive>false</notActive>
            </system>
            <score>20.0</score>
            <scoreDate>2025-09-09T23:24:02+0200</scoreDate>
            <scoreReason>ChapterFromConference</scoreReason>
            <rulesetName>drl All_years_with_U20-scoring-v4a_for_v220(20250127), Scopus SNIP (with ASJC) v2, IFWoS, All_years_with_U20-scoring-v4d_for_v220(20250407), ScopusCiteScore</rulesetName>
            <legalBasis>Rozporządzenie MNiSW z dnia 22 lutego 2019 r. (§ 12 ust. 1 pkt 1 oraz § 34 pkt 4) - nadano najbardziej korzystną liczbę punktów: maximum(rozdział monografii:20, materiał konferencyjny wg wykazu:0, artykuł z czasopisma:0)</legalBasis>
            <scoreForcing>false</scoreForcing>
        </ns0:scoring>
        <scoreSource>publisherList</scoreSource>
        <ns0:indicator type="indicator">
            <id>WUTc708dc0e5e334260a66132ef455bd5f1</id>
            <owner>178701</owner>
            <affiliationowner>IETSIP</affiliationowner>
            <name type="term">
                <id>WUT9b3935f557bf4a08826ff507d685b9b8</id>
                <owner>wstruk</owner>
                <affiliationowner>PW</affiliationowner>
                <ns0:termtype type="termtype">
                    <id>WUTde3a681a169d462f8f2ff0aecda362c1</id>
                    <owner>wstruk</owner>
                    <affiliationowner>PW</affiliationowner>
                    <code>citations</code>
                    <name>Cytowania</name>
                    <nonRepeatableByDefault>false</nonRepeatableByDefault>
                </ns0:termtype>
                <systemName>citationsGS</systemName>
                <namePL>Cytowania GS</namePL>
                <nameEN>GS Citations</nameEN>
                <priority>CI120</priority>
                <notActive>false</notActive>
            </name>
            <ns0:indicatordata type="indicatordata">
                <id>WUTd923be42a35b4946ae16121d04c598d5</id>
                <owner>178701</owner>
                <affiliationowner>IETSIP</affiliationowner>
                <year xsi:nil="true" />
                <value>0</value>
                <evaluationDate>2024-11-09T06:00:32+0100</evaluationDate>
            </ns0:indicatordata>
        </ns0:indicator>
        <ns0:indicator type="indicator">
            <id>WUT603b55b29e8f4cbebb13965e231dfe90</id>
            <owner>178701</owner>
            <affiliationowner>IETSIP</affiliationowner>
            <name type="term">
                <id>WUTe0f43d022c60406e898cc3ac4720359d</id>
                <owner>wstruk</owner>
                <affiliationowner>PW</affiliationowner>
                <ns0:termtype type="termtype">
                    <id>WUTde3a681a169d462f8f2ff0aecda362c1</id>
                    <owner>wstruk</owner>
                    <affiliationowner>PW</affiliationowner>
                    <code>citations</code>
                    <name>Cytowania</name>
                    <nonRepeatableByDefault>false</nonRepeatableByDefault>
                </ns0:termtype>
                <systemName>citationsWoS</systemName>
                <namePL>Cytowania WoS</namePL>
                <nameEN>WoS Citations</nameEN>
                <priority>CI110</priority>
                <notActive>false</notActive>
            </name>
            <ns0:indicatordata type="indicatordata">
                <id>WUT3cb12672eba34f93bdee922be06dfe2f</id>
                <owner>178701</owner>
                <affiliationowner>IETSIP</affiliationowner>
                <year xsi:nil="true" />
                <value>0</value>
                <evaluationDate>2025-01-18T21:27:55+0100</evaluationDate>
            </ns0:indicatordata>
        </ns0:indicator>
        <ns0:author type="author">
            <id>WUT09d9b7b326274a2bb18d193fa26f926a</id>
            <recordStatus>completed</recordStatus>
            <active>false</active>
            <status>ZEWNETRZNY</status>
            <belonging2N>false</belonging2N>
            <name>Justyna</name>
            <surname>Budzyńska</surname>
            <externalAffiliationButEvaluation>false</externalAffiliationButEvaluation>
            <disciplinesApprovedByAuthor>false</disciplinesApprovedByAuthor>
            <contribution xsi:nil="true" />
            <ns0:authorprofile type="authorprofile">
                <hindex>0</hindex>
                <rankingScore>0.0</rankingScore>
                <noEvaluation>false</noEvaluation>
                <supervisionOffer type="supervisionoffer">
                    <active>false</active>
                </supervisionOffer>
            </ns0:authorprofile>
            <profilepreferences type="authorprofilepreferences" />
            <ns0:authormirprofile type="authormirprofile" />
        </ns0:author>
        <ns0:author type="author">
            <id>WUT82e63d1f993040788e54fcc6a4c8ba54</id>
            <recordStatus>completed</recordStatus>
            <active>false</active>
            <status>ZEWNETRZNY</status>
            <belonging2N>false</belonging2N>
            <name>Maria</name>
            <surname>Kujawa</surname>
            <externalAffiliationButEvaluation>false</externalAffiliationButEvaluation>
            <disciplinesApprovedByAuthor>false</disciplinesApprovedByAuthor>
            <contribution xsi:nil="true" />
            <ns0:authorprofile type="authorprofile">
                <hindex>0</hindex>
                <rankingScore>0.0</rankingScore>
                <noEvaluation>false</noEvaluation>
                <supervisionOffer type="supervisionoffer">
                    <active>false</active>
                </supervisionOffer>
            </ns0:authorprofile>
            <profilepreferences type="authorprofilepreferences" />
            <ns0:authormirprofile type="authormirprofile" />
        </ns0:author>
        <ns0:author type="author">
            <id>WUT9b1c2f3dd2e545368d6408eae1842473</id>
            <recordStatus>completed</recordStatus>
            <active>true</active>
            <status>PRACOWNIK</status>
            <officialAcademicDegree type="term">
                <id>WUTe9e911bdfe714aa1b14b811617d6f029</id>
                <owner>wstruk</owner>
                <affiliationowner>PW</affiliationowner>
                <ns0:termtype type="termtype">
                    <id>WUT4e7b6f866b8d489888bd3347c5a97bb3</id>
                    <owner>wstruk</owner>
                    <affiliationowner>PW</affiliationowner>
                    <code>academicDegree</code>
                    <name>Stopień/tytuł</name>
                    <nonRepeatableByDefault>false</nonRepeatableByDefault>
                </ns0:termtype>
                <systemName>drinz</systemName>
                <namePL>dr inż.</namePL>
                <nameEN>Phd eng</nameEN>
                <priority>D52</priority>
                <notActive>false</notActive>
            </officialAcademicDegree>
            <belonging2N>true</belonging2N>
            <name>Radosław</name>
            <surname>Roszczyk</surname>
            <email>radoslaw.roszczyk@pw.edu.pl</email>
            <ns0:affiliation type="affiliation">
                <id>WUT-235fc1be-af15-4639-9345-6944e7aa938f</id>
                <recordStatus>completed</recordStatus>
                <namePL>Instytut Elektrotechniki Teoretycznej i Systemów Informacyjno-Pomiarowych</namePL>
                <nameEN>The Institute of the Theory of Electrical Engineering, Measurement and Information Systems</nameEN>
                <accronymPL>IETSIP</accronymPL>
                <accronymEN>ITEEMIS</accronymEN>
                <ns0:affiliation type="affiliation">
                    <id>WUT-2d75d7a8-b516-4800-a4c5-66f843865045</id>
                    <recordStatus>completed</recordStatus>
                    <namePL>Wydział Elektryczny</namePL>
                    <nameEN>Faculty of Electrical Engineering</nameEN>
                    <accronymPL>WE</accronymPL>
                    <accronymEN>FoEE</accronymEN>
                    <ns0:affiliation type="affiliation">
                        <id>WEITI-35347b89-6944-4413-83c0-85acc4b2e2d4</id>
                        <recordStatus>completed</recordStatus>
                        <namePL>Politechnika Warszawska</namePL>
                        <nameEN>Warsaw University of Technology</nameEN>
                        <accronymPL>PW</accronymPL>
                        <accronymEN>WUT</accronymEN>
                        <ns0:affiliationprofile type="affiliationprofile">
                            <certifyingUnit>false</certifyingUnit>
                        </ns0:affiliationprofile>
                        <notActive>false</notActive>
                        <dontPropagateInactivity>false</dontPropagateInactivity>
                    </ns0:affiliation>
                    <ns0:affiliationprofile type="affiliationprofile">
                        <certifyingUnit>false</certifyingUnit>
                    </ns0:affiliationprofile>
                    <notActive>false</notActive>
                    <dontPropagateInactivity>false</dontPropagateInactivity>
                </ns0:affiliation>
                <ns0:affiliationprofile type="affiliationprofile">
                    <certifyingUnit>false</certifyingUnit>
                </ns0:affiliationprofile>
                <notActive>false</notActive>
                <dontPropagateInactivity>false</dontPropagateInactivity>
            </ns0:affiliation>
            <unit>ZETiIS</unit>
            <externalAffiliationButEvaluation>false</externalAffiliationButEvaluation>
            <ns0:team type="team">
                <id>WUT4cc08b753cb240df90228d2167ec2add</id>
                <recordStatus>completed</recordStatus>
                <leader type="author">
                    <recordStatus>completed</recordStatus>
                    <active>false</active>
                    <status>ZEWNETRZNY</status>
                    <belonging2N>false</belonging2N>
                    <externalAffiliationButEvaluation>false</externalAffiliationButEvaluation>
                    <disciplinesApprovedByAuthor>false</disciplinesApprovedByAuthor>
                    <contribution xsi:nil="true" />
                    <ns0:authorprofile type="authorprofile">
                        <hindex>0</hindex>
                        <rankingScore>0.0</rankingScore>
                        <noEvaluation>false</noEvaluation>
                        <sex>0</sex>
                        <supervisionOffer type="supervisionoffer">
                            <active>false</active>
                        </supervisionOffer>
                    </ns0:authorprofile>
                    <profilepreferences type="authorprofilepreferences" />
                    <ns0:authormirprofile type="authormirprofile" />
                </leader>
                <type type="term">
                    <notActive>false</notActive>
                </type>
                <cooperationLevel type="term">
                    <notActive>false</notActive>
                </cooperationLevel>
                <showProfile>true</showProfile>
                <notActive>false</notActive>
                <classified xsi:nil="true" />
                <international>false</international>
            </ns0:team>
            <activityDiscipline type="authordiscipline">
                <id>WUT5372217a6c0d4b1d8be8fdd43114a997</id>
                <owner>178701</owner>
                <affiliationowner>IETSIP</affiliationowner>
                <discipline type="term">
                    <id>WUTfef424a0094d4fc3865bb3aabd414c88</id>
                    <owner>wstruk</owner>
                    <affiliationowner>PW</affiliationowner>
                    <ns0:termtype type="termtype">
                        <id>WUTa3c22b79ece54e0e99025251051d9b0d</id>
                        <owner>wstruk</owner>
                        <affiliationowner>PW</affiliationowner>
                        <code>oecdx</code>
                        <name>OECD extended</name>
                        <nonRepeatableByDefault>false</nonRepeatableByDefault>
                    </ns0:termtype>
                    <systemName>2.3</systemName>
                    <namePL>informatyka techniczna i telekomunikacja</namePL>
                    <nameEN>information and communication technology</nameEN>
                    <accronymPL>ITT</accronymPL>
                    <accronymEN>ICT</accronymEN>
                    <ns0:term type="term">
                        <id>WUTd7b77e1b91d44c64a57c032ede7bf851</id>
                        <owner>wstruk</owner>
                        <affiliationowner>PW</affiliationowner>
                        <ns0:termtype type="termtype">
                            <id>WUTa3c22b79ece54e0e99025251051d9b0d</id>
                            <owner>wstruk</owner>
                            <affiliationowner>PW</affiliationowner>
                            <code>oecdx</code>
                            <name>OECD extended</name>
                            <nonRepeatableByDefault>false</nonRepeatableByDefault>
                        </ns0:termtype>
                        <systemName>2</systemName>
                        <namePL>Dziedzina nauk inżynieryjno-technicznych</namePL>
                        <nameEN>Engineering and technology</nameEN>
                        <accronymPL>DNINZ</accronymPL>
                        <accronymEN>2</accronymEN>
                        <priority>02.00</priority>
                        <xid type="field">
                            <id>WUT217a0da3ad554648828696317acb6cee</id>
                            <owner>wstruk</owner>
                            <affiliationowner>PW</affiliationowner>
                            <key>polon_id</key>
                            <value>DZ0102N</value>
                        </xid>
                        <notActive>false</notActive>
                    </ns0:term>
                    <priority>02.03</priority>
                    <xid type="field">
                        <id>WUT9eb30fd170fd45918a1d046b9f7302cd</id>
                        <owner>PbnIntegrator</owner>
                        <affiliationowner>PW</affiliationowner>
                        <key>pbn_idArea</key>
                        <value>203</value>
                    </xid>
                    <xid type="field">
                        <id>WUT7f1a57adbae649e4ba0510c019498bec</id>
                        <owner>wstruk</owner>
                        <affiliationowner>PW</affiliationowner>
                        <key>polon_id</key>
                        <value>DS010203N</value>
                    </xid>
                    <notActive>false</notActive>
                </discipline>
                <activityPercentage>100</activityPercentage>
                <belonging2N>false</belonging2N>
                <year xsi:nil="true" />
            </activityDiscipline>
            <disciplinesApprovedByAuthor>true</disciplinesApprovedByAuthor>
            <termsAndConditionsResponse type="termsandconditionsresponse">
                <id>WUT25ba1ea071f44d91a3cbe5e3fa085778</id>
                <owner>178701</owner>
                <affiliationowner>IETSIP</affiliationowner>
                <terms type="termsandconditions">
                    <id>WUTbbe67bcd3d5345e9a67191920d2798ce</id>
                    <type type="term">
                        <id>WUT466d2b892ea24bbf86e384301252917d</id>
                        <owner>system</owner>
                        <affiliationowner>PW</affiliationowner>
                        <ns0:termtype type="termtype">
                            <id>WUT0f33bc946b8446c7b57f23f08e9ee196</id>
                            <owner>system</owner>
                            <affiliationowner>PW</affiliationowner>
                            <code>termsandconditions_type</code>
                            <name>Terms and Conditions type</name>
                            <nonRepeatableByDefault>false</nonRepeatableByDefault>
                        </ns0:termtype>
                        <systemName>termsandconditions_discipline_selection_statement</systemName>
                        <namePL>
            Oświadczenie autora o dyscyplinie naukowej w publikacji
        </namePL>
                        <nameEN>Publication discipline author's statement</nameEN>
                        <notActive>false</notActive>
                    </type>
                    <namePL>Oświadczenie autora o dyscyplinie naukowej w publikacji</namePL>
                    <nameEN>The declaration of the author about scientific discipline of the publication</nameEN>
                    <versionNumber>1</versionNumber>
                    <required>true</required>
                    <enableAdditionalTextInResponse>false</enableAdditionalTextInResponse>
                    <status>published</status>
                </terms>
                <user>178701</user>
                <response>accepted</response>
                <responseDate>2024-10-25T08:47:52+0200</responseDate>
            </termsAndConditionsResponse>
            <staffGroup type="term">
                <id>WUT4b86b29bf9b9448ab558a479107a1d58</id>
                <owner>wstruk</owner>
                <affiliationowner>PW</affiliationowner>
                <ns0:termtype type="termtype">
                    <id>WUT3817e163aedd49d0b8011432010847aa</id>
                    <owner>wstruk</owner>
                    <affiliationowner>PW</affiliationowner>
                    <code>staffGroup</code>
                    <name>Grupa zatrudnienia</name>
                    <nonRepeatableByDefault>false</nonRepeatableByDefault>
                </ns0:termtype>
                <systemName>researchteachingStaff</systemName>
                <namePL>pracownicy badawczo-dydaktyczni</namePL>
                <nameEN>Research-teaching staff</nameEN>
                <ns0:term type="term">
                    <id>WUT9c1a64ba0377485eb3aac7a30234260b</id>
                    <owner>wstruk</owner>
                    <affiliationowner>PW</affiliationowner>
                    <ns0:termtype type="termtype">
                        <id>WUT3817e163aedd49d0b8011432010847aa</id>
                        <owner>wstruk</owner>
                        <affiliationowner>PW</affiliationowner>
                        <code>staffGroup</code>
                        <name>Grupa zatrudnienia</name>
                        <nonRepeatableByDefault>false</nonRepeatableByDefault>
                    </ns0:termtype>
                    <systemName>academicStaff</systemName>
                    <namePL>Nauczyciele akademiccy</namePL>
                    <nameEN>Academic staff</nameEN>
                    <priority>G01</priority>
                    <notActive>false</notActive>
                </ns0:term>
                <priority>G13</priority>
                <notActive>false</notActive>
            </staffGroup>
            <contribution xsi:nil="true" />
            <ns0:authorprofile type="authorprofile">
                <extid type="termfield">
                    <id>WUT8c9d49de785246db813da7c7a1caa6ec</id>
                    <owner>elektrobot</owner>
                    <affiliationowner>WE</affiliationowner>
                    <idtype type="term">
                        <id>WUT0fd794746a704f42a40229c86b4a8543</id>
                        <owner>wstruk</owner>
                        <affiliationowner>PW</affiliationowner>
                        <ns0:termtype type="termtype">
                            <id>WUT73721172d9e7483ba46a61d697ffa3b3</id>
                            <owner>wstruk</owner>
                            <affiliationowner>BOI</affiliationowner>
                            <code>person_id</code>
                            <name>Identyfikator osoby</name>
                            <nonRepeatableByDefault>false</nonRepeatableByDefault>
                        </ns0:termtype>
                        <systemName>ORCID</systemName>
                        <namePL>Identyfikator osobowy ORCID</namePL>
                        <nameEN>ORCID</nameEN>
                        <accronymEN>ORCID</accronymEN>
                        <priority>U130</priority>
                        <notActive>false</notActive>
                    </idtype>
                    <value>0000-0003-0721-6739</value>
                </extid>
                <extid type="termfield">
                    <id>WUTa4ee47f854db4a92b8a29ae583752484</id>
                    <owner>elektrobot</owner>
                    <affiliationowner>WE</affiliationowner>
                    <idtype type="term">
                        <id>WUT8451786af88c4580b1198f347a0048f5</id>
                        <owner>wstruk</owner>
                        <affiliationowner>PW</affiliationowner>
                        <ns0:termtype type="termtype">
                            <id>WUT6deee7292297435fb414dcd87dd84f0d</id>
                            <owner>wstruk</owner>
                            <affiliationowner>PW</affiliationowner>
                            <code>external_id</code>
                            <name>Identyfikator w systemie zewnętrznym</name>
                            <nonRepeatableByDefault>false</nonRepeatableByDefault>
                        </ns0:termtype>
                        <systemName>WoSId</systemName>
                        <namePL>Identyfikator WoS</namePL>
                        <nameEN>WoS Identifier</nameEN>
                        <priority>EI110</priority>
                        <notActive>false</notActive>
                    </idtype>
                    <value>659013</value>
                </extid>
                <extid type="termfield">
                    <id>WUT04900e3f792b47bb8fd2579b5cd10905</id>
                    <owner>elektrobot</owner>
                    <affiliationowner>WE</affiliationowner>
                    <idtype type="term">
                        <id>WUT2d8d65028792443891668f54f30f6f71</id>
                        <owner>wstruk</owner>
                        <affiliationowner>PW</affiliationowner>
                        <ns0:termtype type="termtype">
                            <id>WUT6deee7292297435fb414dcd87dd84f0d</id>
                            <owner>wstruk</owner>
                            <affiliationowner>PW</affiliationowner>
                            <code>external_id</code>
                            <name>Identyfikator w systemie zewnętrznym</name>
                            <nonRepeatableByDefault>false</nonRepeatableByDefault>
                        </ns0:termtype>
                        <systemName>USOSid</systemName>
                        <namePL>Identyfikator USOS</namePL>
                        <nameEN>USOS Identifier</nameEN>
                        <notActive>false</notActive>
                    </idtype>
                    <value>178701</value>
                </extid>
                <extid type="termfield">
                    <id>WUTbf7a4af0a91f4e659606dd830b3389cc</id>
                    <owner>elektrobot</owner>
                    <affiliationowner>WE</affiliationowner>
                    <idtype type="term">
                        <id>WUTfe712e9e17404de29f343752164c96a7</id>
                        <owner>wstruk</owner>
                        <affiliationowner>PW</affiliationowner>
                        <ns0:termtype type="termtype">
                            <id>WUT6deee7292297435fb414dcd87dd84f0d</id>
                            <owner>wstruk</owner>
                            <affiliationowner>PW</affiliationowner>
                            <code>external_id</code>
                            <name>Identyfikator w systemie zewnętrznym</name>
                            <nonRepeatableByDefault>false</nonRepeatableByDefault>
                        </ns0:termtype>
                        <systemName>ScopusId</systemName>
                        <namePL>Identyfikator Scopus</namePL>
                        <nameEN>Scopus Identifier</nameEN>
                        <priority>EI120</priority>
                        <notActive>false</notActive>
                    </idtype>
                    <value>57204808944</value>
                </extid>
                <extid type="termfield">
                    <id>WUTdcfe779c1a0d490693fcd5c6c0ba5afa</id>
                    <owner>elektrobot</owner>
                    <affiliationowner>WE</affiliationowner>
                    <idtype type="term">
                        <id>WUT6675b636b7aa4f4f9b48005536da4b07</id>
                        <owner>wstruk</owner>
                        <affiliationowner>PW</affiliationowner>
                        <ns0:termtype type="termtype">
                            <id>WUT73721172d9e7483ba46a61d697ffa3b3</id>
                            <owner>wstruk</owner>
                            <affiliationowner>BOI</affiliationowner>
                            <code>person_id</code>
                            <name>Identyfikator osoby</name>
                            <nonRepeatableByDefault>false</nonRepeatableByDefault>
                        </ns0:termtype>
                        <systemName>personnalPSB</systemName>
                        <namePL>Identyfikator PBN</namePL>
                        <nameEN>PSB Identifier</nameEN>
                        <accronymPL>PBN</accronymPL>
                        <accronymEN>PSB</accronymEN>
                        <priority>U120</priority>
                        <notActive>false</notActive>
                    </idtype>
                    <value>4162304</value>
                </extid>
                <extid type="termfield">
                    <id>WUTdf4d9cbe709046e980ac9d50e69a2bb9</id>
                    <owner>elektrobot</owner>
                    <affiliationowner>WE</affiliationowner>
                    <idtype type="term">
                        <id>WUT06219a5f59ef46d2855a42bc83fabf8f</id>
                        <owner>lskoniec</owner>
                        <affiliationowner>PW</affiliationowner>
                        <ns0:termtype type="termtype">
                            <id>WUT73721172d9e7483ba46a61d697ffa3b3</id>
                            <owner>wstruk</owner>
                            <affiliationowner>BOI</affiliationowner>
                            <code>person_id</code>
                            <name>Identyfikator osoby</name>
                            <nonRepeatableByDefault>false</nonRepeatableByDefault>
                        </ns0:termtype>
                        <systemName>scholar</systemName>
                        <namePL>google scholar</namePL>
                        <nameEN>google scholar</nameEN>
                        <notActive>false</notActive>
                    </idtype>
                    <value>SlpAFegAAAAJ</value>
                </extid>
                <extid type="termfield">
                    <id>WUTdca4f24f6ad8477f80e08ea74430f6df</id>
                    <owner>elektrobot</owner>
                    <affiliationowner>WE</affiliationowner>
                    <idtype type="term">
                        <id>WUT1a02b6c6e47c457d9a7f061d865684a8</id>
                        <owner>system</owner>
                        <affiliationowner>WMEiL</affiliationowner>
                        <ns0:termtype type="termtype">
                            <id>WUT6deee7292297435fb414dcd87dd84f0d</id>
                            <owner>wstruk</owner>
                            <affiliationowner>PW</affiliationowner>
                            <code>external_id</code>
                            <name>Identyfikator w systemie zewnętrznym</name>
                            <nonRepeatableByDefault>false</nonRepeatableByDefault>
                        </ns0:termtype>
                        <systemName>POLon_Uuid</systemName>
                        <namePL>Identyfikator polonUuid</namePL>
                        <nameEN>Identifier polonUuid</nameEN>
                        <priority>EI1155</priority>
                        <notActive>false</notActive>
                    </idtype>
                    <value>274ca730-0af7-4361-9d6b-be051f54b5ee</value>
                </extid>
                <hindex>3</hindex>
                <rankingScore>2.0</rankingScore>
                <noEvaluation>false</noEvaluation>
                <supervisionOffer type="supervisionoffer">
                    <active>false</active>
                </supervisionOffer>
            </ns0:authorprofile>
            <profilepreferences type="authorprofilepreferences" />
            <ns0:authormirprofile type="authormirprofile" />
            <ns0:field type="field">
                <id>WUT840c5abd8c344c708ee07f393124a483</id>
                <owner>elektrobot</owner>
                <affiliationowner>WE</affiliationowner>
                <key>POL-ON import - overwritten PESEL</key>
                <value>1_PW_raport_POL_on_dyscyplina_należy_N_23_02_2019_do_wysl.xlsx</value>
            </ns0:field>
            <ns0:field type="field">
                <id>WUT635a7121b7224016b08e64d78761cabf</id>
                <owner>elektrobot</owner>
                <affiliationowner>WE</affiliationowner>
                <key>POL-ON import - updated position</key>
                <value>1_PW_raport_POL_on_dyscyplina_należy_N_23_02_2019_do_wysl.xlsx</value>
            </ns0:field>
            <ns0:field type="field">
                <id>WUT7c4a771eabb94fc28798244686d36e81</id>
                <owner>elektrobot</owner>
                <affiliationowner>WE</affiliationowner>
                <key>orcid_access_token</key>
                <value>b659881f-0f29-436c-86a3-03573b8e141d</value>
            </ns0:field>
        </ns0:author>
        <totalAuthorsNo>3</totalAuthorsNo>
        <title>Applying artificial intelligence techniques in computed tomography for supporting liver cancer diagnosis</title>
        <ns0:language type="language">
            <id>WEITI-bc90626b-ed19-490f-b9c3-daf0bffd1760</id>
            <owner>admin</owner>
            <affiliationowner>IN</affiliationowner>
            <code>en</code>
            <iso2>eng</iso2>
            <namePL>angielski</namePL>
            <nameEN>English</nameEN>
            <ns0:field type="field">
                <id>WUT7011e8e4e6f74b38a2ca632b6de071e5</id>
                <owner>PbnIntegrator</owner>
                <affiliationowner>IN</affiliationowner>
                <key>pbn_639-2</key>
                <value>eng</value>
            </ns0:field>
            <ns0:field type="field">
                <id>WUT73e8cec6538944e383d6282838e2f964</id>
                <owner>PbnIntegrator</owner>
                <affiliationowner>IN</affiliationowner>
                <key>pbn_639-1</key>
                <value>en</value>
            </ns0:field>
            <ns0:field type="field">
                <id>WUT65f08cfa99d14cd9bf5f0d65185ce27d</id>
                <owner>PbnIntegrator</owner>
                <affiliationowner>IN</affiliationowner>
                <key>pbn_pl</key>
                <value>angielski</value>
            </ns0:field>
            <ns0:field type="field">
                <id>WUT108a680882134cf18b2f743d829026b5</id>
                <owner>PbnIntegrator</owner>
                <affiliationowner>IN</affiliationowner>
                <key>pbn_en</key>
                <value>English</value>
            </ns0:field>
            <ns0:field type="field">
                <id>WUT8cbc478cf51c4345a7a1d27ef40339c7</id>
                <owner>PbnIntegrator</owner>
                <affiliationowner>IN</affiliationowner>
                <key>pbn_de</key>
                <value>Englisch</value>
            </ns0:field>
            <ns0:field type="field">
                <id>WUT7cba2fb293374920b434cde356f0ec3a</id>
                <owner>PbnIntegrator</owner>
                <affiliationowner>IN</affiliationowner>
                <key>pbn_fr</key>
                <value>anglais</value>
            </ns0:field>
        </ns0:language>
        <doi>10.1109/paee63906.2024.10701445</doi>
        <collation>1-6</collation>
        <classified xsi:nil="true" />
        <fees type="publicationfees">
            <id>WUTf7ec6a4284be4cadbd31adac5cef0da8</id>
            <owner>178701</owner>
            <affiliationowner>IETSIP</affiliationowner>
            <costFreePublication>false</costFreePublication>
            <researchPotentialFinancialResources>false</researchPotentialFinancialResources>
            <researchOrDevelopmentProjectsFinancialResources>false</researchOrDevelopmentProjectsFinancialResources>
            <other>false</other>
        </fees>
        <pbnIntegration type="integrationinfo">
            <id>WUTe3e8251cc94f4b16bb9baff03ec00b9e</id>
            <lastTransferDate>2025-02-05T12:47:40+0100</lastTransferDate>
            <lastTransferStatus>success</lastTransferStatus>
            <transfer type="transferresult">
                <id>WUT7a2f99373f6b4d9a927afffab33e9e6f</id>
                <objectId>67a34fdbfdbe83448fb6fc9d</objectId>
                <versionId>791a76db-c1be-4e5a-ad29-8961ff1ceb89</versionId>
                <date>2025-02-05T12:47:40+0100</date>
                <returnCode>200</returnCode>
                <ns0:field type="field">
                    <id>WUTac1e235ec4324d5799b8e2b64d273dc4</id>
                    <owner>178701</owner>
                    <affiliationowner>IETSIP</affiliationowner>
                    <key>statements</key>
                    <value>[{"disciplineId":203,"orcid":true,"personOrcidId":"0000-0003-0721-6739","statementDate":"2025-01-09","type":"AUTHOR"}]</value>
                </ns0:field>
            </transfer>
        </pbnIntegration>
        <ns0:field type="field">
            <id>WUT54db9e40b76647d7a724e1d0721f2da1</id>
            <owner>178701</owner>
            <affiliationowner>IETSIP</affiliationowner>
            <key>importId</key>
            <value>1729837427048</value>
        </ns0:field>
        <ns0:field type="field">
            <id>WUT9b65cad571404cce916655ee7613ece9</id>
            <owner>178701</owner>
            <affiliationowner>IETSIP</affiliationowner>
            <key>import_type</key>
            <value>self_import</value>
        </ns0:field>
    </ns0:article>
    