{
    "id": "WUTea79b90ac39b4cd0a2abb6fdd8c9764a",
    "title": "Detection of AI-Generated Emails - A Case Study",
    "created": "2024-10-14T11:08:57.467+02:00",
    "modified": "2025-09-09T23:23:18.803+02:00",
    "language": "en",
    "doi": "10.1145/3664476.3670465",
    "url": "https://doi/10.1145/3664476.3670465",
    "authors": [
        {
            "full_name": "Paweł Gryka",
            "affiliation": null
        },
        {
            "full_name": "Kacper Gradoń",
            "affiliation": null
        },
        {
            "full_name": "Marek Kozłowski",
            "affiliation": null
        },
        {
            "full_name": "Miłosz Kutyła",
            "affiliation": null
        },
        {
            "full_name": "Artur Janicki",
            "affiliation": null
        }
    ],
    "abstract": "This work-in-progress paper investigates the problem of assessing and detecting if a human wrote a text or if a language model generated it. In our case study, we focused on email messages. For the purpose of experiments, we used a combination of publicly available email datasets with our in-house data, containing a total of over 10k emails. Then, we generated their “copies” using large language models (LLMs) with specific prompts. We experimented with various classifiers and feature spaces. We achieved encouraging results, with F1-scores of almost 0.99 for email\nmessages in English and over 0.92 for the ones in Polish, using Random Forest as a classifier. We found that the detection model relied strongly on typographic and orthographic (spelling) imperfections of the analyzed emails and statistics of sentence lengths. We also observed the inferior results obtained for Polish, highlighting a need for research on languages underrepresented in training models.",
    "keywords": "large language model, fake detection, binary classification, natural\nlanguage processing, perplexit"
}