{
    "id": "WUT3730dd1cce4e4f6384746ad688a7c751",
    "title": "Comparison of deep learning approaches to violence detection in videos",
    "created": "2024-10-04T16:46:59.805+02:00",
    "modified": "2025-09-10T00:06:00.069+02:00",
    "language": "en",
    "doi": null,
    "url": "https://pages.mini.pw.edu.pl/~estatic/pliki/PP-RAI_2024_proceedings.pdf",
    "authors": [
        {
            "full_name": "Jacek Mańdziuk",
            "affiliation": null
        },
        {
            "full_name": "Adam Żychowski",
            "affiliation": null
        },
        {
            "full_name": "Mikołaj Małkiński",
            "affiliation": null
        },
        {
            "full_name": "Filip Adamiok",
            "affiliation": null
        },
        {
            "full_name": "Artur Wilkowski",
            "affiliation": null
        }
    ],
    "abstract": "The paper compares six different types of deep learning archi-\ntectures in the problem of detecting violent behavior in videos. The eval-\nuated architectures are 3DCNN, ConvLSTM, LRCN, Xception+LSTM, S3D\nand MViTv2, which cover broad range of network architectural concepts:\n3D convolutions, recurrent networks and transformers. Additionally, there\nis assessed an extent to which transfer learning approach can help to boost\nclassifiers’ performance. Two datasets UCF-Crime and RWF-2000 are used\nfor benchmark. It is shown that the modern transformer architecture MViTv2\ncan show superior results, especially when coupled with careful selection of\ntraining data and a multi-stage application of transfer learning",
    "keywords": "violence detection in videos, human action recognition, trans-\nformer"
}