{
    "id": "WUTb25310d0c85a41f38505f121ca2d2e64",
    "title": "The Tunnel Effect: Building Data Representations in Deep Neural Networks",
    "created": "2024-10-03T12:16:18.519+02:00",
    "modified": "2025-09-10T00:07:32.647+02:00",
    "language": "en",
    "doi": null,
    "url": "https://proceedings.neurips.cc/paper_files/paper/2023/hash/f249db9ab5975586f36df46f8958c008-Abstract-Conference.html",
    "authors": [
        {
            "full_name": "A. Oh",
            "affiliation": null
        },
        {
            "full_name": "T. Neumann",
            "affiliation": null
        },
        {
            "full_name": "A. Globerson",
            "affiliation": null
        },
        {
            "full_name": "K. Saenko",
            "affiliation": null
        },
        {
            "full_name": "M. Hardt",
            "affiliation": null
        },
        {
            "full_name": "S. Levine",
            "affiliation": null
        },
        {
            "full_name": "Wojciech Masarczyk",
            "affiliation": null
        },
        {
            "full_name": "Mateusz Ostaszewski",
            "affiliation": null
        },
        {
            "full_name": "Ehsan Imani",
            "affiliation": null
        },
        {
            "full_name": "Razvan Pascanu",
            "affiliation": null
        },
        {
            "full_name": "Piotr Miłoś",
            "affiliation": null
        },
        {
            "full_name": "Tomasz Trzciński",
            "affiliation": null
        }
    ],
    "abstract_pl": null,
    "abstract_en": null
}