{
    "id": "WUTe57092011f874e15acb6664443d72ba3",
    "title": "Analysis of Dataset Limitations in Semantic Knowledge-Driven Multi-Variant Machine Translation",
    "created": "2024-10-04T16:02:17.186+02:00",
    "modified": "2025-09-09T23:34:37.213+02:00",
    "language": "en",
    "doi": "10.14313/JAMRIS/3-2024/20",
    "url": "https://doi.org/10.14313/JAMRIS/3-2024/20",
    "authors": [
        {
            "full_name": "Marcin Sowański",
            "affiliation": null
        },
        {
            "full_name": "Jakub Hościłowicz",
            "affiliation": null
        },
        {
            "full_name": "Artur Janicki",
            "affiliation": null
        }
    ],
    "abstract_pl": null,
    "abstract_en": null
}