{
    "id": "WUT8daca169b7584bdea39e71dbaf919f24",
    "title": "Modelling Accelerating Acquisition of Teamwork Competences with Transversal Competences and Artificial Intelligence",
    "created": "2024-10-01T11:34:20.984+02:00",
    "modified": "2025-09-09T23:33:30.799+02:00",
    "language": "en",
    "doi": "10.15678/krem.13131",
    "url": "https://doi.org/10.15678/krem.13131",
    "authors": [
        {
            "full_name": "Robert Olszewski",
            "affiliation": null
        },
        {
            "full_name": "Magdalena Graczyk-Kucharska",
            "affiliation": "Poznan University of Technology"
        },
        {
            "full_name": "Joanna Przybyła",
            "affiliation": "Poznan University of Technology"
        },
        {
            "full_name": "Julia Łuszkiewicz",
            "affiliation": "Poznan University of Technology"
        },
        {
            "full_name": "Klaudia Hojka",
            "affiliation": "Poznan University of Technology"
        },
        {
            "full_name": "Małgorzata Spychała",
            "affiliation": "Poznan University of Technology"
        }
    ],
    "abstract_pl": null,
    "abstract_en": null
}