{
    "id": "WUT24e78e77157040ccb695916966bed42c",
    "title": "Toward Task-Driven Satellite Image Super-Resolution",
    "created": "2024-10-02T14:33:39.102+02:00",
    "modified": "2025-09-09T23:26:31.241+02:00",
    "language": "en",
    "doi": null,
    "url": "https://ieeexplore.ieee.org/document/10642397",
    "authors": [
        {
            "full_name": "Maciej Ziaja",
            "affiliation": null
        },
        {
            "full_name": "Paweł Kowaleczko",
            "affiliation": null
        },
        {
            "full_name": "Daniel Kostrzewa",
            "affiliation": null
        },
        {
            "full_name": "Nicolas Longépé",
            "affiliation": null
        },
        {
            "full_name": "Michal Kawulok",
            "affiliation": null
        }
    ],
    "abstract_pl": null,
    "abstract_en": null
}