{
    "id": "WUT2fa9b5eabf264d83b1cad2d4efbf9c1e",
    "title": "Asymmetry index for data and its verification in dimensionality reduction and data visualization",
    "created": "2024-10-17T22:31:13.484+02:00",
    "modified": "2025-09-09T23:20:57.290+02:00",
    "language": "en",
    "doi": "10.1016/j.ins.2024.121405",
    "url": "https://doi/10.1016/j.ins.2024.121405",
    "authors": [
        {
            "full_name": "Dominik Olszewski",
            "affiliation": null
        }
    ],
    "abstract": null,
    "keywords": null
}