{
    "id": "WUT4553f08ea9484442a1c306250e8350c4",
    "title": "Non-Linear Inference Time Intervention: Improving LLM Truthfulness",
    "created": "2024-10-04T15:05:58.684+02:00",
    "modified": "2025-09-09T23:25:11.712+02:00",
    "language": "en",
    "doi": "10.21437/Interspeech.2024-819",
    "url": "https://doi.org/10.21437/Interspeech.2024-819",
    "authors": [
        {
            "full_name": "Jakub Hościłowicz",
            "affiliation": null
        },
        {
            "full_name": "Adam Wiacek",
            "affiliation": "Samsung R&D Institute Poland"
        },
        {
            "full_name": "Jan Chojnacki",
            "affiliation": "Samsung R&D Institute Poland"
        },
        {
            "full_name": "Adam Cieslak",
            "affiliation": "Samsung R&D Institute Poland"
        },
        {
            "full_name": "Leszek Michon",
            "affiliation": "Samsung R&D Institute Poland"
        },
        {
            "full_name": "Artur Janicki",
            "affiliation": null
        }
    ],
    "abstract_pl": null,
    "abstract_en": null
}