{
    "id": "WUTc6ed78d3a2884484ad07fbd1d7c072a6",
    "title": "The use of digital tools in forest tourism and recreation - Experiences from Warsaw agglomeration in Poland",
    "created": "2024-10-16T10:01:24.950+02:00",
    "modified": "2025-09-09T23:32:13.291+02:00",
    "language": "en",
    "doi": "10.1016/j.tfp.2024.100697",
    "url": "https://doi.org/10.1016/j.tfp.2024.100697",
    "authors": [
        {
            "full_name": "Natalia Korcz",
            "affiliation": "Instytut Badawczy LeŜnictwa"
        },
        {
            "full_name": "Mariusz Ciesielski",
            "affiliation": "Instytut Badawczy LeŜnictwa"
        },
        {
            "full_name": "Agnieszka Kamińska",
            "affiliation": "Instytut Badawczy LeŜnictwa"
        },
        {
            "full_name": "Kamil Choromański",
            "affiliation": null
        },
        {
            "full_name": "Dariusz Gotlib",
            "affiliation": null
        },
        {
            "full_name": "Fruzsina Stefan",
            "affiliation": null
        },
        {
            "full_name": "Karolina Taczanowska",
            "affiliation": null
        }
    ],
    "abstract_pl": null,
    "abstract_en": null
}