{
    "id": "WUT42eb7fe8cd06416f824cee8a52c57c18",
    "title": "Introduction to Super-Resolution for Remotely Sensed Hyperspectral Images",
    "created": "2024-10-15T09:30:57.232+02:00",
    "modified": "2025-09-09T23:25:17.187+02:00",
    "language": "en",
    "doi": "10.1007/978-3-031-68106-6_1",
    "url": "https://doi/10.1007/978-3-031-68106-6_1",
    "authors": [
        {
            "full_name": "Michał Kawulok",
            "affiliation": null
        },
        {
            "full_name": "Jolanta Kawulok",
            "affiliation": null
        },
        {
            "full_name": "Bogdan Smolka",
            "affiliation": null
        },
        {
            "full_name": "Emre M. Celebi",
            "affiliation": null
        },
        {
            "full_name": "Paweł Kowaleczko",
            "affiliation": null
        },
        {
            "full_name": "Maciej Ziaja",
            "affiliation": null
        },
        {
            "full_name": "Daniel Kostrzewa",
            "affiliation": null
        },
        {
            "full_name": "Michal Kawulok",
            "affiliation": null
        }
    ],
    "abstract": "Super-resolution stands as one of the most prominent research areas in computer vision, aiming to augment the resolution of digital images. The majority of current state-of-the-art techniques rely on deep neural networks. While many of these are tailored for grayscale or natural color images, only a fraction are specifically designed for hyperspectral images, such as those captured by satellites. This chapter provides an overview of super-resolution methods designed for satellite hyperspectral imagery. Initially, the chapter outlines super-resolution for natural color images along with the most popular approaches, loss functions, hyperspectral datasets, and evaluation methods. Subsequently, the focus shifts to techniques specifically devised for hyperspectral imagery. These encompass single-image super-resolution, hyperspectral and multispectral image fusion, pansharpening, and multi-image super-resolution.",
    "keywords": null
}