{
    "id": "WUT17940f2d78b34d438c3203e45f30b921",
    "title": "Gini-stable Lorenz curves and their relation to the generalised Pareto distribution",
    "created": "2024-10-09T10:10:23.106+02:00",
    "modified": "2025-09-09T23:29:43.826+02:00",
    "language": "en",
    "doi": "10.1016/j.joi.2024.101499",
    "url": "https://doi/10.1016/j.joi.2024.101499",
    "authors": [
        {
            "full_name": "Lucio Bertoli-Barsotti",
            "affiliation": null
        },
        {
            "full_name": "Marek Gągolewski",
            "affiliation": "Systems Research Institute of the Polish Academy of Sciences"
        },
        {
            "full_name": "Grzegorz Siudem",
            "affiliation": null
        },
        {
            "full_name": "Barbara Żogała-Siudem",
            "affiliation": null
        }
    ],
    "abstract": "<p>We introduce an iterative discrete information production process where we can extend ordered normalised vectors by new elements based on a simple affine transformation, while preserving the predefined level of inequality, G, as measured by the Gini index. Then, we derive the family of empirical Lorenz curves of the corresponding vectors and prove that it is stochastically ordered with respect to both the sample size and G which plays the role of the uncertainty parameter. We prove that asymptotically, we obtain all, and only, Lorenz curves generated by a new, intuitive parametrisation of the finite-mean Pickands' Generalised Pareto Distribution (GPD) that unifies three other families, namely: the Pareto Type II, exponential, and scaled beta distributions. The family is not only totally ordered with respect to the parameter G, but also, thanks to our derivations, has a nice underlying interpretation. Our result may thus shed a new light on the genesis of this family of distributions. Our model fits bibliometric, informetric, socioeconomic, and environmental data reasonably well. It is quite user-friendly for it only depends on the sample size and its Gini index.</p>",
    "keywords": null
}