{
    "id": "WUT28c9deb8442e47ff9f769cdfcc4e56b9",
    "title": "Impact of Spelling and Editing Correctness on Detection of LLM-Generated Emails",
    "created": "2024-10-14T14:45:03.734+02:00",
    "modified": "2025-09-09T23:23:20.442+02:00",
    "language": "en",
    "doi": "10.15439/2024F8906",
    "url": "https://doi/10.15439/2024F8906",
    "authors": [
        {
            "full_name": "Marek Bolanowski",
            "affiliation": "Rzeszów University of Technology"
        },
        {
            "full_name": "Maria Ganzha",
            "affiliation": "Systems Research Institute of the Polish Academy of Sciences"
        },
        {
            "full_name": "Leszek A. Maciaszek",
            "affiliation": "Wroclaw University of Economics"
        },
        {
            "full_name": "Marcin Paprzycki ",
            "affiliation": "Systems Research Institute of the Polish Academy of Sciences"
        },
        {
            "full_name": "Dominik Ślęzak",
            "affiliation": null
        },
        {
            "full_name": "Maria Ganzha",
            "affiliation": null
        },
        {
            "full_name": "Leszek A. Maciaszek",
            "affiliation": null
        },
        {
            "full_name": "Marcin Paprzycki ",
            "affiliation": null
        },
        {
            "full_name": "Paweł Gryka",
            "affiliation": null
        },
        {
            "full_name": "Kacper Gradoń",
            "affiliation": null
        },
        {
            "full_name": "Marek Kozłowski",
            "affiliation": null
        },
        {
            "full_name": "Miłosz Kutyła",
            "affiliation": null
        },
        {
            "full_name": "Artur Janicki",
            "affiliation": null
        }
    ],
    "abstract": "In this paper, we investigated the impact of spelling  and editing correctness on the accuracy of detection if an  email was written by a human or if it was generated by  a language model. As a dataset, we used a combination of  publicly available email datasets with our in-house data, with  over 10k emails in total. Then, we generated their “copies”  using large language models (LLMs) with specific prompts.\n As a classifier, we used random forest, which yielded the best  results in previous experiments. For English emails, we found  a slight decrease in evaluation metrics if error-related features  were excluded. However, for the Polish emails, the differences  were more significant, indicating a decline in prediction quality  by around 2% relative. The results suggest that the proposed  detection method can be equally effective for English even if  spelling- and grammar-checking tools are used. As for Polish, to  compensate for error-related features, additional measures have  to be undertaken.",
    "keywords": null
}