{
    "id": "WUT590fb128ad1a4476b1d2172a7fa417c1",
    "title": "Fast and accurate approximation algorithms for computing floating point square root",
    "created": "2024-10-02T15:51:40.169+02:00",
    "modified": "2025-09-09T23:32:02.974+02:00",
    "language": "en",
    "doi": "10.1007/s11075-024-01932-7",
    "url": "https://doi.org/10.1007/s11075-024-01932-7",
    "authors": [
        {
            "full_name": "Zbigniew Kokosiński",
            "affiliation": null
        },
        {
            "full_name": "Paweł Gepner",
            "affiliation": null
        },
        {
            "full_name": "Leonid Moroz",
            "affiliation": null
        },
        {
            "full_name": "Volodymyr Samotyy",
            "affiliation": null
        },
        {
            "full_name": "Mariusz Węgrzyn",
            "affiliation": null
        },
        {
            "full_name": "Nataliia Gavkalova",
            "affiliation": null
        }
    ],
    "abstract_pl": null,
    "abstract_en": null
}