{
    "id": "WUT4553f08ea9484442a1c306250e8350c4",
    "title": "Non-Linear Inference Time Intervention: Improving LLM Truthfulness",
    "created": "2024-10-04T15:05:58.684+02:00",
    "modified": "2025-09-09T23:25:11.712+02:00",
    "language": "en",
    "doi": "10.21437/Interspeech.2024-819",
    "url": "https://doi/10.21437/Interspeech.2024-819",
    "authors": [
        {
            "full_name": "Jakub Hościłowicz",
            "affiliation": null
        },
        {
            "full_name": "Adam Wiacek",
            "affiliation": "Samsung R&D Institute Poland"
        },
        {
            "full_name": "Jan Chojnacki",
            "affiliation": "Samsung R&D Institute Poland"
        },
        {
            "full_name": "Adam Cieslak",
            "affiliation": "Samsung R&D Institute Poland"
        },
        {
            "full_name": "Leszek Michon",
            "affiliation": "Samsung R&D Institute Poland"
        },
        {
            "full_name": "Artur Janicki",
            "affiliation": null
        }
    ],
    "abstract": "In this work, we explore LLM's internal representation space to identify attention heads that contain the most truthful and accurate information. We further developed the Inference Time Intervention (ITI) framework, which lets bias LLM without fine-tuning. The improvement manifests in introducing a non-linear multi-token probing and multi-token intervention: Non-Linear ITI (NL-ITI), significantly enhancing performance on evaluation benchmarks. NL-ITI is tested on diverse multiple-choice datasets, including TruthfulQA, on which we report over 14% relative MC1 (accuracy of model pointing to the correct answer) improvement concerning the baseline ITI results. Moreover, we achieved a 10% relative improvement over the recently released Truth Forest (TrFf) method that also focused on ITI improvement.",
    "keywords": null
}