{
    "id": "WUTfab7c642757a43168548796ed0ef646e",
    "title": "Implementing a Process Mining Framework in a Large Commercial Bank Lessons Learned",
    "created": "2024-10-13T20:19:59.606+02:00",
    "modified": "2025-09-09T23:23:15.339+02:00",
    "language": "en",
    "doi": "10.1007/978-3-031-70445-1_32",
    "url": "https://doi/10.1007/978-3-031-70445-1_32",
    "authors": [
        {
            "full_name": "Claudio Di Ciccio",
            "affiliation": null
        },
        {
            "full_name": "Walid Fdhila",
            "affiliation": null
        },
        {
            "full_name": "Simone  Agostinelli",
            "affiliation": null
        },
        {
            "full_name": "Daniel Amyot",
            "affiliation": null
        },
        {
            "full_name": "Henrik Leopold",
            "affiliation": null
        },
        {
            "full_name": "Michal Krčál",
            "affiliation": null
        },
        {
            "full_name": "Monika Malinova Mandelburger",
            "affiliation": null
        },
        {
            "full_name": "Gregor Polančič",
            "affiliation": null
        },
        {
            "full_name": "Katarina Tomičić-Pupek",
            "affiliation": null
        },
        {
            "full_name": "Katarzyna Gdowska",
            "affiliation": null
        },
        {
            "full_name": "Thomas Grisold",
            "affiliation": null
        },
        {
            "full_name": "Piotr Sliż",
            "affiliation": null
        },
        {
            "full_name": "Iris Beerepoot",
            "affiliation": null
        },
        {
            "full_name": "Renata Gabryelczyk",
            "affiliation": null
        },
        {
            "full_name": "Ralf Plattfaut",
            "affiliation": null
        },
        {
            "full_name": "Piotr Gawrysiak",
            "affiliation": null
        },
        {
            "full_name": "Tomasz Romanowski",
            "affiliation": null
        },
        {
            "full_name": "Olga Kacprzak",
            "affiliation": null
        },
        {
            "full_name": "Kamil Piotr Żbikowski",
            "affiliation": null
        }
    ],
    "abstract": "The paper presents an overview of a corporate initiative aiming to implement process mining methodology in one of the largest Polish commercial banks. This undertaking was started several years ago as a small experimental project and resulted in a creation of a robust process mining framework relying on commercial tools. Our paper presents an overview of the above process, describing key developments and summarizing insights that the organization has been able to gather.",
    "keywords": null
}