{
    "id": "WUT6afaf6c8094c4fcfa7c12222fcde687c",
    "title": "Jamming of optical network operation in physical layer",
    "created": "2024-10-30T09:19:23.364+01:00",
    "modified": "2025-09-09T23:34:26.731+02:00",
    "language": "en",
    "doi": "10.24425/ijet.2024.152084",
    "url": "https://doi.org/10.24425/ijet.2024.152084",
    "authors": [
        {
            "full_name": "Jerzy Siuzdak",
            "affiliation": null
        },
        {
            "full_name": "Marcin Kowalczyk",
            "affiliation": null
        },
        {
            "full_name": "Michał Marzęcki",
            "affiliation": null
        }
    ],
    "abstract_pl": null,
    "abstract_en": null
}