{
    "id": "WUT590fb128ad1a4476b1d2172a7fa417c1",
    "title": "Fast and accurate approximation algorithms for computing floating point square root",
    "created": "2024-10-02T15:51:40.169+02:00",
    "modified": "2025-09-09T23:32:02.974+02:00",
    "language": "en",
    "doi": "10.1007/s11075-024-01932-7",
    "url": "https://doi/10.1007/s11075-024-01932-7",
    "authors": [
        {
            "full_name": "Zbigniew Kokosiński",
            "affiliation": null
        },
        {
            "full_name": "Paweł Gepner",
            "affiliation": null
        },
        {
            "full_name": "Leonid Moroz",
            "affiliation": null
        },
        {
            "full_name": "Volodymyr Samotyy",
            "affiliation": null
        },
        {
            "full_name": "Mariusz Węgrzyn",
            "affiliation": null
        },
        {
            "full_name": "Nataliia Gavkalova",
            "affiliation": null
        }
    ],
    "abstract": "The square root is one of the most used functions in many different engineering and scientific applications. We propose new methods for calculating the square root function that are based on the Newton–Raphson method with Heron iteration. A modification of Heron’s formula combined with an improved selection of the magic constants enables a significant reduction of the maximum relative error (MRE). Simple modifications to the Newton–Raphson formula and the magic number method enable implementation on platforms with limited hardware resources, such as microcontrollers and FPGAs, with variable accuracy. Implementations of new approximation algorithms in the C programming language were carefully tested and evaluated against their software and hardware counterparts on the most popular platforms, e.g., CPUs from Intel, AMD and ARM, GPU from Nvidia and IPU from Graphcore. The proposed numerical algorithms are shown to be superior in terms of computational time, the number of clock cycles, accuracy, MRE, and root mean square deviation.",
    "keywords": null
}