{
    "id": "WUT73f1a203edaf4395ac5cd59c0816e6e1",
    "title": "Mitigating Dimensionality in 2D Rectangle Packing Problem under Reinforcement Learning Schema",
    "created": "2024-10-28T16:00:53.422+01:00",
    "modified": "2025-09-10T00:06:22.621+02:00",
    "language": "en",
    "doi": null,
    "url": null,
    "authors": [
        {
            "full_name": "Jacek Mańdziuk",
            "affiliation": null
        },
        {
            "full_name": "Adam Żychowski",
            "affiliation": null
        },
        {
            "full_name": "Mikołaj Małkiński",
            "affiliation": null
        },
        {
            "full_name": "Waldemar Kołodziejczyk",
            "affiliation": null
        },
        {
            "full_name": "Mariusz Kaleta",
            "affiliation": null
        }
    ],
    "abstract": "This paper explores the application of Reinforcement Learning (RL) to the two-dimensional rectangular strip packing problem. We propose a reduced representation of the state and action spaces that allow us for high granularity. Leveraging UNet architecture and Proximal Policy Optimization (PPO), we achieved a model that is comparable to the MaxRects heuristic. However, our approach has great potential to be generalized to non-rectangular packing problems and complex constraints",
    "keywords": null
}