{
    "id": "WUT6afaf6c8094c4fcfa7c12222fcde687c",
    "title": "Jamming of optical network operation in physical layer",
    "created": "2024-10-30T09:19:23.364+01:00",
    "modified": "2025-09-09T23:34:26.731+02:00",
    "language": "en",
    "doi": "10.24425/ijet.2024.152084",
    "url": "https://doi/10.24425/ijet.2024.152084",
    "authors": [
        {
            "full_name": "Jerzy Siuzdak",
            "affiliation": null
        },
        {
            "full_name": "Marcin Kowalczyk",
            "affiliation": null
        },
        {
            "full_name": "Michał Marzęcki",
            "affiliation": null
        }
    ],
    "abstract": "The paper presents the possibilities of disrupting the operation of optical/optoelectronic telecommunication networks in a physical layer, distinguishing between passive and active attacks. The latter relies on jamming the operation of the optical network, ranging from the deterioration of the quality of service to the complete prevention of transmission. Passive attacks, conversely, are aimed at eavesdropping on\ntransmissions. The paper discusses the various types of attacks, which are specific to the physical layer of optical networks, as well as capabilities of detection and prevention based on the machine learning approach, among others. Finally, a realistic scenario of an active attack using a clip-on coupler has been examined in the context of a local area optical network.\nThe results confirm a very disruptive impact on the transmission quality if the power of the jamming signal is comparable with the power of useful signals.",
    "keywords": "jamming and transmission eavesdropping, optical network security, passive and active attacks; physial layer attacks; prhysical layer attacks; prevention with machine learnig"
}