{
    "id": "WUT17940f2d78b34d438c3203e45f30b921",
    "title": "Gini-stable Lorenz curves and their relation to the generalised Pareto distribution",
    "created": "2024-10-09T10:10:23.106+02:00",
    "modified": "2025-09-09T23:29:43.826+02:00",
    "language": "en",
    "doi": "10.1016/j.joi.2024.101499",
    "url": "https://doi.org/10.1016/j.joi.2024.101499",
    "authors": [
        {
            "full_name": "Lucio Bertoli-Barsotti",
            "affiliation": null
        },
        {
            "full_name": "Marek Gągolewski",
            "affiliation": "Systems Research Institute of the Polish Academy of Sciences"
        },
        {
            "full_name": "Grzegorz Siudem",
            "affiliation": null
        },
        {
            "full_name": "Barbara Żogała-Siudem",
            "affiliation": null
        }
    ],
    "abstract_pl": null,
    "abstract_en": null
}