{
    "id": "WUTaca5bc57ca594f2b95c35751ec123dd4",
    "title": "Multiscale molecular modeling of chromatin with MultiMM: From nucleosomes to the whole genome",
    "created": "2024-10-27T16:27:04.490+01:00",
    "modified": "2025-09-09T23:29:33.141+02:00",
    "language": "en",
    "doi": "10.1016/j.csbj.2024.09.025",
    "url": "https://doi.org/10.1016/j.csbj.2024.09.025",
    "authors": [
        {
            "full_name": "Krzysztof Banecki",
            "affiliation": null
        },
        {
            "full_name": "Dariusz Plewczyński",
            "affiliation": null
        },
        {
            "full_name": "Sevastianos Korsak",
            "affiliation": null
        }
    ],
    "abstract_pl": null,
    "abstract_en": null
}