{
    "id": "WUTa39a7922d4ba4b119c77363f8a42bcec",
    "title": "Applying artificial intelligence techniques in computed tomography for supporting liver cancer diagnosis",
    "created": "2024-10-25T08:24:04.074+02:00",
    "modified": "2025-09-09T23:24:02.889+02:00",
    "language": "en",
    "doi": "10.1109/paee63906.2024.10701445",
    "url": "https://doi/10.1109/paee63906.2024.10701445",
    "authors": [
        {
            "full_name": "Justyna Budzyńska",
            "affiliation": null
        },
        {
            "full_name": "Maria Kujawa",
            "affiliation": null
        },
        {
            "full_name": "Radosław Roszczyk",
            "affiliation": null
        }
    ],
    "abstract": null,
    "keywords": null
}