{
    "id": "WUT44679da7514146858c9a437671be57cb",
    "title": "Investigating strangeness enhancement with multiplicity in pp collisions using angular correlations",
    "created": "2024-10-10T09:01:33.833+02:00",
    "modified": "2025-09-09T23:27:13.897+02:00",
    "language": "en",
    "doi": "10.1007/JHEP09(2024)204",
    "url": "https://doi/10.1007/JHEP09(2024)204",
    "authors": [
        {
            "full_name": "S. Acharya",
            "affiliation": null
        },
        {
            "full_name": "Pritam Chakraborty",
            "affiliation": null
        },
        {
            "full_name": "Zuzanna Anna Chochulska",
            "affiliation": null
        },
        {
            "full_name": "Maciej Czarnynoga",
            "affiliation": null
        },
        {
            "full_name": "Jan Dubiński",
            "affiliation": null
        },
        {
            "full_name": "Łukasz Graczykowski",
            "affiliation": null
        },
        {
            "full_name": "Katarzyna Gwiździel",
            "affiliation": null
        },
        {
            "full_name": "Monika Jakubowska",
            "affiliation": null
        },
        {
            "full_name": "Małgorzata Janik",
            "affiliation": null
        },
        {
            "full_name": "Maja Karwowska",
            "affiliation": null
        },
        {
            "full_name": "Adam Kisiel",
            "affiliation": null
        },
        {
            "full_name": "Georgy Kornakov",
            "affiliation": null
        },
        {
            "full_name": "Monika Kutyła",
            "affiliation": null
        },
        {
            "full_name": "Shirajum Monira",
            "affiliation": null
        },
        {
            "full_name": "Julian Myrcha",
            "affiliation": null
        },
        {
            "full_name": "Piotr Nowakowski",
            "affiliation": null
        },
        {
            "full_name": "Janusz Oleniacz",
            "affiliation": null
        },
        {
            "full_name": "Przemysław Rokita",
            "affiliation": null
        },
        {
            "full_name": "Krystian Rosłon",
            "affiliation": null
        },
        {
            "full_name": "Daniela Ruggiano",
            "affiliation": null
        },
        {
            "full_name": "Wioleta Rzęsa",
            "affiliation": null
        },
        {
            "full_name": "Maciej Szymkowski",
            "affiliation": null
        },
        {
            "full_name": "Tomasz Trzciński",
            "affiliation": null
        }
    ],
    "abstract": "<p>A study of strange hadron production associated with hard scattering processes and with the underlying event is conducted to investigate the origin of the enhanced production of strange hadrons in small collision systems characterised by large charged-particle multiplicities. For this purpose, the production of the single-strange meson K<sub>S</sub><sup>0</sup> and the double-strange baryon Ξ<sup>±</sup> is measured, in each event, in the azimuthal direction of the highest-p<sub>T</sub> particle (“trigger” particle), related to hard scattering processes, and in the direction transverse to it in azimuth, associated with the underlying event, in pp collisions at s = 5.02 TeV and s = 13 TeV using the ALICE detector at the LHC. The per-trigger yields of K<sub>S</sub><sup>0</sup> and Ξ<sup>±</sup> are dominated by the transverse-to-leading production (i.e., in the direction transverse to the trigger particle), whose contribution relative to the toward-leading production is observed to increase with the event charged-particle multiplicity. The transverse-to-leading and the toward-leading Ξ<sup>±</sup>/K<sub>S</sub><sup>0</sup> yield ratios increase with the multiplicity of charged particles, suggesting that strangeness enhancement with multiplicity is associated with both hard scattering processes and the underlying event. The relative production of Ξ<sup>±</sup> with respect to K<sub>S</sub><sup>0</sup> is higher in transverse-to-leading processes over the whole multiplicity interval covered by the measurement. The K<sub>S</sub><sup>0</sup> and Ξ<sup>±</sup> per-trigger yields and yield ratios are compared with predictions of three different phenomenological models, namely Pythia8.2 with the Monash tune, Pythia8.2 with ropes and EPOS LHC. The comparison shows that none of them can quantitatively describe either the transverse-to-leading or the toward-leading yields of K<sub>S</sub><sup>0</sup> and Ξ<sup>±</sup>.</p>",
    "keywords": null
}