{
    "id": "WUTc20d43d94577435ab5f3e7a48bdb8f97",
    "title": "On the Improvements of Metaheuristic Optimization-Based Strategies for Time Series Structural Break Detection",
    "created": "2024-10-07T17:14:35.127+02:00",
    "modified": "2025-09-09T23:31:39.887+02:00",
    "language": "en",
    "doi": "10.15388/24-INFOR572",
    "url": "https://doi.org/10.15388/24-INFOR572",
    "authors": [
        {
            "full_name": "Agnieszka Jastrzębska",
            "affiliation": null
        },
        {
            "full_name": "Burczaniuk Mateusz",
            "affiliation": null
        }
    ],
    "abstract_pl": null,
    "abstract_en": null
}