{
    "id": "WUT3a1ff259175c428aba3dbf973d2a72e2",
    "title": "ReModels: Quantile Regression Averaging models",
    "created": "2024-10-07T17:28:19.440+02:00",
    "modified": "2025-09-09T23:22:26.362+02:00",
    "language": "en",
    "doi": "10.1016/j.softx.2024.101905",
    "url": "https://doi/10.1016/j.softx.2024.101905",
    "authors": [
        {
            "full_name": "Grzegorz Zakrzewski",
            "affiliation": null
        },
        {
            "full_name": "Kacper Skonieczka",
            "affiliation": null
        },
        {
            "full_name": "Mikołaj Małkiński",
            "affiliation": null
        },
        {
            "full_name": "Jacek Mańdziuk",
            "affiliation": null
        }
    ],
    "abstract": "Electricity price forecasts are essential for making informed business decisions within the electricity markets.\nProbabilistic forecasts, which provide a range of possible future prices rather than a single estimate, are\nparticularly valuable for capturing market uncertainties. The Quantile Regression Averaging (QRA) method\nis a leading approach to generating these probabilistic forecasts. In this paper, we introduce ReModels, a\ncomprehensive Python package that implements QRA and its various modifications from recent literature. This\npackage not only offers tools for QRA but also includes features for data acquisition, preparation, and variance\nstabilizing transformations (VSTs). To the best of our knowledge, there is no publicly available implementation\nof QRA and its variants. Our package aims to fill this gap, providing researchers and practitioners with the\ntools to generate accurate and reliable probabilistic forecasts in the field of electricity price forecasting.",
    "keywords": "Machine learning, Energy price forecasting, Probabilistic forecasting, Quantile regression, Quantile regression averaging, QRA"
}