{
    "id": "WUT53e5a6535c64427da40c5cdd47c7154a",
    "title": "Communicative Agents for Software Project Management and System Development",
    "created": "2024-10-20T11:03:04.193+02:00",
    "modified": "2025-09-09T23:23:06.322+02:00",
    "language": "en",
    "doi": null,
    "url": "http://www.mdai.cat/mdai2024/proc.MDAI.2024.usb.isbn.pdf",
    "authors": [
        {
            "full_name": "Vicenc Torra",
            "affiliation": null
        },
        {
            "full_name": "Yasuo Narukawa",
            "affiliation": null
        },
        {
            "full_name": "Hiroaki Kikuchi",
            "affiliation": null
        },
        {
            "full_name": "Konrad Cinkusz",
            "affiliation": null
        },
        {
            "full_name": "Jarosław Chudziak",
            "affiliation": null
        }
    ],
    "abstract": null,
    "keywords": null
}