{
    "id": "WUTfc89036704854281b471858bd71e73d4",
    "title": "Zastosowania sztucznej inteligencji do przetwarzania danych multimedialnych w praktyce",
    "created": "2024-10-02T11:02:30.335+02:00",
    "modified": "2025-09-09T23:23:58.357+02:00",
    "language": "pl",
    "doi": null,
    "url": null,
    "authors": [
        {
            "full_name": "Fabrizio Giulimondi",
            "affiliation": null
        },
        {
            "full_name": "Paweł Lewandowski",
            "affiliation": null
        },
        {
            "full_name": "Piotr Bilski",
            "affiliation": null
        },
        {
            "full_name": "Jacek Olejnik",
            "affiliation": null
        }
    ],
    "abstract_pl": null,
    "abstract_en": null
}