{
    "id": "WUT649d660ed9a54acea31c164d6fcd8864",
    "title": "Measurement of inclusive charged-particle jet production in pp and Pb collisions at √sNN = 5.02 TeV",
    "created": "2024-10-04T17:05:01.006+02:00",
    "modified": "2025-09-09T23:27:34.739+02:00",
    "language": "en",
    "doi": "10.1007/JHEP05(2024)041",
    "url": "https://doi/10.1007/JHEP05(2024)041",
    "authors": [
        {
            "full_name": "S. Acharya",
            "affiliation": null
        },
        {
            "full_name": "Jan Dubiński",
            "affiliation": null
        },
        {
            "full_name": "Łukasz Graczykowski",
            "affiliation": null
        },
        {
            "full_name": "Katarzyna Gwiździel",
            "affiliation": null
        },
        {
            "full_name": "Md Rihan Haque",
            "affiliation": null
        },
        {
            "full_name": "Monika Jakubowska",
            "affiliation": null
        },
        {
            "full_name": "Małgorzata Janik",
            "affiliation": null
        },
        {
            "full_name": "Maja Karwowska",
            "affiliation": null
        },
        {
            "full_name": "Przemysław Karczmarczyk",
            "affiliation": null
        },
        {
            "full_name": "Adam Kisiel",
            "affiliation": null
        },
        {
            "full_name": "Georgy Kornakov",
            "affiliation": null
        },
        {
            "full_name": "Shirajum Monira",
            "affiliation": null
        },
        {
            "full_name": "Julian Myrcha",
            "affiliation": null
        },
        {
            "full_name": "Piotr Nowakowski",
            "affiliation": null
        },
        {
            "full_name": "Janusz Oleniacz",
            "affiliation": null
        },
        {
            "full_name": "Przemysław Rokita",
            "affiliation": null
        },
        {
            "full_name": "Krystian Rosłon",
            "affiliation": null
        },
        {
            "full_name": "Daniela Ruggiano",
            "affiliation": null
        },
        {
            "full_name": "Wioleta Rzęsa",
            "affiliation": null
        },
        {
            "full_name": "Maciej Szymkowski",
            "affiliation": null
        },
        {
            "full_name": "Tomasz Trzciński",
            "affiliation": null
        }
    ],
    "abstract": "<p>Measurements of inclusive charged-particle jet production in pp and p-Pb collisions at center-of-mass energy per nucleon-nucleon collision s<sub>NN</sub> = 5.02 TeV and the corresponding nuclear modification factor R<sub>pPb</sub><sup>chjet</sup> are presented, using data collected with the ALICE detector at the LHC. Jets are reconstructed in the central rapidity region |η<sub>jet</sub>| < 0.5 from charged particles using the anti-k<sub>T</sub> algorithm with resolution parameters R = 0.2, 0.3, and 0.4. The p<sub>T</sub>-differential inclusive production cross section of charged-particle jets, as well as the corresponding cross section ratios, are reported for pp and p-Pb collisions in the transverse momentum range 10 <p<sub>T,jet</sub><sup>ch</sup>< 140 GeV/c and 10 <p<sub>T,jet</sub><sup>ch</sup>< 160 GeV/c, respectively, together with the nuclear modification factor R<sub>pPb</sub><sup>chjet</sup> in the range 10 <p<sub>T,jet</sub><sup>ch</sup>< 140 GeV/c. The analysis extends the p<sub>T</sub> range of the previously-reported charged-particle jet measurements by the ALICE Collaboration. The nuclear modification factor is found to be consistent with one and independent of the jet resolution parameter with the improved precision of this study, indicating that the possible influence of cold nuclear matter effects on the production cross section of charged-particle jets in p-Pb collisions at s<sub>NN</sub> = 5.02 TeV is smaller than the current precision. The obtained results are in agreement with other minimum bias jet measurements available for RHIC and LHC energies, and are well reproduced by the NLO perturbative QCD Powheg calculations with parton shower provided by Pythia8 as well as by Jetscape simulations.</p>",
    "keywords": null
}