{
    "id": "WUT68b4685aa17e432d8a1e28536788eb38",
    "title": "Neural Network-Based Approach to Eye Disease Classification from Fundus Images",
    "created": "2024-10-25T08:25:34.818+02:00",
    "modified": "2025-09-09T23:24:24.384+02:00",
    "language": "en",
    "doi": "10.1109/cpee64152.2024.10720421",
    "url": "https://doi/10.1109/cpee64152.2024.10720421",
    "authors": [
        {
            "full_name": "Maciej Dragun",
            "affiliation": null
        },
        {
            "full_name": "Radosław Roszczyk",
            "affiliation": null
        }
    ],
    "abstract": "Sense of sight is fundamental in one’s life, and one can hardly imagine living without it. However, in modern times, eye diseases can develop relatively early and, without a timely reaction, can lead to severe eyesight degradation or even loss. Fundus photography is widely used in ophthalmology and can be obtained with little effort. Their analysis can reveal symptoms of various diseases. However, a tedious and non-trivial process must be performed by a specialist, which increases the method’s cost and complexity and becomes a significant hurdle in developing countries. Various works have proposed using convolutional neural networks (CNNs) to detect eye diseases automatically. While one-class classification approaches bring satisfying results, multi-class problems are much more challenging. The subject paper explores transfer learning with various CNN architectures with the goal of creating an effective model for the multi-class classification of ophthalmic diseases. Due to the nature of medical data, where certain diseases are much rarer than others, much effort was put into data augmentation.",
    "keywords": null
}