{
    "id": "WUT8a37fd9089ba409fbd14067453b20145",
    "title": "Unconditional Token Forcing: Extracting Text Hidden Within LLM",
    "created": "2024-10-14T15:13:52.383+02:00",
    "modified": "2025-09-09T23:23:28.764+02:00",
    "language": "en",
    "doi": "10.15439/2024F4511",
    "url": "https://doi/10.15439/2024F4511",
    "authors": [
        {
            "full_name": "Marek Bolanowski",
            "affiliation": "Rzeszów University of Technology"
        },
        {
            "full_name": "Maria Ganzha",
            "affiliation": "Systems Research Institute of the Polish Academy of Sciences"
        },
        {
            "full_name": "Leszek A. Maciaszek",
            "affiliation": "Wroclaw University of Economics"
        },
        {
            "full_name": "Marcin Paprzycki ",
            "affiliation": "Systems Research Institute of the Polish Academy of Sciences"
        },
        {
            "full_name": "Dominik Ślęzak",
            "affiliation": null
        },
        {
            "full_name": "Maria Ganzha",
            "affiliation": null
        },
        {
            "full_name": "Leszek A. Maciaszek",
            "affiliation": null
        },
        {
            "full_name": "Marcin Paprzycki ",
            "affiliation": null
        },
        {
            "full_name": "Jakub Hościłowicz",
            "affiliation": null
        },
        {
            "full_name": "Paweł Popiołek",
            "affiliation": null
        },
        {
            "full_name": "Jan Rudkowski",
            "affiliation": null
        },
        {
            "full_name": "Jędrzej Bieniasz",
            "affiliation": null
        },
        {
            "full_name": "Artur Janicki",
            "affiliation": null
        }
    ],
    "abstract": "With the help of simple fine-tuning, one can artif icially embed hidden text into large language models (LLMs).  This text is revealed only when triggered by a specific query to  the LLM. Two primary applications are LLM fingerprinting and  steganography. In the context of LLM fingerprinting, a unique  text identifier (fingerprint) is embedded within the model to verify  licensing compliance. In the context of steganography, the LLM  serves as a carrier for hidden messages that can be disclosed  through a designated trigger.\n Our work demonstrates that while embedding hidden text in  the LLM via fine-tuning may initially appear secure, due to vast amount of possible triggers, it is susceptible to extraction through  analysis of the LLM output decoding process. We propose a  novel approach to extraction called Unconditional Token Forcing.\n It is premised on the hypothesis that iteratively feeding each  token from the LLM’s vocabulary into the model should reveal  sequences with abnormally high token probabilities, indicating  potential embedded text candidates. Additionally, our experiments show that when the first token of a hidden fingerprint  is used as an input, the LLM not only produces an output  sequence with high token probabilities, but also repetitively  generates the fingerprint itself. Code is available at github.com/jhoscilowic/zurek-stegano.",
    "keywords": null
}