{
    "id": "WUT24e78e77157040ccb695916966bed42c",
    "title": "Toward Task-Driven Satellite Image Super-Resolution",
    "created": "2024-10-02T14:33:39.102+02:00",
    "modified": "2025-09-09T23:26:31.241+02:00",
    "language": "en",
    "doi": null,
    "url": "https://ieeexplore.ieee.org/document/10642397",
    "authors": [
        {
            "full_name": "Maciej Ziaja",
            "affiliation": null
        },
        {
            "full_name": "Paweł Kowaleczko",
            "affiliation": null
        },
        {
            "full_name": "Daniel Kostrzewa",
            "affiliation": null
        },
        {
            "full_name": "Nicolas Longépé",
            "affiliation": null
        },
        {
            "full_name": "Michal Kawulok",
            "affiliation": null
        }
    ],
    "abstract": "Super-resolution is aimed at reconstructing high-resolution images from low-resolution observations. State-of-the-art approaches underpinned with deep learning allow for obtaining outstanding results, generating images of high perceptual quality. However, it often remains unclear whether the reconstructed details are close to the actual ground-truth information and whether they constitute a more valuable source for image analysis algorithms. In the reported work, we address the latter problem, and we present our efforts toward learning super-resolution algorithms in a task-driven way to make them suitable for generating high-resolution images that can be exploited for automated image analysis. In the reported initial research, we propose a methodological approach for assessing the existing models that perform computer vision tasks in terms of whether they can be used for evaluating super-resolution reconstruction algorithms, as well as training them in a task-driven way. We support our analysis with experimental study and we expect it to establish a solid foundation for selecting appropriate computer vision tasks that will advance the capabilities of real-world super-resolution.",
    "keywords": null
}