{
    "id": "WUT6122c1c5e2df499682ce6e4b2f9b7762",
    "title": "Advancements and future directions in single-cell Hi-C based 3D chromatin modeling",
    "created": "2024-10-27T16:23:35.144+01:00",
    "modified": "2025-09-09T23:29:31.780+02:00",
    "language": "en",
    "doi": "10.1016/j.csbj.2024.09.026",
    "url": "https://doi.org/10.1016/j.csbj.2024.09.026",
    "authors": [
        {
            "full_name": "Krzysztof Banecki",
            "affiliation": null
        },
        {
            "full_name": "Dariusz Plewczyński",
            "affiliation": null
        },
        {
            "full_name": "Sevastianos Korsak",
            "affiliation": null
        }
    ],
    "abstract_pl": null,
    "abstract_en": null
}