{
    "id": "WUT80e096bf3fbc482e90da09ec87072069",
    "title": "Hidformer: Transformer-Style Neural Network in Stock Price Forecasting",
    "created": "2024-10-22T12:59:22.780+02:00",
    "modified": "2025-09-09T23:24:49.014+02:00",
    "language": "en",
    "doi": null,
    "url": "http://www.mdai.cat/mdai2024/proc.MDAI.2024.usb.isbn.pdf",
    "authors": [
        {
            "full_name": "Vicenc Torra",
            "affiliation": null
        },
        {
            "full_name": "Yasuo Narukawa",
            "affiliation": null
        },
        {
            "full_name": "Hiroaki Kikuchi",
            "affiliation": null
        },
        {
            "full_name": "Kamil L. Szydłowski",
            "affiliation": null
        },
        {
            "full_name": "Jarosław Chudziak",
            "affiliation": null
        }
    ],
    "abstract": "This paper investigates the application of Transformer-based\nneural networks to stock price forecasting, with a special focus on the\nintersection of machine learning techniques and financial market analysis. The evolution of Transformer models, from their inception to their\nadaptation for time series analysis in financial contexts, is reviewed and\ndiscussed. Central to our study is the exploration of the Hidformer model,\nwhich is currently recognized for its promising performance in time series prediction. The primary aim of this paper is to determine whether\nHidformer will also prove itself in the task of stock price prediction. This\nslightly modified model serves as the framework for our experiments,\nintegrating the principles of technical analysis with advanced machine\nlearning concepts to enhance stock price prediction accuracy. We conduct an evaluation of the Hidformer model’s performance, using a set of\ncriteria to determine its efficacy. Our findings offer additional insights\ninto the practical application of Transformer architectures in financial\ntime series forecasting, highlighting their potential to improve algorithmic trading strategies, including human decision making.",
    "keywords": "Time-series forecasting · Stock index prediction · Neural\nNetworks · Deep learning · Transformer."
}