{
    "id": "WUT353c269e134745718a35878efde3bd76",
    "title": "Improved Small-Footprint ASR-Based Solution for Open Vocabulary Keyword Spotting",
    "created": "2024-10-14T10:55:42.926+02:00",
    "modified": "2025-09-09T23:34:00.990+02:00",
    "language": "en",
    "doi": "10.1109/access.2024.3421605",
    "url": "https://doi/10.1109/access.2024.3421605",
    "authors": [
        {
            "full_name": "Mikołaj Pudo",
            "affiliation": "Samsung Electronics Polska Sp. z o.o."
        },
        {
            "full_name": "Mateusz Wosik",
            "affiliation": "Samsung Electronics Polska Sp. Z O.o."
        },
        {
            "full_name": "Artur Janicki",
            "affiliation": null
        }
    ],
    "abstract": "This article presents an improved solution to the open vocabulary keyword spotting task with the keyword given by text. This solution is based on the acoustic model and unigram language model \narchitectures. Such models are commonly used in the automatic speech recognition task. However, they can also be minimized and deployed to mobile devices while preserving the ability to transcribe extensive vocabulary data. Our improvements can be applied to any type of sequence-to-sequence model architecture generating token probabilities.\nFurthermore, they do not increase the latency since they are applied to the acoustic model output. \nWe propose three modifications: \n1) leveraging multiple hypotheses generated by the beam search algorithm, \n2) modifying the method of the language model initialization, and \n3) smoothing the acoustic model outputs.\n\n We evaluated those improvements on the public testsets (MOCKS: Multilingual Open Custom Keyword Spotting Testset and Google Speech Commands) with an exemplary highly compressed acoustic model. A comparison of the results with the baseline solution revealed an equal error rate reduction of 1.6–1.7% relative to the test set.",
    "keywords": "Acoustic model, custom keyword spotting, language model, on-device keyword spotting, open vocabulary keyword spotting, query-by-text"
}