{
    "id": "WUT13d0d8c047964f6d992d6d5c6514ae23",
    "title": "Synergy of remote sensing data collected with low-cost mobile mapping platform for detection and prediction of damages: a park alley case study",
    "created": "2024-10-11T11:51:55.612+02:00",
    "modified": "2025-09-09T23:33:40.106+02:00",
    "language": "en",
    "doi": "10.24425/ace.2024.151006",
    "url": "https://doi.org/10.24425/ace.2024.151006",
    "authors": [
        {
            "full_name": "Magdalena Pilarska-Mazurek",
            "affiliation": null
        },
        {
            "full_name": "Krzysztof Bakuła",
            "affiliation": null
        },
        {
            "full_name": "Jakub Górka",
            "affiliation": null
        },
        {
            "full_name": "Paweł Czernic",
            "affiliation": null
        },
        {
            "full_name": "Anna Lejzerowicz",
            "affiliation": null
        },
        {
            "full_name": "Wojciech Ostrowski",
            "affiliation": null
        },
        {
            "full_name": "Borys Chetverikov",
            "affiliation": "Lviv Polytechnic National University"
        }
    ],
    "abstract_pl": null,
    "abstract_en": null
}