{
    "id": "WUTb6d05ffc2c7043c49763983a64bee800",
    "title": "Hall of Fame in Coevolutionary Algorithm for Stackelberg Security Games",
    "created": "2024-10-10T22:00:59.499+02:00",
    "modified": "2025-09-10T00:06:36.521+02:00",
    "language": "en",
    "doi": null,
    "url": "https://pages.mini.pw.edu.pl/~estatic/pliki/PP-RAI_2024_proceedings.pdf",
    "authors": [
        {
            "full_name": "Jacek Mańdziuk",
            "affiliation": null
        },
        {
            "full_name": "Adam Żychowski",
            "affiliation": null
        },
        {
            "full_name": "Mikołaj Małkiński",
            "affiliation": null
        },
        {
            "full_name": "Adam Żychowski",
            "affiliation": null
        },
        {
            "full_name": "Jacek Mańdziuk",
            "affiliation": null
        },
        {
            "full_name": "Andrew Perrault",
            "affiliation": "The Ohio State University, Columbus, USA"
        }
    ],
    "abstract": null,
    "keywords": null
}