{
    "id": "WUT13d0d8c047964f6d992d6d5c6514ae23",
    "title": "Synergy of remote sensing data collected with low-cost mobile mapping platform for detection and prediction of damages: a park alley case study",
    "created": "2024-10-11T11:51:55.612+02:00",
    "modified": "2025-09-09T23:33:40.106+02:00",
    "language": "en",
    "doi": "10.24425/ace.2024.151006",
    "url": "https://doi/10.24425/ace.2024.151006",
    "authors": [
        {
            "full_name": "Magdalena Pilarska-Mazurek",
            "affiliation": null
        },
        {
            "full_name": "Krzysztof Bakuła",
            "affiliation": null
        },
        {
            "full_name": "Jakub Górka",
            "affiliation": null
        },
        {
            "full_name": "Paweł Czernic",
            "affiliation": null
        },
        {
            "full_name": "Anna Lejzerowicz",
            "affiliation": null
        },
        {
            "full_name": "Wojciech Ostrowski",
            "affiliation": null
        },
        {
            "full_name": "Borys Chetverikov",
            "affiliation": "Lviv Polytechnic National University"
        }
    ],
    "abstract": "Data synergy involves acquiring and combining data from different sensors to achieve better problem analysis and research results. For more comprehensive data analysis, the sensors are not only\nmounted on one platform. Still, they should also be compatible with software and hardware, e.g. for the same timestamp registration by different sensors. The aim of this article is to propose the synergy between various remote sensing sensors including the ground penetrating radar (GPR), LiDAR (Light Detection and Ranging) sensor and three photogrammetric RGB cameras for damage detection in a pavement in a park alley. The data were acquired with a low-cost platform, in the Pole Mokotowskie Park in Warsaw, Poland.\nThree drives were made along the same path with the platform, so it was possible to assess the repeatability of the data. Based on the GPR data, orthophotomap, and digital terrain model (DTM) from images, an analysis of the cracks in the pavement was done. The paper proves additive value from the synergy of data collected for the alley also in the form of a common visualization of acquired data. Results presented in the article showed that using mobile mapping platform and technologies describing the situation above and below the ground level enable a more detailed analysis and inspection of the damages in the park alley.",
    "keywords": "damage detection, data integration, data visualization, GPR, LiDAR, non-destructive investigations"
}