{
    "id": "WUTd080d469a08340e3841ce627e96c4562",
    "title": "Hyperspectral Image Super-Resolution: Task-Based Evaluation",
    "created": "2024-10-09T10:50:11.324+02:00",
    "modified": "2025-09-09T23:31:53.260+02:00",
    "language": "en",
    "doi": "10.1109/jstars.2024.3475644",
    "url": "https://doi/10.1109/jstars.2024.3475644",
    "authors": [
        {
            "full_name": "Michal Kawulok",
            "affiliation": null
        },
        {
            "full_name": "Paweł Kowaleczko",
            "affiliation": null
        },
        {
            "full_name": "Maciej Ziaja",
            "affiliation": null
        },
        {
            "full_name": "Jakub Nalepa",
            "affiliation": null
        },
        {
            "full_name": "Daniel Kostrzewa",
            "affiliation": null
        },
        {
            "full_name": "Daniele Latini",
            "affiliation": null
        },
        {
            "full_name": "Davide De Santis",
            "affiliation": null
        },
        {
            "full_name": "Giorgia Salvucci",
            "affiliation": null
        },
        {
            "full_name": "Ilaria Petracca",
            "affiliation": null
        },
        {
            "full_name": "Valeria La Pegna",
            "affiliation": null
        },
        {
            "full_name": "Zoltan Bartalis",
            "affiliation": null
        },
        {
            "full_name": "Fabio Del Frate",
            "affiliation": null
        }
    ],
    "abstract": "The need for enhancing image spatial resolution has motivated the researchers to propose numerous super-resolution techniques, including those developed specifically for hyperspectral data. Despite significant advancements in this field attributed to deep learning, little attention has been given to evaluating the practical value of super-resolved images in specific applications. Most methods are validated in application-independent scenarios, often using simulated low-resolution images, resulting in overly optimistic conclusions. In this paper, we propose task-based evaluation strategies for hyperspectral image super-resolution and we present results obtained with various approaches that include pansharpening, multispectral–hyperspectral data fusion, and single-image super-resolution. We demonstrate that the proposed framework allows us to highlight both benefits and limitations of each method and can therefore guide the development of super-resolution techniques suitable for real-world applications.",
    "keywords": null
}