{
    "id": "WUT2f70470c59df4c3dbd19dcba5d0a3bd7",
    "title": "A systematic analyses of different bioinformatics pipelines for genomic data and its impact on deep learning models for chromatin loop prediction",
    "created": "2024-10-27T16:46:55.080+01:00",
    "modified": "2025-09-09T23:33:49.012+02:00",
    "language": "en",
    "doi": "10.1093/bfgp/elae009",
    "url": "https://doi/10.1093/bfgp/elae009",
    "authors": [
        {
            "full_name": "Dariusz Plewczyński",
            "affiliation": null
        },
        {
            "full_name": "Anup Halder",
            "affiliation": null
        },
        {
            "full_name": "Karolina Jodkowska",
            "affiliation": "Centrum Nowych Technologii"
        },
        {
            "full_name": "Abhishek Agarwal",
            "affiliation": "University of Warsaw, Centre of New Technologies"
        }
    ],
    "abstract": "Genomic data analysis has witnessed a surge in complexity and volume, primarily driven by the advent of high-throughput technologies. In particular, studying chromatin loops and structures has become pivotal in understanding gene regulation and genome organization. This systematic investigation explores the realm of specialized bioinformatics pipelines designed specifically for the analysis of chromatin loops and structures. Our investigation incorporates two protein (CTCF and Cohesin) factor-specific loop interaction datasets from six distinct pipelines, amassing a comprehensive collection of 36 diverse datasets. Through a meticulous review of existing literature, we offer a holistic perspective on the methodologies, tools and algorithms underpinning the analysis of this multifaceted genomic feature. We illuminate the vast array of approaches deployed, encompassing pivotal aspects such as data preparation pipeline, preprocessing, statistical features and modelling techniques. Beyond this, we rigorously assess the strengths and limitations inherent in these bioinformatics pipelines, shedding light on the interplay between data quality and the performance of deep learning models, ultimately advancing our comprehension of genomic intricacies.",
    "keywords": "chromatin loop, bioinformatics pipeline, CTCF, Cohesin, deep learning, consensus"
}