{
    "id": "WUTe61370bd4ea44e80931c230f50725189",
    "title": "The Use of Language Models to Support the Development of Cartographic Descriptions of a Building’s Interior",
    "created": "2024-10-16T09:34:44.758+02:00",
    "modified": "2025-09-09T23:32:45.333+02:00",
    "language": "en",
    "doi": "10.3390/app14209343",
    "url": "https://doi.org/10.3390/app14209343",
    "authors": [
        {
            "full_name": "Krzysztof Lipka",
            "affiliation": null
        },
        {
            "full_name": "Dariusz Gotlib",
            "affiliation": null
        },
        {
            "full_name": "Kamil Choromański",
            "affiliation": null
        }
    ],
    "abstract_pl": null,
    "abstract_en": null
}