{
    "id": "WUT2ee49a7364a246de90b773e1c22fbd7a",
    "title": "Measurement of the impact-parameter dependent azimuthal anisotropy in coherent ρ<sup>0</sup> photoproduction in Pb–Pb collisions at s<inf>NN</inf>=5.02 TeV",
    "created": "2024-10-04T16:59:29.510+02:00",
    "modified": "2025-09-09T23:27:41.454+02:00",
    "language": "en",
    "doi": "10.1016/j.physletb.2024.139017",
    "url": "https://doi/10.1016/j.physletb.2024.139017",
    "authors": [
        {
            "full_name": "S. Acharya",
            "affiliation": null
        },
        {
            "full_name": "Pritam Chakraborty",
            "affiliation": null
        },
        {
            "full_name": "Zuzanna Anna Chochulska",
            "affiliation": null
        },
        {
            "full_name": "Maciej Czarnynoga",
            "affiliation": null
        },
        {
            "full_name": "Jan Dubiński",
            "affiliation": null
        },
        {
            "full_name": "Łukasz Graczykowski",
            "affiliation": null
        },
        {
            "full_name": "Katarzyna Gwiździel",
            "affiliation": null
        },
        {
            "full_name": "Monika Jakubowska",
            "affiliation": null
        },
        {
            "full_name": "Małgorzata Janik",
            "affiliation": null
        },
        {
            "full_name": "Maja Karwowska",
            "affiliation": "European Organization for Nuclear Research"
        },
        {
            "full_name": "Adam Kisiel",
            "affiliation": null
        },
        {
            "full_name": "Georgy Kornakov",
            "affiliation": null
        },
        {
            "full_name": "Monika Kutyła",
            "affiliation": null
        },
        {
            "full_name": "Shirajum Monira",
            "affiliation": null
        },
        {
            "full_name": "Julian Myrcha",
            "affiliation": null
        },
        {
            "full_name": "Piotr Nowakowski",
            "affiliation": null
        },
        {
            "full_name": "Janusz Oleniacz",
            "affiliation": null
        },
        {
            "full_name": "Przemysław Rokita",
            "affiliation": null
        },
        {
            "full_name": "Krystian Rosłon",
            "affiliation": null
        },
        {
            "full_name": "Daniela Ruggiano",
            "affiliation": null
        },
        {
            "full_name": "Wioleta Rzęsa",
            "affiliation": null
        },
        {
            "full_name": "Maciej Szymkowski",
            "affiliation": null
        },
        {
            "full_name": "Tomasz Trzciński",
            "affiliation": null
        }
    ],
    "abstract": "<p>This Letter presents the first measurement of the impact-parameter dependent angular anisotropy in the decay of coherently photoproduced ρ<sup>0</sup> mesons. The ρ<sup>0</sup> mesons are reconstructed through their decay into pion pairs. The measured anisotropy corresponds to the amplitude of the cos⁡(2ϕ) modulation, where ϕ is the angle between the two vectors formed by the sum and the difference of the transverse momenta of the pions, respectively. The measurement was performed by the ALICE Collaboration at the LHC using data from ultraperipheral Pb–Pb collisions at a center-of-mass energy of s<sub>NN</sub>=5.02 TeV per nucleon pair. Different impact-parameter regions are selected by classifying the events in nuclear-breakup classes. The amplitude of the cos⁡(2ϕ) modulation is found to increase by about one order of magnitude from large to small impact parameters. Theoretical calculations describe the measured cos⁡(2ϕ) anisotropy and its impact-parameter dependence as the result of a quantum interference effect at the femtometer scale, arising from the ambiguity regarding which of the nuclei is the photon source in the interaction.</p>",
    "keywords": null
}