{
    "id": "WUTe1a058e2cf394d07957576ca737685a2",
    "title": "Recognizing User Emotion Based on Keystroke Dynamics",
    "created": "2024-10-28T12:24:29.475+01:00",
    "modified": "2025-09-09T23:32:58.073+02:00",
    "language": "en",
    "doi": "10.15199/48.2024.06.03",
    "url": "https://doi/10.15199/48.2024.06.03",
    "authors": [
        {
            "full_name": "Michał Malinowski",
            "affiliation": null
        },
        {
            "full_name": "Zuzanna Krawczyk-Borysiak",
            "affiliation": null
        }
    ],
    "abstract": null,
    "keywords": null
}