{
    "id": "WUT43f0cc9103ef43fcb7ecb95c08b34a8a",
    "title": "Adaptive sampling method for network traffic security monitoring based on queuing theory",
    "created": "2024-10-30T09:40:43.252+01:00",
    "modified": "2025-09-09T23:34:33.371+02:00",
    "language": "en",
    "doi": null,
    "url": "https://ijet.pl/index.php/ijet/article/view/10.24425-ijet.2024.152081",
    "authors": [
        {
            "full_name": "Maciej Sosnowski",
            "affiliation": null
        },
        {
            "full_name": "Piotr Wiśniewski",
            "affiliation": null
        }
    ],
    "abstract_pl": null,
    "abstract_en": null
}