{
    "id": "WUT24595cdf9e2d4c10958fda1e6b557595",
    "title": "The joint orchestration of edge applications and UPF CNFs over edge-cloud continuum infrastructure in 6G",
    "created": "2024-10-28T10:02:46.778+01:00",
    "modified": "2025-09-15T10:05:05.345+02:00",
    "language": "en",
    "doi": "10.24425/ijet.2024.152082",
    "url": "https://doi.org/10.24425/ijet.2024.152082",
    "authors": [
        {
            "full_name": "Witold Jóźwiak",
            "affiliation": null
        },
        {
            "full_name": "Andrzej Bęben",
            "affiliation": null
        },
        {
            "full_name": "Maciej Sosnowski",
            "affiliation": null
        }
    ],
    "abstract_pl": null,
    "abstract_en": null
}