{
    "id": "WUT1e1b4a7f043945429445eea09fe54a7b",
    "title": "Equivalence of inequality indices in the three-dimensional model of informetric impact",
    "created": "2024-10-09T10:09:58.786+02:00",
    "modified": "2025-09-09T23:29:42.323+02:00",
    "language": "en",
    "doi": "10.1016/j.joi.2024.101566",
    "url": "https://doi.org/10.1016/j.joi.2024.101566",
    "authors": [
        {
            "full_name": "Lucio Bertoli-Barsotti",
            "affiliation": null
        },
        {
            "full_name": "Marek Gągolewski",
            "affiliation": null
        },
        {
            "full_name": "Grzegorz Siudem",
            "affiliation": null
        },
        {
            "full_name": "Barbara Żogała-Siudem",
            "affiliation": null
        }
    ],
    "abstract_pl": null,
    "abstract_en": null
}