{
    "id": "WUT7733d0a3a9c5483d84d899fa390626a6",
    "title": "A Reactor for Microwave-Assisted Chemistry [Application Notes]",
    "created": "2024-10-08T11:15:29.164+02:00",
    "modified": "2025-09-09T23:32:18.289+02:00",
    "language": "en",
    "doi": "10.1109/mmm.2024.3408074",
    "url": "https://doi/10.1109/mmm.2024.3408074",
    "authors": [
        {
            "full_name": "Przemysław Korpas",
            "affiliation": null
        },
        {
            "full_name": "Magdalena Borowska (Bartosiak)",
            "affiliation": null
        },
        {
            "full_name": "Małgorzata Celuch",
            "affiliation": null
        },
        {
            "full_name": "Daniel Gryglewski",
            "affiliation": null
        },
        {
            "full_name": "Krzysztof Jankowski",
            "affiliation": null
        },
        {
            "full_name": "Sebastian Kozłowski",
            "affiliation": null
        },
        {
            "full_name": "Wojciech Wojtasiak",
            "affiliation": null
        }
    ],
    "abstract": null,
    "keywords": "nanoparticles; electromagnetic heating; microwave technology; solid modeling; shape; microwave ovens; microwave devices; selenium; recycling; optimization"
}