{
    "id": "WUT88fa554691974a53a0c84b7d2363a9f1",
    "title": "Impact of Blockchain Technology on Illegal or Unethical Activities",
    "created": "2024-10-18T11:21:13.358+02:00",
    "modified": "2025-09-09T23:23:54.102+02:00",
    "language": "en",
    "doi": null,
    "url": "https://ibima.org/csconference/43rd-ibima-computer-science-conference/#ffs-tabbed-15",
    "authors": [
        {
            "full_name": "Khalid S. Soliman",
            "affiliation": null
        },
        {
            "full_name": "Jerzy Krawiec",
            "affiliation": null
        },
        {
            "full_name": "Paweł Gepner",
            "affiliation": null
        },
        {
            "full_name": "Leonid Moroz",
            "affiliation": null
        },
        {
            "full_name": "Piotr Górny",
            "affiliation": null
        },
        {
            "full_name": "Maciej Kiedrowicz",
            "affiliation": null
        }
    ],
    "abstract_pl": null,
    "abstract_en": null
}