{
    "id": "WUTe57092011f874e15acb6664443d72ba3",
    "title": "Analysis of Dataset Limitations in Semantic Knowledge-Driven Multi-Variant Machine Translation",
    "created": "2024-10-04T16:02:17.186+02:00",
    "modified": "2025-09-09T23:34:37.213+02:00",
    "language": "en",
    "doi": "10.14313/JAMRIS/3-2024/20",
    "url": "https://doi/10.14313/JAMRIS/3-2024/20",
    "authors": [
        {
            "full_name": "Marcin Sowański",
            "affiliation": null
        },
        {
            "full_name": "Jakub Hościłowicz",
            "affiliation": null
        },
        {
            "full_name": "Artur Janicki",
            "affiliation": null
        }
    ],
    "abstract": "This study explores the implications of dataset limitations in semantic knowledge‐driven machine translation (MT) for intelligent virtual assistants (IVA). Our approach diverges from traditional single‐best translation techniques, utilizing a multivariant MT method that generates multiple valid translations per input sentence through a constrained beam search. This method extends beyond the typical constraints of specific verb ontologies,   embedding within a broader semantic knowledge framework.\nWe evaluate the performance of multivariant MT models in translating training sets for Natural Language Understanding (NLU) models. These models are applied to semantically diverse datasets, including detailed evaluation using the standard MultiATIS++ dataset. The results from this evaluation indicate that while the multivariant MT method is promising, its impact on improving intent classification (IC) accuracy is limited when applied to conventional datasets such as MultiATIS++. However, our findings underscore that the effectiveness of multivariant translation is closely associated with the diversity and suitability of the datasets utilized.\nFinally, we provide an in‐depth analysis focused on generating variant‐aware NLU datasets. This analysis offers guidance on enhancing NLU models through semantically rich and variant‐sensitive datasets, maximizing the advantages of multivariant MT.",
    "keywords": "machine translation, intelligent virtual assistants, natural language understanding"
}