{
    "id": "WUT871bf7570d454eefad1d8be784628f43",
    "title": "Multiplicity-dependent production of Σ(1385)<sup>±</sup> and Ξ(1530)<sup>0</sup> in pp collisions at s = 13 TeV",
    "created": "2024-10-04T17:04:05.065+02:00",
    "modified": "2025-09-09T23:28:20.788+02:00",
    "language": "en",
    "doi": "10.1007/JHEP05(2024)317",
    "url": "https://doi/10.1007/JHEP05(2024)317",
    "authors": [
        {
            "full_name": "S. Acharya",
            "affiliation": null
        },
        {
            "full_name": "Jan Dubiński",
            "affiliation": null
        },
        {
            "full_name": "Łukasz Graczykowski",
            "affiliation": null
        },
        {
            "full_name": "Katarzyna Gwiździel",
            "affiliation": null
        },
        {
            "full_name": "Md Rihan Haque",
            "affiliation": null
        },
        {
            "full_name": "Monika Jakubowska",
            "affiliation": null
        },
        {
            "full_name": "Małgorzata Janik",
            "affiliation": null
        },
        {
            "full_name": "Przemysław Karczmarczyk",
            "affiliation": null
        },
        {
            "full_name": "Maja Karwowska",
            "affiliation": null
        },
        {
            "full_name": "Adam Kisiel",
            "affiliation": null
        },
        {
            "full_name": "Georgy Kornakov",
            "affiliation": null
        },
        {
            "full_name": "Shirajum Monira",
            "affiliation": null
        },
        {
            "full_name": "Julian Myrcha",
            "affiliation": null
        },
        {
            "full_name": "Piotr Nowakowski",
            "affiliation": null
        },
        {
            "full_name": "Janusz Oleniacz",
            "affiliation": null
        },
        {
            "full_name": "Przemysław Rokita",
            "affiliation": null
        },
        {
            "full_name": "Krystian Rosłon",
            "affiliation": null
        },
        {
            "full_name": "Daniela Ruggiano",
            "affiliation": null
        },
        {
            "full_name": "Wioleta Rzęsa",
            "affiliation": null
        },
        {
            "full_name": "Maciej Szymkowski",
            "affiliation": null
        },
        {
            "full_name": "Tomasz Trzciński",
            "affiliation": null
        }
    ],
    "abstract": "<p>The production yields of the Σ(1385)<sup>±</sup> and Ξ(1530)<sup>0</sup> resonances are measured in pp collisions at s = 13 TeV with ALICE. The measurements are performed as a function of the charged-particle multiplicity ⟨dN<sub>ch</sub>/dη⟩, which is related to the energy density produced in the collision. The results include transverse momentum (p<sub>T</sub>) distributions, p<sub>T</sub>-integrated yields, mean transverse momenta of Σ(1385)<sup>±</sup> and Ξ(1530)<sup>0</sup>, as well as ratios of the p<sub>T</sub>-integrated resonance yields relative to yields of other hadron species. The Σ(1385)<sup>±</sup>/π<sup>±</sup> and Ξ(1530)<sup>0</sup>/π<sup>±</sup> yield ratios are consistent with the trend of the enhancement of strangeness production from low to high multiplicity pp collisions, which was previously observed for strange and multi-strange baryons. The yield ratio between the measured resonances and the long-lived baryons with the same strangeness content exhibits a hint of a mild increasing trend at low multiplicity, despite too large uncertainties to exclude the flat behaviour. The results are compared with predictions from models such as EPOS-LHC and PYTHIA 8 with Rope shoving. The latter provides the best description of the multiplicity dependence of the Σ(1385)<sup>±</sup> and Ξ(1530)<sup>0</sup> production in pp collisions at s = 13 TeV.</p>",
    "keywords": null
}