{
    "id": "WUTd5aac37e11284e17aa31df53c8973afc",
    "title": "Coevolutionary Algorithm for Building Robust Decision Trees under Minimax Regret",
    "created": "2024-10-10T10:51:43.041+02:00",
    "modified": "2025-09-09T23:25:08.503+02:00",
    "language": "en",
    "doi": "10.1609/aaai.v38i19.30188",
    "url": "https://doi/10.1609/aaai.v38i19.30188",
    "authors": [
        {
            "full_name": "Wooldridge Michael",
            "affiliation": null
        },
        {
            "full_name": "Dy Jennifer",
            "affiliation": null
        },
        {
            "full_name": "Natarajan Sriraam",
            "affiliation": null
        },
        {
            "full_name": "Adam Żychowski",
            "affiliation": null
        },
        {
            "full_name": "Andrew Perrault",
            "affiliation": "The Ohio State University, Columbus, USA"
        },
        {
            "full_name": "Jacek Mańdziuk",
            "affiliation": null
        }
    ],
    "abstract": null,
    "keywords": null
}