{
    "id": "WUT510adafdc12544378d951c93fdb9fe57",
    "title": "Antenna System for Passive Radar Operating in DVB-T Band",
    "created": "2024-10-28T14:14:26.932+01:00",
    "modified": "2025-09-09T23:25:22.599+02:00",
    "language": "en",
    "doi": "10.23919/MIKON60251.2024.10634003",
    "url": "https://doi.org/10.23919/MIKON60251.2024.10634003",
    "authors": [
        {
            "full_name": "Krzysztof Kulpa",
            "affiliation": null
        },
        {
            "full_name": "Łukasz Januszkiewicz",
            "affiliation": "Lodz University of Technology"
        },
        {
            "full_name": "Karol Kropidłowski",
            "affiliation": "Lodz University of Technology"
        }
    ],
    "abstract_pl": null,
    "abstract_en": null
}