{
    "id": "WUT54c721f34cd24dd7aac164348022f1b3",
    "title": "Towards LLM-augmented multiagent systems for agile software engineering",
    "created": "2024-10-19T11:58:39.417+02:00",
    "modified": "2025-09-09T23:23:07.566+02:00",
    "language": "en",
    "doi": "10.1145/3691620.3695336",
    "url": "https://doi/10.1145/3691620.3695336",
    "authors": [
        {
            "full_name": "Vladimir Filkov",
            "affiliation": null
        },
        {
            "full_name": "Baishakhi Ray",
            "affiliation": null
        },
        {
            "full_name": "Minghui  Zhou",
            "affiliation": null
        },
        {
            "full_name": "Konrad Cinkusz",
            "affiliation": null
        },
        {
            "full_name": "Jarosław Chudziak",
            "affiliation": null
        }
    ],
    "abstract": "A cognitive multi-agent ecosystem designed for efficient software engineering using Agile methodologies can significantly improve software development processes. Key components include the integration of Multi-Agent Systems (MAS) and Large Language Models (LLMs), utilizing Dynamic Context techniques for agent profiling, and Theory of Mind to enhance collaboration. The CogniSim Ecosystem analyzes problems, proposes solutions, constructs and validates plans, and coordinates specialized agents playing roles such as developers, executors, quality checkers, and methodology reviewers. These agents produce documentation, models, and diagrams (e.g., UML) while adhering to predefined quality and performance measures. The ecosystem also simulates the impact of various team configurations on problem-solving effectiveness, helping organizations identify optimal team structures. Case studies and simulations demonstrate its practical applications.",
    "keywords": null
}