{
    "id": "WUT42eb7fe8cd06416f824cee8a52c57c18",
    "title": "Introduction to Super-Resolution for Remotely Sensed Hyperspectral Images",
    "created": "2024-10-15T09:30:57.232+02:00",
    "modified": "2025-09-09T23:25:17.187+02:00",
    "language": "en",
    "doi": "10.1007/978-3-031-68106-6_1",
    "url": "https://doi.org/10.1007/978-3-031-68106-6_1",
    "authors": [
        {
            "full_name": "Michał Kawulok",
            "affiliation": null
        },
        {
            "full_name": "Jolanta Kawulok",
            "affiliation": null
        },
        {
            "full_name": "Bogdan Smolka",
            "affiliation": null
        },
        {
            "full_name": "Emre M. Celebi",
            "affiliation": null
        },
        {
            "full_name": "Paweł Kowaleczko",
            "affiliation": null
        },
        {
            "full_name": "Maciej Ziaja",
            "affiliation": null
        },
        {
            "full_name": "Daniel Kostrzewa",
            "affiliation": null
        },
        {
            "full_name": "Michal Kawulok",
            "affiliation": null
        }
    ],
    "abstract_pl": null,
    "abstract_en": null
}