{
    "id": "WUT24595cdf9e2d4c10958fda1e6b557595",
    "title": "The joint orchestration of edge applications and UPF CNFs over edge-cloud continuum infrastructure in 6G",
    "created": "2024-10-28T10:02:46.778+01:00",
    "modified": "2025-09-15T10:05:05.345+02:00",
    "language": "en",
    "doi": "10.24425/ijet.2024.152082",
    "url": "https://doi/10.24425/ijet.2024.152082",
    "authors": [
        {
            "full_name": "Witold Jóźwiak",
            "affiliation": null
        },
        {
            "full_name": "Andrzej Bęben",
            "affiliation": null
        },
        {
            "full_name": "Maciej Sosnowski",
            "affiliation": null
        }
    ],
    "abstract": "The paper focuses on future 6G mobile systems deployed over the edge-cloud continuum infrastructure. The challenge is designing an effective orchestration method that allocates instances of edge applications and user plane functions, addressing the diverse requirements of involved stakeholders.  \nWe propose, implement, and evaluate new joint orchestration algorithms that take advantage of the abstract representation of edge-cloud continuum resources. The evaluation based on mathematical MILP models and trials in an experimental edge cloud continuum environment confirmed that the proposed joint orchestration outperforms other approaches.",
    "keywords": "orchestration; beyond 5G; 6G networks; edgecloud continuum; MILP; experiments"
}