{
    "id": "WUT43f0cc9103ef43fcb7ecb95c08b34a8a",
    "title": "Adaptive sampling method for network traffic security monitoring based on queuing theory",
    "created": "2024-10-30T09:40:43.252+01:00",
    "modified": "2025-09-09T23:34:33.371+02:00",
    "language": "en",
    "doi": null,
    "url": "https://ijet.pl/index.php/ijet/article/view/10.24425-ijet.2024.152081",
    "authors": [
        {
            "full_name": "Maciej Sosnowski",
            "affiliation": null
        },
        {
            "full_name": "Piotr Wiśniewski",
            "affiliation": null
        }
    ],
    "abstract": "Present network monitoring systems must cope with the ever-increasing traffic in modern high-speed networks. These systems often perform sophisticated deep packet inspection (DPI) for anomaly detection, denial-of-service attacks detection and mitigation, intrusion detection and prevention, etc.\nSince DPI is resource-intensive, the monitoring devices often cannot analyze all incoming traffic at link speeds. Consequently, sampling is employed to reduce the traffic volume and thus limit packet losses caused by resource exhaustion. Classical sampling methods select packets based on a fixed limiting parameter, regardless of the computational resource utilization of the monitoring device.\nThis paper proposes a novel sampling approach for network traffic security monitoring based on an analytical model of the monitoring device. The model allows for testing adaptive sampling strategies that adjust the instantaneous sampling rate according to the input queue occupancy. The queue occupancy drives the adaptation, indicating the current relationship between available computational resources and the input traffic volume. Consequently, our approach maximizes the DPI ratio while ensuring that the probability of packet loss due to resource exhaustion remains negligible. Analytical and simulation results are presented to demonstrate the impact of the proposed method on system parameters, along with a comparative\nstudies.",
    "keywords": "sampling; DPI; network monitoring; system state distribution"
}