{
    "id": "WUT510adafdc12544378d951c93fdb9fe57",
    "title": "Antenna System for Passive Radar Operating in DVB-T Band",
    "created": "2024-10-28T14:14:26.932+01:00",
    "modified": "2025-09-09T23:25:22.599+02:00",
    "language": "en",
    "doi": "10.23919/MIKON60251.2024.10634003",
    "url": "https://doi/10.23919/MIKON60251.2024.10634003",
    "authors": [
        {
            "full_name": "Krzysztof Kulpa",
            "affiliation": null
        },
        {
            "full_name": "Łukasz Januszkiewicz",
            "affiliation": "Lodz University of Technology"
        },
        {
            "full_name": "Karol Kropidłowski",
            "affiliation": "Lodz University of Technology"
        }
    ],
    "abstract": "This paper presents an antenna system for a passive radar designed to operate in the DVB-T band covering frequencies from 450 MHz to 1 GHz. A setup of 8 Vivaldi antennas with reduced dimensions was developed for this purpose. The use of corrugation allowed to reduce the size of a single radiator, and consequently the entire antenna array. The results of computer simulations of the parameters of the developed antenna show its good impedance matching in the assumed frequency range as well as the directional radiation pattern of individual radiators",
    "keywords": "antenna, passive radar, DVB-T band, Vivaldi antenna, corrugation, antenna array, impedance matching, directional radiation pattern"
}