{
    "id": "WUTdd20b5469722434981dfa832a6349a2d",
    "title": "Measurement of (anti)alpha production in central Pb–Pb collisions at s<inf>NN</inf>=5.02 TeV",
    "created": "2024-10-04T17:00:40.602+02:00",
    "modified": "2025-09-09T23:27:27.717+02:00",
    "language": "en",
    "doi": "10.1016/j.physletb.2024.138943",
    "url": "https://doi.org/10.1016/j.physletb.2024.138943",
    "authors": [
        {
            "full_name": "S. Acharya",
            "affiliation": null
        },
        {
            "full_name": "Jan Dubiński",
            "affiliation": null
        },
        {
            "full_name": "Łukasz Graczykowski",
            "affiliation": null
        },
        {
            "full_name": "Katarzyna Gwiździel",
            "affiliation": null
        },
        {
            "full_name": "Monika Jakubowska",
            "affiliation": null
        },
        {
            "full_name": "Małgorzata Janik",
            "affiliation": null
        },
        {
            "full_name": "Przemysław Karczmarczyk",
            "affiliation": null
        },
        {
            "full_name": "Maja Karwowska",
            "affiliation": "European Organization for Nuclear Research"
        },
        {
            "full_name": "Adam Kisiel",
            "affiliation": null
        },
        {
            "full_name": "Georgy Kornakov",
            "affiliation": null
        },
        {
            "full_name": "Monika Kutyła",
            "affiliation": null
        },
        {
            "full_name": "Shirajum Monira",
            "affiliation": null
        },
        {
            "full_name": "Julian Myrcha",
            "affiliation": null
        },
        {
            "full_name": "Piotr Nowakowski",
            "affiliation": null
        },
        {
            "full_name": "Janusz Oleniacz",
            "affiliation": null
        },
        {
            "full_name": "Przemysław Rokita",
            "affiliation": null
        },
        {
            "full_name": "Krystian Rosłon",
            "affiliation": null
        },
        {
            "full_name": "Daniela Ruggiano",
            "affiliation": null
        },
        {
            "full_name": "Wioleta Rzęsa",
            "affiliation": null
        },
        {
            "full_name": "Maciej Szymkowski",
            "affiliation": null
        },
        {
            "full_name": "Tomasz Trzciński",
            "affiliation": null
        }
    ],
    "abstract_pl": null,
    "abstract_en": null
}