{
    "id": "WUT3730dd1cce4e4f6384746ad688a7c751",
    "title": "Comparison of deep learning approaches to violence detection in videos",
    "created": "2024-10-04T16:46:59.805+02:00",
    "modified": "2025-09-10T00:06:00.069+02:00",
    "language": "en",
    "doi": null,
    "url": "https://pages.mini.pw.edu.pl/~estatic/pliki/PP-RAI_2024_proceedings.pdf",
    "authors": [
        {
            "full_name": "Jacek Mańdziuk",
            "affiliation": null
        },
        {
            "full_name": "Adam Żychowski",
            "affiliation": null
        },
        {
            "full_name": "Mikołaj Małkiński",
            "affiliation": null
        },
        {
            "full_name": "Filip Adamiok",
            "affiliation": null
        },
        {
            "full_name": "Artur Wilkowski",
            "affiliation": null
        }
    ],
    "abstract_pl": null,
    "abstract_en": null
}