{
    "id": "WUT81316fcdc6594f218f341416836823a1",
    "title": "MyPW: Intelligent Campus Solutions for Academic Community Building at Warsaw University of Technology",
    "created": "2025-07-03T16:00:03.079+02:00",
    "modified": "2025-09-09T23:18:09.328+02:00",
    "language": "en",
    "doi": null,
    "url": null,
    "authors": [
        {
            "full_name": "Anna Maria Wierzbicka",
            "affiliation": null
        },
        {
            "full_name": "Paweł Trębacz",
            "affiliation": null
        },
        {
            "full_name": "Jakub Możaryn",
            "affiliation": null
        },
        {
            "full_name": "Marcin Iwanowski",
            "affiliation": null
        },
        {
            "full_name": "Sławomir Paśko",
            "affiliation": null
        },
        {
            "full_name": "Bartosz Sawicki",
            "affiliation": null
        }
    ],
    "abstract": null,
    "keywords": null
}