{
    "id": "WUT40301263ae5f4ad48221bd584a88f29e",
    "title": "Category Adaptation Meets Projected Distillation in Generalized Continual Category Discovery",
    "created": "2024-11-08T13:02:15.614+01:00",
    "modified": "2025-09-09T23:22:53.316+02:00",
    "language": "en",
    "doi": "10.1007/978-3-031-73247-8_19",
    "url": "https://doi.org/10.1007/978-3-031-73247-8_19",
    "authors": [
        {
            "full_name": "Aleš Leonardis",
            "affiliation": null
        },
        {
            "full_name": "Elisa Ricci",
            "affiliation": null
        },
        {
            "full_name": "Stefan Roth",
            "affiliation": null
        },
        {
            "full_name": "Olga Russakovsky",
            "affiliation": null
        },
        {
            "full_name": "Torsten Sattler",
            "affiliation": null
        },
        {
            "full_name": "Gül Varol",
            "affiliation": null
        },
        {
            "full_name": "Grzegorz Rypeść",
            "affiliation": null
        },
        {
            "full_name": "Daniel Marczak",
            "affiliation": null
        },
        {
            "full_name": "Sebastian Cygert",
            "affiliation": null
        },
        {
            "full_name": "Tomasz Trzciński",
            "affiliation": null
        },
        {
            "full_name": "Bartłomiej Twardowski",
            "affiliation": "IDEAS NCBR Sp. z o.o."
        }
    ],
    "abstract": "Generalized Continual Category Discovery (GCCD) tackles learning from sequentially arriving, partially labeled datasets while uncovering new categories. Traditional methods depend on feature distillation to prevent forgetting the old knowledge. However, this strategy restricts the model’s ability to adapt and effectively distinguish new categories. To address this, we introduce a novel technique integrating a learnable projector with feature distillation, thus enhancing model adaptability without sacrificing past knowledge. The resulting distribution shift of the previously learned categories is mitigated with the auxiliary category adaptation network. We demonstrate that while each component offers modest benefits individually, their combination – dubbed CAMP (Category Adaptation Meets Projected distillation) – significantly improves the balance between learning new information and retaining old. CAMP exhibits superior performance across several GCCD and Class Incremental Learning scenarios. The code is available on Github.",
    "keywords": null
}