{
    "id": "WUTb7ff5a09e624463aab860d7319af67b2",
    "title": "Multiscreen Graphic Driver for Semi-Cave Virtual Reality in Vulkan Environment",
    "created": "2024-12-17T12:35:39.008+01:00",
    "modified": "2025-09-09T23:34:19.196+02:00",
    "language": "en",
    "doi": "10.15199/48.2024.12.61",
    "url": "https://doi.org/10.15199/48.2024.12.61",
    "authors": [
        {
            "full_name": "Dariusz Sawicki",
            "affiliation": null
        },
        {
            "full_name": "Łukasz Izdebski",
            "affiliation": null
        },
        {
            "full_name": "Agnieszka Wolska",
            "affiliation": null
        },
        {
            "full_name": "Mariusz Wisełka",
            "affiliation": null
        }
    ],
    "abstract": null,
    "keywords": null
}