{
    "id": "WUT6ff11d655a754ffaa0737dd232a4bbfd",
    "title": "Enhancing BLE-based positioning system performance with proximity sensors",
    "created": "2025-01-03T11:17:46.191+01:00",
    "modified": "2025-09-09T23:24:21.506+02:00",
    "language": "en",
    "doi": "10.1109/telfor63250.2024.10819146",
    "url": "https://doi.org/10.1109/telfor63250.2024.10819146",
    "authors": [
        {
            "full_name": "Vitomir Djaja-Jośko",
            "affiliation": null
        },
        {
            "full_name": "Jerzy Kołakowski",
            "affiliation": null
        }
    ],
    "abstract": null,
    "keywords": null
}