{
    "id": "WUT658997179f0842f88952018954a6046c",
    "title": "Performance Is Not Enough: The Story Told by a Rashomon Quartet",
    "created": "2024-11-12T13:40:21.857+01:00",
    "modified": "2025-09-09T23:29:56.829+02:00",
    "language": "en",
    "doi": "10.1080/10618600.2024.2344616",
    "url": "https://doi.org/10.1080/10618600.2024.2344616",
    "authors": [
        {
            "full_name": "Przemysław Biecek",
            "affiliation": null
        },
        {
            "full_name": "Hubert Baniecki",
            "affiliation": null
        },
        {
            "full_name": "Mateusz Krzyziński",
            "affiliation": null
        },
        {
            "full_name": "Dianne Cook",
            "affiliation": null
        }
    ],
    "abstract": "The usual goal of supervised learning is to find the best model, the one that optimizes a particular performance measure. However, what if the explanation provided by this model is completely different from another model and different again from another model despite all having similarly good fit statistics? Is it possible that the equally effective models put the spotlight on different relationships in the data? Inspired by Anscombe’s quartet, this article introduces a Rashomon Quartet, that is a set of four models built on a synthetic dataset which have practically identical predictive performance. However, the visual exploration reveals distinct explanations of the relations in the data. This illustrative example aims to encourage the use of methods for model visualization to compare predictive models beyond their performance.",
    "keywords": "artificial inteligence"
}