{
    "id": "WUT23fbe4b5ba9548ba8251dd9a26e97ad8",
    "title": "Anonymization in web auctions using Zero-Knowledge Proof in Blockchain technology",
    "created": "2025-07-28T09:32:34.055+02:00",
    "modified": "2025-09-09T23:19:04.514+02:00",
    "language": "pl",
    "doi": "10.24425/ijet.2025.153593",
    "url": "https://doi.org/10.24425/ijet.2025.153593",
    "authors": [
        {
            "full_name": "Marlena Broniszewska",
            "affiliation": null
        },
        {
            "full_name": "Wiktor B. Daszczuk",
            "affiliation": null
        },
        {
            "full_name": "Denny B. Czejdo",
            "affiliation": null
        }
    ],
    "abstract": null,
    "keywords": null
}