{
    "id": "WUT1d6f491d1fc049c1b164170acf516c25",
    "title": "DarkSide-20k sensitivity to light dark matter particles",
    "created": "2025-01-08T13:37:35.964+01:00",
    "modified": "2025-09-09T23:26:46.075+02:00",
    "language": "en",
    "doi": "10.1038/s42005-024-01896-z",
    "url": "https://doi.org/10.1038/s42005-024-01896-z",
    "authors": [
        {
            "full_name": "F. Acerbi",
            "affiliation": null
        },
        {
            "full_name": "Andrzej Buchowicz",
            "affiliation": null
        },
        {
            "full_name": "Grzegorz Galiński",
            "affiliation": null
        },
        {
            "full_name": "Grzegorz Pastuszak",
            "affiliation": null
        }
    ],
    "abstract": null,
    "keywords": null
}