{
    "id": "WUTc935928042fe4bfd8b6177fb57ddb967",
    "title": "Large Language Models and the Elliott Wave Principle: A Multi-Agent Deep Learning Approach to Big Data Analysis in Financial Markets",
    "created": "2024-12-20T13:15:09.952+01:00",
    "modified": "2025-09-09T23:22:05.488+02:00",
    "language": "en",
    "doi": "10.3390/app142411897",
    "url": "https://doi.org/10.3390/app142411897",
    "authors": [
        {
            "full_name": "Michał Wawer",
            "affiliation": null
        },
        {
            "full_name": "Jarosław Chudziak",
            "affiliation": null
        },
        {
            "full_name": "Ewa Niewiadomska-Szynkiewicz",
            "affiliation": null
        }
    ],
    "abstract": null,
    "keywords": "multi-agent systems; Elliott wave principle; large language models (LLMs); investment strategies; deep reinforcement learning (DRL); financial markets"
}