{
    "id": "WUTcdf7aa8345d54668b893f5d1025a80de",
    "title": "Exploring local explanations of nonlinear models using animated linear projections",
    "created": "2025-01-27T13:29:23.589+01:00",
    "modified": "2025-09-09T23:34:40.285+02:00",
    "language": "en",
    "doi": "10.1007/s00180-023-01453-2",
    "url": "https://doi.org/10.1007/s00180-023-01453-2",
    "authors": [
        {
            "full_name": "Nicholas Spyrison",
            "affiliation": null
        },
        {
            "full_name": "Dianne Cook",
            "affiliation": null
        },
        {
            "full_name": "Przemysław Biecek",
            "affiliation": null
        }
    ],
    "abstract": null,
    "keywords": null
}