{
    "id": "WUT59c7cd5a1b7241c1a10080b14d0ecb6b",
    "title": "Emergent Topic-Based Classification of Literature Books Using Social Data Analysis",
    "created": "2025-02-17T09:21:47.925+01:00",
    "modified": "2025-09-09T23:25:32.591+02:00",
    "language": "en",
    "doi": "10.1007/978-3-031-60023-4_13",
    "url": "https://doi.org/10.1007/978-3-031-60023-4_13",
    "authors": [
        {
            "full_name": "Michael Köhler-Bußmeier",
            "affiliation": null
        },
        {
            "full_name": "Renz Wolfgang",
            "affiliation": null
        },
        {
            "full_name": "Sudeikat Jan",
            "affiliation": null
        },
        {
            "full_name": "Elena-Ruxandra Luţan",
            "affiliation": null
        },
        {
            "full_name": "Costin Bădică",
            "affiliation": "University of Craiova, Craiova, Romania"
        },
        {
            "full_name": "Maria Ganzha",
            "affiliation": null
        },
        {
            "full_name": "Marcin Paprzycki",
            "affiliation": "Systems Research Institute of the Polish Academy of Sciences"
        }
    ],
    "abstract": null,
    "keywords": null
}