{
    "id": "WUTe92465c110754ce5a4fe3863d7ba62f4",
    "title": "Survival in nonagenarians with acute myocardial infarction in 2014–2020: A nationwide analysis",
    "created": "2025-02-17T09:04:25.908+01:00",
    "modified": "2025-09-09T23:36:15.946+02:00",
    "language": "en",
    "doi": "10.33963/kp.a2023.0155",
    "url": "https://doi.org/10.33963/kp.a2023.0155",
    "authors": [
        {
            "full_name": "Małgorzata Kupisz-Urbańska",
            "affiliation": null
        },
        {
            "full_name": "Piotr Jankowski",
            "affiliation": null
        },
        {
            "full_name": "Roman Topór-Mądry",
            "affiliation": null
        },
        {
            "full_name": "Michał Chudzik",
            "affiliation": null
        },
        {
            "full_name": "Mariusz Gąsior",
            "affiliation": null
        },
        {
            "full_name": "Robert Gil",
            "affiliation": null
        },
        {
            "full_name": "Patrycja Gryka",
            "affiliation": null
        },
        {
            "full_name": "Zbigniew Kalarus",
            "affiliation": null
        },
        {
            "full_name": "Jacek Kubica",
            "affiliation": null
        },
        {
            "full_name": "Jacek Legutko",
            "affiliation": null
        },
        {
            "full_name": "Przemysław Mitkowski",
            "affiliation": null
        },
        {
            "full_name": "Jarosław Pinkas",
            "affiliation": null
        },
        {
            "full_name": "Radosław Sierpiński",
            "affiliation": null
        },
        {
            "full_name": "Janina Stępińska",
            "affiliation": null
        },
        {
            "full_name": "Zbigniew Siudak",
            "affiliation": null
        },
        {
            "full_name": "Paweł Roman Teisseyre",
            "affiliation": null
        },
        {
            "full_name": "Adam Witkowski",
            "affiliation": "Narodowy Instytut Kardiologii Stefana kardynała Wyszyńskiego - Państwowy Instytut Badawczy"
        },
        {
            "full_name": "Urszula Zielińska-Borkowska",
            "affiliation": null
        },
        {
            "full_name": "Tomasz Zdrojewski",
            "affiliation": null
        },
        {
            "full_name": "Ryszard Gellert",
            "affiliation": null
        }
    ],
    "abstract": null,
    "keywords": null
}