{
    "id": "WUT8c5798f609464dd8bcf8c3017c3924ac",
    "title": "CAREUP: An Integrated Care Platform with Intrinsic Capacity Monitoring and Prediction Capabilities",
    "created": "2025-02-05T10:34:08.974+01:00",
    "modified": "2025-09-09T23:19:46.486+02:00",
    "language": "en",
    "doi": "10.3390/s25030916",
    "url": "https://doi.org/10.3390/s25030916",
    "authors": [
        {
            "full_name": "Marcin Kołakowski",
            "affiliation": null
        },
        {
            "full_name": "Andrea Lupica",
            "affiliation": null
        },
        {
            "full_name": "Seif Ben Bader",
            "affiliation": null
        },
        {
            "full_name": "Vitomir Djaja-Jośko",
            "affiliation": null
        },
        {
            "full_name": "Jerzy Kołakowski",
            "affiliation": null
        },
        {
            "full_name": "Jacek Cichocki",
            "affiliation": null
        },
        {
            "full_name": "Jaouhar Ayadi",
            "affiliation": null
        },
        {
            "full_name": "Luca Gilardi",
            "affiliation": null
        },
        {
            "full_name": "Angelo Consoli",
            "affiliation": null
        },
        {
            "full_name": "Irina Georgiana Mocanu",
            "affiliation": null
        },
        {
            "full_name": "Oana Cramariuc",
            "affiliation": null
        },
        {
            "full_name": "Lionello Ferrazzini",
            "affiliation": null
        },
        {
            "full_name": "Eva Reithner",
            "affiliation": null
        },
        {
            "full_name": "Magdalena Velciu",
            "affiliation": null
        },
        {
            "full_name": "Barbara Borgogni",
            "affiliation": null
        },
        {
            "full_name": "Sofia Rivaira",
            "affiliation": null
        },
        {
            "full_name": "Sara Leonzi",
            "affiliation": null
        },
        {
            "full_name": "Giacomo Cucchieri",
            "affiliation": null
        },
        {
            "full_name": "Vera Stara",
            "affiliation": null
        }
    ],
    "abstract": null,
    "keywords": null
}