{
    "id": "WUT226a02c3bc5b4fd092ac4d67a7f318be",
    "title": "Real-time high resolution multichannel ISAR imaging system",
    "created": "2025-04-08T10:45:09.304+02:00",
    "modified": "2025-09-10T00:12:21.519+02:00",
    "language": "en",
    "doi": "10.1049/icp.2022.2349",
    "url": "https://doi.org/10.1049/icp.2022.2349",
    "authors": [
        {
            "full_name": "Krzysztof Stasiak",
            "affiliation": null
        },
        {
            "full_name": "Marek Ciesielski",
            "affiliation": null
        },
        {
            "full_name": "Jakub Julczyk",
            "affiliation": null
        },
        {
            "full_name": "Witold Duda",
            "affiliation": null
        },
        {
            "full_name": "Grzegorz Pietrzykowski",
            "affiliation": null
        },
        {
            "full_name": "Piotr Jerzy Samczyński",
            "affiliation": null
        }
    ],
    "abstract": null,
    "keywords": null
}