{
    "id": "WUTbd8654012730496789863623983d780c",
    "title": "Energy Harvesting from AC Magnetic Field Using PZT Piezoelectric Cantilever Beams",
    "created": "2025-05-29T14:23:26.385+02:00",
    "modified": "2025-09-09T23:20:13.925+02:00",
    "language": "en",
    "doi": "10.3390/en18112830",
    "url": "https://doi.org/10.3390/en18112830",
    "authors": [
        {
            "full_name": "Mariusz Kucharek",
            "affiliation": "Łukasiewicz Research Network – Tele and Radio Research Institute"
        },
        {
            "full_name": "Bogdan Dziadak",
            "affiliation": null
        },
        {
            "full_name": "Jacek Starzyński",
            "affiliation": null
        },
        {
            "full_name": "Leszek Książek",
            "affiliation": "Łukasiewicz Research Network – Tele and Radio Research Institute"
        }
    ],
    "abstract": null,
    "keywords": null
}