{
    "id": "WUTa2fe9fe8b7344208b82e832257b20285",
    "title": "Autoencoder-Based Anomaly Detection in Network Traffic",
    "created": "2024-11-27T15:44:38.449+01:00",
    "modified": "2025-09-09T23:25:11.487+02:00",
    "language": "en",
    "doi": "10.1109/cpee64152.2024.10720411",
    "url": "https://doi.org/10.1109/cpee64152.2024.10720411",
    "authors": [
        {
            "full_name": "Krzysztof Korniszuk",
            "affiliation": null
        },
        {
            "full_name": "Bartosz Sawicki",
            "affiliation": null
        }
    ],
    "abstract": null,
    "keywords": null
}