{
    "id": "WUT777de2ee63c848ceaa03f1a758ce48a6",
    "title": "Task-recency bias strikes back: Adapting covariances in Exemplar-Free Class Incremental Learning",
    "created": "2025-02-17T08:47:07.399+01:00",
    "modified": "2025-09-09T23:22:55.014+02:00",
    "language": "en",
    "doi": null,
    "url": "https://proceedings.neurips.cc/paper_files/paper/2024/file/73ba81c7b25134a559c8a9c39ec1a4c3-Paper-Conference.pdf",
    "authors": [
        {
            "full_name": "A. Globerson",
            "affiliation": null
        },
        {
            "full_name": "L. Mackey",
            "affiliation": null
        },
        {
            "full_name": "D. Belgrave",
            "affiliation": null
        },
        {
            "full_name": "A. Fan",
            "affiliation": null
        },
        {
            "full_name": "U. Paquet",
            "affiliation": null
        },
        {
            "full_name": "J. Tomczak",
            "affiliation": null
        },
        {
            "full_name": "C. Zhang",
            "affiliation": null
        },
        {
            "full_name": "Grzegorz Rypeść",
            "affiliation": null
        },
        {
            "full_name": "Sebastian Cygert",
            "affiliation": null
        },
        {
            "full_name": "Tomasz Trzciński",
            "affiliation": null
        },
        {
            "full_name": "Bartłomiej Twardowski",
            "affiliation": null
        }
    ],
    "abstract": "Exemplar-Free Class Incremental Learning (EFCIL) tackles the problem of training a model on a sequence of tasks without access to past data. Existing state-of-the-art methods represent classes as Gaussian distributions in the feature extractor's latent space, enabling Bayes classification or training the classifier by replaying pseudo features. However, we identify two critical issues that compromise their efficacy when the feature extractor is updated on incremental tasks. First, they do not consider that classes' covariance matrices change and must be adapted after each task. Second, they are susceptible to a task-recency bias caused by dimensionality collapse occurring during training. In this work, we propose AdaGauss - a novel method that adapts covariance matrices from task to task and mitigates the task-recency bias owing to the additional anti-collapse loss function. AdaGauss yields state-of-the-art results on popular EFCIL benchmarks and datasets when training from scratch or starting from a pre-trained backbone.",
    "keywords": null
}