{
    "id": "WUT6065b7ad149040b8a85893ca0d0bf598",
    "title": "Leveraging spiking neural networks for topic modeling",
    "created": "2024-11-15T17:45:08.279+01:00",
    "modified": "2025-09-09T23:33:00.740+02:00",
    "language": "en",
    "doi": "10.1016/j.neunet.2024.106494",
    "url": "https://doi.org/10.1016/j.neunet.2024.106494",
    "authors": [
        {
            "full_name": "Jacek Mańdziuk",
            "affiliation": null
        },
        {
            "full_name": "Marcin Białas",
            "affiliation": "National Information Processing Institute"
        },
        {
            "full_name": "Marcin Mirończuk",
            "affiliation": null
        }
    ],
    "abstract": "This article investigates the application of Spiking Neural Networks (SNNs) to the problem of Topic Modeling (TM): the identification of significant groups of words that represent human-understandable topics in large sets of documents. Our research is based on the hypothesis that an SNN that implements the Hebbian Learning paradigm is capable of becoming specialized in detecting statistically significant word patterns in the presence of adequately tailored sequential input. To support this hypothesis, we propose a novel Spiking Topic Model (STM) that transforms the text into a sequence of spikes and uses that sequence to train single-layer SNN. In STM, each SNN neuron represents one topic, and each of the neuron’s weights corresponds to one word. STM synaptic connections are modified according to spike-timing-dependent plasticity; after training, the neurons’ strongest weights are interpreted as the words that represent topics. We compare the performance of STM with four other TM methods: Latent Dirichlet Allocation (LDA), Biterm Topic Model (BTM), Embedding Topic Model (ETM) and BERTopic on three datasets: 20Newsgroups, BBC news, and AG news. The results demonstrate that STM can discover high-quality topics and successfully compete with comparative classical methods. This sheds new light on the possibility of the adaptation of SNN models in unsupervised natural language processing.",
    "keywords": "Spiking neural network, STDP, Topic modeling, Spiking topic model, Unsupervised learning"
}