{
    "id": "WUTfa6b43ef31e54a16aa39968c3901e918",
    "title": "Application of Artificial Intelligence in Support of NAFLD Diagnosis",
    "created": "2024-11-08T13:02:17.640+01:00",
    "modified": "2025-09-09T23:33:53.984+02:00",
    "language": "en",
    "doi": "10.3390/app142210237",
    "url": "https://doi.org/10.3390/app142210237",
    "authors": [
        {
            "full_name": "Jakub Płudowski",
            "affiliation": null
        },
        {
            "full_name": "Jan Mulawka",
            "affiliation": null
        }
    ],
    "abstract": null,
    "keywords": "artificial intelligence; machine learning; diagnosis support system; explainable artificial intelligence; data analysis"
}