{
    "id": "WUTdb220632a4844ffe845ca21ad5d9aef4",
    "title": "Detecting deepfakes and false ads through analysis of text and social engineering techniques",
    "created": "2025-05-09T15:42:38.127+02:00",
    "modified": "2025-09-09T23:22:40.164+02:00",
    "language": "en",
    "doi": null,
    "url": "https://aclanthology.org/2025.coling-main.564/",
    "authors": [
        {
            "full_name": "Owen Rambow",
            "affiliation": null
        },
        {
            "full_name": "Leo Wanner",
            "affiliation": null
        },
        {
            "full_name": "Marianna Apidianaki",
            "affiliation": null
        },
        {
            "full_name": "Hend Al-Khalifa",
            "affiliation": null
        },
        {
            "full_name": "Barbara Di Eugenio",
            "affiliation": null
        },
        {
            "full_name": "Steven Schockaert",
            "affiliation": null
        },
        {
            "full_name": "Alicja Martinek",
            "affiliation": null
        },
        {
            "full_name": "Ewelina Bartuzi-Trokielewicz",
            "affiliation": null
        }
    ],
    "abstract": "<p>Existing deepfake detection algorithm frequently fail to successfully identify fabricated materials. These algorithms primarily focus on technical analysis of video and audio, often neglecting the meaning of content itself. In this paper, we introduce a novel approach that emphasizes the analysis of text-based transcripts, particularly those from AI-generated deepfake advertisements, placing the text content at the center of attention. Our method combines linguistic features, evaluation of grammatical mistakes, and the identification of social engineering techniques commonly used in fraudulent content. By examining stylistic inconsistencies and manipulative language patterns, we enhance the accuracy of distinguishing between real and deepfake materials. To ensure interpretability, we employed classical machine learning models, allowing us to provide explainable insights into decision-making processes. Additionally, zero-shot evaluations were conducted using three large language model based solutions to assess their performance in detecting deepfake content. The experimental results show that these factors yield a 90% accuracy in distinguishing between deepfake-based fraudulent advertisements and real ones. This demonstrates the effectiveness of incorporating content-based analysis into deepfake detection, offering a complementary layer to existing audio-visual techniques.</p>",
    "keywords": null
}