{
    "id": "WUT688e536a7dab4ac0985f775df1511b81",
    "title": "Optimization of the Loading Sequence of Goods on Pallets",
    "created": "2025-03-17T18:26:57.063+01:00",
    "modified": "2025-09-09T23:21:06.184+02:00",
    "language": "en",
    "doi": "10.14313/par_255/41",
    "url": "https://doi.org/10.14313/par_255/41",
    "authors": [
        {
            "full_name": "Krzysztof Pieńkosz",
            "affiliation": null
        }
    ],
    "abstract": null,
    "keywords": "aggregated precedence graphs, packing sequence, pallet loading, robot packing, topological sort"
}