{
    "id": "WUT8d58acabdd8d45529e5e34456b522645",
    "title": "Drawing Based Game for Teaching Scrum",
    "created": "2025-01-13T08:16:58.652+01:00",
    "modified": "2025-09-09T23:22:38.569+02:00",
    "language": "en",
    "doi": "10.1007/978-3-031-72781-8_23",
    "url": "https://doi.org/10.1007/978-3-031-72781-8_23",
    "authors": [
        {
            "full_name": "Lodovica Marchesi",
            "affiliation": null
        },
        {
            "full_name": "Alfredo Goldman",
            "affiliation": null
        },
        {
            "full_name": "Maria Ilaria Lunesu",
            "affiliation": null
        },
        {
            "full_name": "Adam Przybyłek",
            "affiliation": "Gdańsk University of Technology"
        },
        {
            "full_name": "Ademar Aguiar",
            "affiliation": null
        },
        {
            "full_name": "Lorraine Morgan",
            "affiliation": null
        },
        {
            "full_name": "Xiaofeng Wang",
            "affiliation": null
        },
        {
            "full_name": "Andrea Pinna",
            "affiliation": null
        },
        {
            "full_name": "Krzysztof Marek",
            "affiliation": null
        },
        {
            "full_name": "Kamila Martyniuk-Sienkiewicz",
            "affiliation": null
        }
    ],
    "abstract": null,
    "keywords": null
}