{
    "id": "WUT8aeb6cee722942daa4f33d9b5f9b2aa4",
    "title": "AI-Powered Math Tutoring: Platform for Personalized and Adaptive Education",
    "created": "2025-07-31T13:18:55.216+02:00",
    "modified": "2025-09-09T23:22:10.740+02:00",
    "language": "en",
    "doi": "10.1007/978-3-031-98465-5_58",
    "url": "https://doi.org/10.1007/978-3-031-98465-5_58",
    "authors": [
        {
            "full_name": "Alexandra I. Cristea",
            "affiliation": "Durham University, Durham, UK"
        },
        {
            "full_name": "Erin Walker",
            "affiliation": null
        },
        {
            "full_name": "Lu Yu",
            "affiliation": null
        },
        {
            "full_name": "Olga C. Santos",
            "affiliation": "UNED, Madrid, Spain"
        },
        {
            "full_name": "Isotani Seiji",
            "affiliation": null
        },
        {
            "full_name": "Jarosław Chudziak",
            "affiliation": null
        },
        {
            "full_name": "Adam Kostka",
            "affiliation": null
        }
    ],
    "abstract": "The growing ubiquity of artificial intelligence (AI), in particular large language models (LLMs), has profoundly altered the way in which learners gain knowledge and interact with learning material, with many claiming that AI positively influences their learning achievements. Despite this advancement, current AI tutoring systems face limitations associated with their reactive nature, often providing direct answers without encouraging deep reflection or incorporating structured pedagogical tools and strategies. This limitation is most apparent in the field of mathematics, in which AI tutoring systems remain underdeveloped. This research addresses the question: How can AI tutoring systems move beyond providing reactive assistance to enable structured, individualized, and tool-assisted learning experiences? We introduce a novel multi-agent AI tutoring platform that combines adaptive and personalized feedback, structured course generation, and textbook knowledge retrieval to enable modular, tool-assisted learning processes. This system allows students to learn new topics while identifying and targeting their weaknesses, revise for exams effectively, and practice on an unlimited number of personalized exercises. This article contributes to the field of artificial intelligence in education by introducing a novel platform that brings together pedagogical agents and AI-driven components, augmenting the field with modular and effective systems for teaching mathematics.",
    "keywords": "Information systems, Artificial Intelligence, Computer Science, Database systems, Knowledge management"
}