{
    "id": "WUT0c387d573d6046699365b9f0d16b3602",
    "title": "SARS-CoV-2 Infection in Patients Treated with Azacitidine and Venetoclax for Acute Leukemia: A Report of a Case Series Treated in a Single Institution",
    "created": "2025-01-30T13:13:41.344+01:00",
    "modified": "2025-09-09T23:34:48.665+02:00",
    "language": "en",
    "doi": "10.1159/000527010",
    "url": "https://doi.org/10.1159/000527010",
    "authors": [
        {
            "full_name": "Joanna Drozd-Sokołowska",
            "affiliation": null
        },
        {
            "full_name": "Krzysztof Mądry",
            "affiliation": null
        },
        {
            "full_name": "Joanna Barankiewicz",
            "affiliation": null
        },
        {
            "full_name": "Katarzyna Kobylińska",
            "affiliation": null
        },
        {
            "full_name": "Przemysław Biecek",
            "affiliation": null
        },
        {
            "full_name": "Jagoda Rytel",
            "affiliation": null
        },
        {
            "full_name": "Ewa Karakulska-Prystupiuk",
            "affiliation": null
        },
        {
            "full_name": "Kamila Skwierawska",
            "affiliation": null
        },
        {
            "full_name": "Aleksander Salomon-Perzyński",
            "affiliation": null
        },
        {
            "full_name": "Tomasz Stokłosa",
            "affiliation": null
        },
        {
            "full_name": "Grzegorz Władysław Basak",
            "affiliation": null
        }
    ],
    "abstract": "<p>Introduction: Venetoclax combined with azacitidine (AZA-VEN) constitutes an option for the treatment of acute myeloid leukemia. There are, however, no data on the COVID-19 incidence and outcome in patients treated with AZA-VEN. Methods: Patients with acute leukemia treated with AZA-VEN at a single institution were included in this prospective observational study. Results: Thirteen patients were enrolled, 46% with treatment-naïve, and 56% with relapsed/refractory disease. Fifty-four percent of patients were males; the median age was 69 years. Six patients (46%) developed COVID-19 during the observation time. The median time to COVID-19 was 24 days from the initiation of AZA-VEN. The 2-month cumulative incidence of COVID-19 was 46.2%. Two patients (33%) succumbed to COVID-19. The 100-day COVID-19-free survival from AZA-VEN initiation was 61%. The median follow-up time was 4.3 months. Discussion/Conclusion: COVID-19 constitutes a frequent complication of AZA-VEN treatment in the era of the COVID-19 pandemic, leading to death in a significant proportion of patients. </p>",
    "keywords": null
}