{
    "id": "WUT3200d1bc71ae4cbca58d117e06f65674",
    "title": "Exploring the potential of NLP technology to generate textual descriptions of space for indoor navigation applications",
    "created": "2025-03-03T12:04:06.920+01:00",
    "modified": "2025-09-09T23:22:38.639+02:00",
    "language": "en",
    "doi": "10.5194/ica-abs-7-90-2024",
    "url": "https://doi.org/10.5194/ica-abs-7-90-2024",
    "authors": [
        {
            "full_name": "Krzysztof Lipka",
            "affiliation": null
        },
        {
            "full_name": "Dariusz Gotlib",
            "affiliation": null
        },
        {
            "full_name": "Kamil Choromański",
            "affiliation": null
        }
    ],
    "abstract": null,
    "keywords": "artography of building interiors, artificial intelligence, space descriptions, NLP, navigation"
}