{
    "id": "WUT81d1b786747f41ee95995b08d4f00273",
    "title": "Acoustic model for the classification of Polish vowels",
    "created": "2024-11-06T14:21:07.871+01:00",
    "modified": "2025-09-09T23:33:55.135+02:00",
    "language": "en",
    "doi": "10.21008/j.0860-6897.2024.1.01",
    "url": "https://doi.org/10.21008/j.0860-6897.2024.1.01",
    "authors": [
        {
            "full_name": "Karolina Pondel-Sycz",
            "affiliation": null
        }
    ],
    "abstract": null,
    "keywords": null
}