{
    "id": "WUT963ded5b18094792a491ab5e7bb54e1a",
    "title": "Voice2Face: Lightweight Neural Lips Movement Generation From Raw Audio",
    "created": "2024-11-05T14:06:13.251+01:00",
    "modified": "2025-09-10T00:06:01.861+02:00",
    "language": "en",
    "doi": null,
    "url": "https://pages.mini.pw.edu.pl/~estatic/pliki/PP-RAI_2024_proceedings.pdf",
    "authors": [
        {
            "full_name": "Jacek Mańdziuk",
            "affiliation": null
        },
        {
            "full_name": "Adam Żychowski",
            "affiliation": null
        },
        {
            "full_name": "Mikołaj Małkiński",
            "affiliation": null
        },
        {
            "full_name": "Oskar Bartosz",
            "affiliation": null
        },
        {
            "full_name": "Łukasz Dąbała",
            "affiliation": null
        }
    ],
    "abstract": "Algorithmic lip synchronization is dominated by heavy parameterized models such as transformer-based architectures. The goal of this\nwork is to create a model that transforms phoneme representations of human voice into facial visemes using a lightweight model while keeping on\nhigh-quality generation.\nImpressive results of generation were achieved on a dataset of real people’s voices. The time needed for the generation of a single frame is sufficient\nfor real-time generation (3.38 milliseconds per frame). Generated faces are\nnatural-looking, with each transition between frames performed smoothly.\nThe resulting model weights take up no more than 20KB of disc space.",
    "keywords": ": lip synchronization, lightweight, artificial intelligence"
}