{
    "id": "WUTa0850634598e4da9a9984550addf8ae8",
    "title": "Iris Recognition for Infants",
    "created": "2025-04-09T12:07:09.224+02:00",
    "modified": "2025-09-09T23:17:26.965+02:00",
    "language": "en",
    "doi": "10.1109/WACVW65960.2025.00014",
    "url": "https://doi.org/10.1109/WACVW65960.2025.00014",
    "authors": [
        {
            "full_name": "Rasel Ahmed  Bhuiyan",
            "affiliation": null
        },
        {
            "full_name": "Mateusz Trokielewicz",
            "affiliation": null
        },
        {
            "full_name": "Piotr Maciejewicz",
            "affiliation": null
        },
        {
            "full_name": "Sherri  Bucher",
            "affiliation": null
        },
        {
            "full_name": "Adam Czajka",
            "affiliation": null
        }
    ],
    "abstract": "Non-invasive, efficient, physical token-less, accurate and stable identification methods for newborns may prevent baby swapping at birth, limit baby abductions and improve post-natal health monitoring across geographies, within the context of both the formal (i.e., hospitals) and informal (i.e., humanitarian and fragile settings) health sectors. This paper explores the feasibility of application iris recognition to build biometric identifiers for 4–6 week old infants. We (a) collected near infrared (NIR) iris images from 17 infants using a specially-designed NIR iris sensor; (b) evaluated six iris recognition methods to assess readiness of the state-of-the-art iris recognition to be applied to newborns and infants; (c) proposed a new segmentation model that correctly detects iris texture within infants iris images, and coupled it with several iris texture encoding approaches to offer, to the first of our knowledge, a fully-operational infant iris recognition system; and, (d) trained a StyleGAN-based model to synthesize iris images mimicking samples acquired from infants to deliver to the research community privacy-safe infant iris images. The proposed system, incorporating the specially-designed iris sensor and segmenter, and applied to the collected infant iris samples, achieved Equal Error Rate (EER) of 3% and Area Under ROC Curve (AUC) of 99%, compared to EER>20% and AUC<88% obtained for state of the art adult iris recognition systems. This suggests that it may be feasible to design methods that succesfully extract biometric features from infant irises",
    "keywords": "Geography, Pediatrics, Image segmentation, Image coding, Hospitals, Error analysis, Feature extraction, Object recognition, Monitoring, Iris recognition"
}