{
    "id": "WUTad44b8057dbb4d7ca53a806a2f2bd5c6",
    "title": "Machine learning methods for simulating particle response in the zero degree calorimeter at the ALICE experiment, CERN",
    "created": "2025-01-29T13:15:33.791+01:00",
    "modified": "2025-09-09T23:24:25.666+02:00",
    "language": "en",
    "doi": "10.1063/5.0203567",
    "url": "https://doi.org/10.1063/5.0203567",
    "authors": [
        {
            "full_name": "Konrad Klimaszewski",
            "affiliation": null
        },
        {
            "full_name": "Wojciech Krzemień",
            "affiliation": null
        },
        {
            "full_name": "Lech Raczyński",
            "affiliation": null
        },
        {
            "full_name": "Jan Dubiński",
            "affiliation": null
        },
        {
            "full_name": "Kamil Deja",
            "affiliation": null
        },
        {
            "full_name": "Sandro Wenzel",
            "affiliation": "European Organization for Nuclear Research"
        },
        {
            "full_name": "Przemysław Rokita",
            "affiliation": null
        },
        {
            "full_name": "Tomasz Trzciński",
            "affiliation": null
        }
    ],
    "abstract": "Currently, over 50% of the computing power at CERN's GRID is used to run High Energy Physics simulations. The recent updates at the Large Hadron Collider (LHC) create the need for developing more efficient simulation methods. In particular, there exist a demand for a fast simulation of the neutron Zero Degree Calorimeter, where existing Monte Carlo-based methods impose a significant computational burden. We propose an alternative approach to the problem that leverages machine learning. Our solution utilises neural network classifiers and generative models to directly simulate the response of the calorimeter. In particular, we examine the performance of variational autoencoders and generative adversarial networks, expanding the GAN architecture by an additional regularisation network and a simple, yet effective postprocessing step. Our approach increases the simulation speed by 2 orders of magnitude while maintaining the high fidelity of the simulation.",
    "keywords": null
}