{
    "id": "WUT01fae1a8e8e147e9ab0182f890956b54",
    "title": "Exploring Reddit Community Structure: Bridges, Gateways and Highways",
    "created": "2024-12-02T16:43:11.037+01:00",
    "modified": "2025-09-09T23:34:23.089+02:00",
    "language": "en",
    "doi": "10.3390/electronics13101935",
    "url": "https://doi.org/10.3390/electronics13101935",
    "authors": [
        {
            "full_name": "Jan Sawicki",
            "affiliation": null
        },
        {
            "full_name": "Maria Ganzha",
            "affiliation": null
        }
    ],
    "abstract": null,
    "keywords": null
}