{
    "id": "WUTc6789b29705c4085b72f44ca291500e3",
    "title": "LLM-Based multi-agent system for individual investment in energy and natural resources",
    "created": "2025-07-31T12:01:45.074+02:00",
    "modified": "2025-09-09T23:21:56.449+02:00",
    "language": "pl",
    "doi": "10.24425/ijet.2025.153538",
    "url": "https://doi.org/10.24425/ijet.2025.153538",
    "authors": [
        {
            "full_name": "Alexander Zaleski",
            "affiliation": null
        },
        {
            "full_name": "Jarosław Chudziak",
            "affiliation": null
        }
    ],
    "abstract": null,
    "keywords": null
}