{
    "id": "WUTc49c4437bcb44c4d801533edddc8c310",
    "title": "Position: Explain to Question not to Justify",
    "created": "2024-12-12T08:32:39.221+01:00",
    "modified": "2025-09-09T23:22:55.060+02:00",
    "language": "en",
    "doi": null,
    "url": "https://proceedings.mlr.press/v235/biecek24a.html",
    "authors": [
        {
            "full_name": "Ruslan Salakhutdinov",
            "affiliation": null
        },
        {
            "full_name": "Zico Kolter",
            "affiliation": null
        },
        {
            "full_name": "Katherine Heller",
            "affiliation": null
        },
        {
            "full_name": "Adrian Weller",
            "affiliation": null
        },
        {
            "full_name": "Nuria Oliver",
            "affiliation": null
        },
        {
            "full_name": "Jonathan Scarlett",
            "affiliation": null
        },
        {
            "full_name": "Felix Berkenkamp",
            "affiliation": null
        },
        {
            "full_name": "Przemysław Biecek",
            "affiliation": null
        },
        {
            "full_name": "Wojciech Samek",
            "affiliation": null
        }
    ],
    "abstract": "Explainable Artificial Intelligence (XAI) is a young but very promising field of research. Unfortunately, the progress in this field is currently slowed down by divergent and incompatible goals. We separate various threads tangled within the area of XAI into two complementary cultures of human/value-oriented explanations (BLUE XAI) and model/validation-oriented explanations (RED XAI). This position paper argues that the area of RED XAI is currently under-explored, i.e., more methods for explainability are desperately needed to question models (e.g., extract knowledge from well-performing models as well as spotting and fixing bugs in faulty models), and the area of RED XAI hides great opportunities and potential for important research necessary to ensure the safety of AI systems. We conclude this paper by presenting promising challenges in this area.",
    "keywords": "explainable artificial inteligence, artificial inteligence"
}