{
    "id": "WUT1ee34f88319a4fec9c94efdcecd903db",
    "title": "Neural network pretraining and its influence on Continual Learning",
    "created": "2024-11-05T14:13:48.100+01:00",
    "modified": "2025-09-10T00:06:14.120+02:00",
    "language": "en",
    "doi": null,
    "url": "https://pages.mini.pw.edu.pl/~estatic/pliki/PP-RAI_2024_proceedings.pdf",
    "authors": [
        {
            "full_name": "Jacek Mańdziuk",
            "affiliation": null
        },
        {
            "full_name": "Adam Żychowski",
            "affiliation": null
        },
        {
            "full_name": "Mikołaj Małkiński",
            "affiliation": null
        },
        {
            "full_name": "Piotr Gręda",
            "affiliation": null
        },
        {
            "full_name": "Kamil Deja",
            "affiliation": null
        }
    ],
    "abstract": "Human brain can learn new tasks in a sequential fashion. This\nability differentiates it from neural networks. Every new task causes a significant decrease in accuracy of previously learnt ones - this phenomenon\nis called \"catastrophic forgetting\". In this paper we investigate whether\npretraining on a different dataset can boost a continual neural network’s\nperformance in new tasks. In particular, we investigate several pretraining\napproaches such as supervised learning, simulation of continual learning or\nself-supervised techniques. We compare evaluated techniques and draw the\nconclusions with practical suggestions on how to prepare the neural network\nfor continual learning.",
    "keywords": "Neural Networks, Continual Learning, Training, Pretraining"
}