{
    "id": "WUTb789e982cfe342a3937a87026adbd7bf",
    "title": "Benchmarking the design of the cryogenics system for the underground argon in DarkSide-20k",
    "created": "2025-02-26T12:59:22.720+01:00",
    "modified": "2025-09-09T23:18:15.154+02:00",
    "language": "en",
    "doi": "10.1088/1748-0221/20/02/p02016",
    "url": "https://doi.org/10.1088/1748-0221/20/02/p02016",
    "authors": [
        {
            "full_name": "F. Acerbi",
            "affiliation": null
        },
        {
            "full_name": "Andrzej Buchowicz",
            "affiliation": null
        },
        {
            "full_name": "Grzegorz Galiński",
            "affiliation": null
        },
        {
            "full_name": "Grzegorz Pastuszak",
            "affiliation": null
        }
    ],
    "abstract": null,
    "keywords": null
}