{
    "id": "WUTb9397ba7e94d49af8021d3618da1e940",
    "title": "Improving Performance of Bluetooth Low Energy-Based Localization System Using Proximity Sensors and Far-Infrared Thermal Sensor Arrays",
    "created": "2025-02-14T22:58:33.792+01:00",
    "modified": "2025-09-09T23:19:22.270+02:00",
    "language": "en",
    "doi": "10.3390/s25041151",
    "url": "https://doi.org/10.3390/s25041151",
    "authors": [
        {
            "full_name": "Vitomir Djaja-Jośko",
            "affiliation": null
        },
        {
            "full_name": "Marcin Kołakowski",
            "affiliation": null
        },
        {
            "full_name": "Jacek Cichocki",
            "affiliation": null
        },
        {
            "full_name": "Jerzy Kołakowski",
            "affiliation": null
        }
    ],
    "abstract": null,
    "keywords": null
}