{
    "id": "WUT659705bbdbce42e2820f9fe3fcd796ba",
    "title": "Title in biomedicine",
    "created": "2025-01-02T12:55:09.347+01:00",
    "modified": "2025-09-09T23:19:26.074+02:00",
    "language": "pl",
    "doi": null,
    "url": "www.niematakiejpracy.pl",
    "authors": [
        {
            "full_name": "Monika Gajewska",
            "affiliation": null
        },
        {
            "full_name": "Iwona Socik",
            "affiliation": null
        }
    ],
    "abstract": null,
    "keywords": null
}