{
    "id": "WUTa31884cae44942d4abab853be373be9a",
    "title": "On the prevalence of Myalgic Encephalomyelitis/Chronic Fatigue Syndrome after a SARS-CoV-2 infection",
    "created": "2025-02-13T15:23:52.213+01:00",
    "modified": "2025-09-09T23:31:25.114+02:00",
    "language": "en",
    "doi": "10.1016/j.jinf.2024.106353",
    "url": "https://doi.org/10.1016/j.jinf.2024.106353",
    "authors": [
        {
            "full_name": "Nuno Henriques dos Santos de Sepúlveda",
            "affiliation": null
        },
        {
            "full_name": "Francisco Westermeier",
            "affiliation": null
        }
    ],
    "abstract": null,
    "keywords": null
}