{
    "id": "WUTab06e00036ff4cc49e90905d4699a85d",
    "title": "Definitions and comprehensive assessment of fault isolability in expert-based diagnostic systems",
    "created": "2025-06-23T16:39:44.287+02:00",
    "modified": "2025-09-09T23:19:58.943+02:00",
    "language": "en",
    "doi": "10.1016/j.ymssp.2025.112979",
    "url": "https://doi.org/10.1016/j.ymssp.2025.112979",
    "authors": [
        {
            "full_name": "Jan Maciej Kościelny",
            "affiliation": null
        },
        {
            "full_name": "Anna Sztyber-Betley",
            "affiliation": null
        }
    ],
    "abstract": null,
    "keywords": null
}