{
    "id": "WUT6e5d4eb483d24ff78ed73c6410bcfd94",
    "title": "Enhancing Privacy While Preserving Context in Text Transformations by Large Language Models",
    "created": "2025-01-15T16:01:07.078+01:00",
    "modified": "2025-09-09T23:21:59.317+02:00",
    "language": "en",
    "doi": "10.3390/info16010049",
    "url": "https://doi.org/10.3390/info16010049",
    "authors": [
        {
            "full_name": "Tymon Lesław Żarski",
            "affiliation": null
        },
        {
            "full_name": "Artur Janicki",
            "affiliation": null
        }
    ],
    "abstract": null,
    "keywords": null
}