{
    "id": "WUT5de84628636f4d81949b370cb8910144",
    "title": "Reducing the Peak Power Demand and Setting the Proper Operating Regimes of Electrical Energy Devices in an Industrial Factory Using a Multi-Agent System—The Solutions of the DIEGO Project",
    "created": "2025-05-08T15:09:15.561+02:00",
    "modified": "2025-09-09T23:21:18.484+02:00",
    "language": "en",
    "doi": "10.3390/en18102416",
    "url": "https://doi.org/10.3390/en18102416",
    "authors": [
        {
            "full_name": "Łukasz Rokicki",
            "affiliation": null
        },
        {
            "full_name": "Mirosław Parol",
            "affiliation": null
        },
        {
            "full_name": "Piotr Pałka",
            "affiliation": null
        },
        {
            "full_name": "Marcin Kopyt",
            "affiliation": null
        }
    ],
    "abstract": null,
    "keywords": null
}