{
    "id": "WUTb250da7e47ba4848b4924edb3f9841ef",
    "title": "The Use of Artificial Intelligence and Virtual Computer Laboratories to Develop Computer Science Education",
    "created": "2025-07-10T18:52:50.069+02:00",
    "modified": "2025-09-09T23:22:18.432+02:00",
    "language": "en",
    "doi": "10.1007/978-3-031-97573-8_21",
    "url": "https://doi.org/10.1007/978-3-031-97573-8_21",
    "authors": [
        {
            "full_name": "Maciej Paszyński",
            "affiliation": "University of Science and Technology"
        },
        {
            "full_name": "Amanda S. Barnard",
            "affiliation": null
        },
        {
            "full_name": "Yongjie Jessica Zhang",
            "affiliation": null
        },
        {
            "full_name": "Andrzej Kamiński",
            "affiliation": null
        },
        {
            "full_name": "Martyna Wybraniak-Kujawa",
            "affiliation": null
        },
        {
            "full_name": "Sergio Iserte",
            "affiliation": null
        },
        {
            "full_name": "Jerzy Krawiec",
            "affiliation": null
        }
    ],
    "abstract": null,
    "keywords": null
}