{
    "id": "WUTcf0f4ccf7dce446db3c48b7fefe8ca1d",
    "title": "A Systematic Literature Review of Enterprise Architecture Evaluation Methods",
    "created": "2025-01-30T19:57:42.798+01:00",
    "modified": "2025-09-09T23:19:05.942+02:00",
    "language": "en",
    "doi": "10.1145/3706582",
    "url": "https://doi.org/10.1145/3706582",
    "authors": [
        {
            "full_name": "Norbert Rudolf Busch",
            "affiliation": null
        },
        {
            "full_name": "Andrzej Zalewski",
            "affiliation": null
        }
    ],
    "abstract": null,
    "keywords": null
}