{
    "id": "WUT4cd5b22825894a20b6d787fd5e118f40",
    "title": "Real-Time Electrical Energy Balancing and Limiting the Peak Power Demand of an Industrial Facility Using a Multi-Agent System - Early Solutions of the DIEGO Project",
    "created": "2025-01-16T07:12:29.453+01:00",
    "modified": "2025-09-09T23:26:00.775+02:00",
    "language": "en",
    "doi": "10.1109/epe61521.2024.10559569",
    "url": "https://doi.org/10.1109/epe61521.2024.10559569",
    "authors": [
        {
            "full_name": "Łukasz Rokicki",
            "affiliation": null
        },
        {
            "full_name": "Mirosław Parol",
            "affiliation": null
        },
        {
            "full_name": "Piotr Pałka",
            "affiliation": null
        },
        {
            "full_name": "Marcin Kopyt",
            "affiliation": null
        },
        {
            "full_name": "Paweł Piotrowski",
            "affiliation": null
        }
    ],
    "abstract": null,
    "keywords": null
}