{
    "id": "WUT0c319880915b449bba291c7d93f8083d",
    "title": "Unveiling the Molecular Mechanism of Trastuzumab Resistance in SKBR3 and BT474 Cell Lines for HER2 Positive Breast Cancer",
    "created": "2025-02-14T12:17:40.820+01:00",
    "modified": "2025-09-09T23:32:04.814+02:00",
    "language": "en",
    "doi": "10.3390/cimb46030171",
    "url": "https://doi.org/10.3390/cimb46030171",
    "authors": [
        {
            "full_name": "Anna Kokot",
            "affiliation": null
        },
        {
            "full_name": "Sachin Gadakh",
            "affiliation": null
        },
        {
            "full_name": "Indrajit Saha",
            "affiliation": "National Institute of Technical Teachers’ Training and Research, Kolkata, West Bengal, India"
        },
        {
            "full_name": "Ewa Gajda",
            "affiliation": null
        },
        {
            "full_name": "Michał Łaźniewski",
            "affiliation": null
        },
        {
            "full_name": "Somnath Rakshit",
            "affiliation": null
        },
        {
            "full_name": "Kaustav Sengupta",
            "affiliation": null
        },
        {
            "full_name": "Ayatullah Faruk Mollah",
            "affiliation": null
        },
        {
            "full_name": "Michał Denkiewicz",
            "affiliation": null
        },
        {
            "full_name": "Katarzyna Górczak",
            "affiliation": null
        },
        {
            "full_name": "Jürgen Claesen",
            "affiliation": null
        },
        {
            "full_name": "Tomasz Burzykowski",
            "affiliation": "Hasselt University"
        },
        {
            "full_name": "Dariusz Plewczyński",
            "affiliation": null
        }
    ],
    "abstract": null,
    "keywords": null
}