{
    "id": "WUT84295627176e4a41858646e6f5b1cfc3",
    "title": "Artificial intelligence in music: recent trends and challenges",
    "created": "2025-02-17T10:29:32.212+01:00",
    "modified": "2025-09-09T23:20:45.070+02:00",
    "language": "en",
    "doi": "10.1007/s00521-024-10555-x",
    "url": "https://doi.org/10.1007/s00521-024-10555-x",
    "authors": [
        {
            "full_name": "Jan Kazimierz Mycka",
            "affiliation": null
        },
        {
            "full_name": "Jacek Mańdziuk",
            "affiliation": null
        }
    ],
    "abstract": null,
    "keywords": null
}