{
    "id": "WUT75dbb6cdf569493a9c9ba864bc3b2ac4",
    "title": "Supervised Semantic Segmentation of Urban Area Using SAR",
    "created": "2025-05-05T13:15:06.249+02:00",
    "modified": "2025-09-09T23:21:08.753+02:00",
    "language": "en",
    "doi": "10.3390/rs17091606",
    "url": "https://doi.org/10.3390/rs17091606",
    "authors": [
        {
            "full_name": "Joanna Pluto-Kossakowska",
            "affiliation": null
        },
        {
            "full_name": "Sandhi Wangiyana",
            "affiliation": null
        }
    ],
    "abstract": null,
    "keywords": null
}