{
    "id": "WUT84822760f3e041dcaae455bd0e0d0e87",
    "title": "Improving Object Detection Quality in Football Through Super-Resolution Techniques",
    "created": "2025-06-30T10:59:34.230+02:00",
    "modified": "2025-09-09T23:18:07.891+02:00",
    "language": "en",
    "doi": "10.1007/978-3-031-97626-1_11",
    "url": "https://doi.org/10.1007/978-3-031-97626-1_11",
    "authors": [
        {
            "full_name": "Karolina Seweryn",
            "affiliation": null
        },
        {
            "full_name": "Gabriel Chȩć",
            "affiliation": null
        },
        {
            "full_name": "Szymon Łukasik",
            "affiliation": null
        },
        {
            "full_name": "Anna Wróblewska",
            "affiliation": null
        }
    ],
    "abstract": null,
    "keywords": null
}