{
    "id": "WUT17c623f27aa14258b8adb9be3139531f",
    "title": "Corrections to “Multitaper ISAR Noise Suppression”",
    "created": "2024-11-07T13:49:50.954+01:00",
    "modified": "2025-09-09T23:22:46.323+02:00",
    "language": "en",
    "doi": "10.1109/TGRS.2024.3482028",
    "url": "https://doi.org/10.1109/TGRS.2024.3482028",
    "authors": [
        {
            "full_name": "Karol Abratkiewicz",
            "affiliation": null
        }
    ],
    "abstract": null,
    "keywords": null
}