{
    "id": "WUT579d067aca3e45df984f252e9cc12ebc",
    "title": "First-year follow-up costs of myocardial infarction management in Poland from the payer’s perspective",
    "created": "2025-02-17T11:44:08.580+01:00",
    "modified": "2025-09-09T23:34:30.778+02:00",
    "language": "en",
    "doi": "10.33963/v.phj.99006",
    "url": "https://doi.org/10.33963/v.phj.99006",
    "authors": [
        {
            "full_name": "Anna Skowrońska",
            "affiliation": null
        },
        {
            "full_name": "Siamala Sinnadurai",
            "affiliation": null
        },
        {
            "full_name": "Paweł Roman Teisseyre",
            "affiliation": null
        },
        {
            "full_name": "Patrycja Gryka",
            "affiliation": null
        },
        {
            "full_name": "Agnieszka Doryńska",
            "affiliation": null
        },
        {
            "full_name": "Magdalena Dzierwa",
            "affiliation": null
        },
        {
            "full_name": "Mariusz Gąsior",
            "affiliation": null
        },
        {
            "full_name": "Marcin Grabowski",
            "affiliation": null
        },
        {
            "full_name": "Karol Kamiński",
            "affiliation": null
        },
        {
            "full_name": "Jarosław D Kasprzak",
            "affiliation": null
        },
        {
            "full_name": "Jacek Kubica",
            "affiliation": null
        },
        {
            "full_name": "Maciej Lesiak",
            "affiliation": null
        },
        {
            "full_name": "Bartosz Szafran",
            "affiliation": null
        },
        {
            "full_name": "Mariusz Wójcik",
            "affiliation": null
        },
        {
            "full_name": "Jarosław Pinkas",
            "affiliation": null
        },
        {
            "full_name": "Radosław Sierpiński",
            "affiliation": null
        },
        {
            "full_name": "Ryszard Gellert",
            "affiliation": null
        },
        {
            "full_name": "Piotr Jankowski",
            "affiliation": null
        }
    ],
    "abstract": "Background: Myocardial infarction (MI) remains a major burden for healthcare systems. Therefore, we intended to analyze the determinants of cost management of patients hospitalized for MI in Poland. Methods: Data on patients hospitalized and discharged with the diagnosis of acute MI were derived from the public payer claims database. Adult patients, reported between October 1, 2017 and December 31, 2019, were included. Costs of hospitalization for acute MI and cumulative one-year follow-up were analyzed. Results: The median (IQR) of the total direct cost was €3804.7 (2674.1–5712.7) per patient and 29% (€1113.6 [380.5–2490.4]) of these were costs related to the use of post-hospitalization healthcare resources. The median cost of cardiovascular disease management was €3624.7 (2582.1–5258.5), and 26% of this sum were follow-up costs. The analysis of the total cost for individual years showed a slight increase in median costs in subsequent years: €3450.7 (2407.8–5205.2) in 2017, €3753.8 (2642.6–5681.9) in 2018, and €3944.9 (2794.8–5844.4) in 2019. Male sex, heart failure, atrial fibrillation, diabetes, kidney disease, chronic obstructive pulmonary disease, and history of stroke in addition to hospitalization in a department other than cardiology or internal disease were independently related to the cost of MI patient management. Conclusions: The high cost of management of MI patients was independently related to sex, heart failure, atrial fibrillation, diabetes, kidney disease, chronic obstructive pulmonary disease, and history of stroke as well as hospitalization in other than cardiology or internal disease department.",
    "keywords": "acute myocardial infarction; healthcare costs; invasive management"
}