{
    "id": "WUT3acdb39e268d4eeab1a98b03e1dd0c37",
    "title": "How to Increase the Visibility of Statisticians in the Modern World of Dataism?",
    "created": "2025-02-13T15:27:05.846+01:00",
    "modified": "2025-09-10T00:17:36.666+02:00",
    "language": "en",
    "doi": "10.1007/978-3-031-12766-3_1",
    "url": "https://doi.org/10.1007/978-3-031-12766-3_1",
    "authors": [
        {
            "full_name": "Nuno Henriques dos Santos de Sepúlveda",
            "affiliation": null
        }
    ],
    "abstract": "<p>In the view of the historian Yuval Noah Harari, current human thought can be characterized by a deep belief in data, whether big or small, as the main vehicle to understand and control the world. This belief is referred to as Dataism. Notwithstanding their key role as guarantors of high-quality statistical exercises and data curators, statisticians typically remain in the shadow of big decisions in multidisciplinary and highly collaborative environments. This situation can be overcome by operating a change in the mindset of statisticians from shoe clerks to statistical leaders. Under the assumption that a statistician has already achieved a certain level of statistical proficiency, this paper aims to discuss useful skills, such as active listening, networking, and effective communication, which can foster statistical leadership and increase recognition and merit by non-statisticians inside and outside academia.</p>",
    "keywords": null
}