{
    "id": "WUT4d0a44a5b42c40129e94104aea835d16",
    "title": "Normalised Clustering Accuracy: An Asymmetric External Cluster Validity Measure",
    "created": "2025-01-28T08:35:27.860+01:00",
    "modified": "2025-09-09T23:31:04.859+02:00",
    "language": "en",
    "doi": "10.1007/s00357-024-09482-2",
    "url": "https://doi.org/10.1007/s00357-024-09482-2",
    "authors": [
        {
            "full_name": "Marek Gągolewski",
            "affiliation": null
        }
    ],
    "abstract": null,
    "keywords": null
}