{
    "id": "WUT5c402aea08a6433e90540b2d8b0edb8e",
    "title": "A critique of the bounded fuzzy possibilistic method",
    "created": "2025-02-14T08:32:37.856+01:00",
    "modified": "2025-09-10T00:17:09.943+02:00",
    "language": "en",
    "doi": "10.1016/j.fss.2021.07.001",
    "url": "https://doi.org/10.1016/j.fss.2021.07.001",
    "authors": [
        {
            "full_name": "Marek Gągolewski",
            "affiliation": null
        }
    ],
    "abstract": null,
    "keywords": null
}