{
    "id": "WUT868e55e880ea4df89e66a0c48c1418a3",
    "title": "The Pragmatics of the Data Acquisition and Assessment",
    "created": "2025-01-30T14:31:38.308+01:00",
    "modified": "2025-09-09T23:26:59.536+02:00",
    "language": "en",
    "doi": "10.1007/978-3-031-32503-8_2",
    "url": "https://doi.org/10.1007/978-3-031-32503-8_2",
    "authors": [
        {
            "full_name": "Janusz Kacprzyk",
            "affiliation": null
        },
        {
            "full_name": "Agnieszka Jastrzębska",
            "affiliation": null
        },
        {
            "full_name": "Jan W. Owsiński",
            "affiliation": null
        },
        {
            "full_name": "Karol Opara",
            "affiliation": null
        },
        {
            "full_name": "Marek Gajewski",
            "affiliation": null
        },
        {
            "full_name": "Olgierd Hryniewicz",
            "affiliation": null
        },
        {
            "full_name": "Mariusz Kozakiewicz",
            "affiliation": null
        },
        {
            "full_name": "Sławomir Zadrożny",
            "affiliation": null
        },
        {
            "full_name": "Tomasz Zwierzchowski",
            "affiliation": null
        }
    ],
    "abstract": "<p>In this chapter, we will look in a more detail at the ways in which data were acquired and processed in the framework of the project in question. We will do so against the background of observations and examples already provided in the preceding section, starting with the first section of the present chapter.</p>",
    "keywords": null
}