{
    "id": "WUT02aa2a4768944f559479d355a2b09fd7",
    "title": "Analysis of Antibody Data Using Skew-Normal and Skew-t Mixture Models",
    "created": "2024-11-19T15:35:53.754+01:00",
    "modified": "2025-09-09T23:30:43.905+02:00",
    "language": "en",
    "doi": "10.57805/revstat.v22i1.455",
    "url": "https://doi.org/10.57805/revstat.v22i1.455",
    "authors": [
        {
            "full_name": "Tiago Dias  Domingues",
            "affiliation": null
        },
        {
            "full_name": "Helena Mouriño",
            "affiliation": null
        },
        {
            "full_name": "Nuno Henriques dos Santos de Sepúlveda",
            "affiliation": null
        }
    ],
    "abstract": "Gaussian mixture models, which assume a Normal distribution for each component, are popular in antibody (or serological) data analysis to help determining antibody-positive and antibody negative individuals. In this work, we advocate using finite mixture models based on Skew-Normal and Skew-t distributions for serological data analysis. These flexible mixing distributions have the advantage of describing right and left asymmetry often observed in the distributions of known antibody-negative and antibody-positive individuals, respectively. We illustrate the application of these alternative mixture models in a data set on the role of human herpesviruses in the Myalgic Encephalomyelitis/Chronic Fatigue Syndrome.",
    "keywords": "Finite mixture models; Skew-Normal; Skew-t; seropositivity."
}