{
    "id": "WUT3f65270366774e70a53919a725562654",
    "title": "Operations on Balanced Fuzzy Sets",
    "created": "2025-02-17T09:53:01.041+01:00",
    "modified": "2025-09-10T00:07:34.473+02:00",
    "language": "en",
    "doi": "10.1109/fuzz52849.2023.10309700",
    "url": "https://doi.org/10.1109/fuzz52849.2023.10309700",
    "authors": [
        {
            "full_name": "Zofia Matusiewicz",
            "affiliation": null
        },
        {
            "full_name": "Władysław Homenda",
            "affiliation": null
        }
    ],
    "abstract": null,
    "keywords": null
}