{
    "id": "WUT924c1be481294b7b8c4af0b31177c9f0",
    "title": "LoopSage: An energy-based Monte Carlo approach for the loop extrusion modeling of chromatin",
    "created": "2024-11-12T12:59:22.396+01:00",
    "modified": "2025-09-09T23:33:50.315+02:00",
    "language": "en",
    "doi": "10.1016/j.ymeth.2024.01.015",
    "url": "https://doi.org/10.1016/j.ymeth.2024.01.015",
    "authors": [
        {
            "full_name": "Dariusz Plewczyński",
            "affiliation": null
        },
        {
            "full_name": "Sevastianos Korsak",
            "affiliation": null
        }
    ],
    "abstract": "Highlights[CR][LF]• We improved the already-existing LEM (loop extrusion model) algorithm for the prediction of 3D structure of chromatin.[CR][LF]• We present a simulation pipeline that generates thermodynamic ensembles of 3D structures for topologically associated domain (TAD) regions.[CR][LF]• The CCCTC-binding factor (CTCF) locations on DNA sequence are modeled as energy minima on the Monte Carlo energy landscape.[CR][LF]• The spatial distances between DNA segments from ChIA-PET experiments show high correlation with the averaged simulated distances.[CR][LF]• LoopSage allows us to observe phase transition between sparse and condensed states in chromatin.[CR][LF][CR][LF]The connection between the patterns observed in 3C-type experiments and the modeling of polymers remains unresolved. This paper presents a simulation pipeline that generates thermodynamic ensembles of 3D structures for topologically associated domain (TAD) regions by loop extrusion model (LEM). The simulations consist of two main components: a stochastic simulation phase, employing a Monte Carlo approach to simulate the binding positions of cohesins, and a dynamical simulation phase, utilizing these cohesins′ positions to create 3D structures. In this approach, the system′s total energy is the combined result of the Monte Carlo energy and the molecular simulation energy, which are iteratively updated. The structural maintenance of chromosomes (SMC) protein complexes are represented as loop extruders, while the CCCTC-binding factor (CTCF) locations on DNA sequence are modeled as energy minima on the Monte Carlo energy landscape. Finally, the spatial distances between DNA segments from ChIA-PET experiments are compared with the computer simulations, and we observe significant Pearson correlations between predictions and the real data. LoopSage model offers a fresh perspective on chromatin loop dynamics, allowing us to observe phase transition between sparse and condensed states in chromatin.",
    "keywords": "CTCF, 3D genome, deep neural networks, cis-regulatory element, CTCF-mediated loop"
}