{
    "id": "WUTc1ea0e3453d84b658d1ad2d68fecd17c",
    "title": "Prediction of the mobile game players’ payments-related retention from the Big Data perspective",
    "created": "2024-11-04T09:01:19.209+01:00",
    "modified": "2025-09-09T23:29:59.175+02:00",
    "language": "en",
    "doi": "10.24425/ijet.2024.152510",
    "url": "https://doi.org/10.24425/ijet.2024.152510",
    "authors": [
        {
            "full_name": "Piotr Bilski",
            "affiliation": null
        },
        {
            "full_name": "Rafał Łabędzki",
            "affiliation": null
        },
        {
            "full_name": "Adrian Bilski",
            "affiliation": null
        }
    ],
    "abstract": null,
    "keywords": null
}