{
    "id": "WUT3dad757a20ed48a7b63ee871b7e4cba9",
    "title": "Assessment of UAV image quality in terms of optical resolution",
    "created": "2025-06-18T11:23:46.608+02:00",
    "modified": "2025-09-09T23:21:55.023+02:00",
    "language": "en",
    "doi": "10.5194/isprs-archives-xlviii-1-w4-2025-139-2025",
    "url": "https://doi.org/10.5194/isprs-archives-xlviii-1-w4-2025-139-2025",
    "authors": [
        {
            "full_name": "Paulina Zachar",
            "affiliation": null
        },
        {
            "full_name": "Łukasz Wilk",
            "affiliation": null
        },
        {
            "full_name": "Magdalena Pilarska-Mazurek",
            "affiliation": null
        },
        {
            "full_name": "Henry Meißner",
            "affiliation": null
        },
        {
            "full_name": "Wojciech Ostrowski",
            "affiliation": null
        }
    ],
    "abstract": null,
    "keywords": null
}