{
    "id": "WUT621be7122610483e97d086bb81ff023e",
    "title": "Towards  Cognitive Synergy in LLM-Based Multi-Agent Systems: Integrating Theory of Mind and Critical Evaluation",
    "created": "2025-07-31T15:54:23.952+02:00",
    "modified": "2025-09-09T23:22:21.635+02:00",
    "language": "en",
    "doi": null,
    "url": "https://escholarship.org/uc/item/20j8628c",
    "authors": [
        {
            "full_name": "D. Barner",
            "affiliation": null
        },
        {
            "full_name": "N.R. Bramley",
            "affiliation": null
        },
        {
            "full_name": "A. Ruggeri",
            "affiliation": null
        },
        {
            "full_name": "C. M. Walker",
            "affiliation": null
        },
        {
            "full_name": "Adam  Kostka",
            "affiliation": null
        },
        {
            "full_name": "Jarosław Chudziak",
            "affiliation": null
        }
    ],
    "abstract": "Recently, the field of Multi-Agent Systems (MAS) has gained popularity as researchers are trying to develop artificial intelligence capable of efficient collective reasoning. Agents based on Large Language Models (LLMs) perform well in isolated tasks, yet struggle with higher-order cognition required for adaptive collaboration. Human teams achieve synergy not only through knowledge sharing, but also through recursive reasoning, structured critique, and the ability to infer others' mental states. Current artificial systems lack these essential mechanisms, limiting their ability to engage in sophisticated collective reasoning. This work explores cognitive processes that enable effective collaboration, focusing on adaptive theory of mind (ToM) and systematic critical evaluation. We investigate three key questions. First, how does the ability to model others' perspectives enhance coordination and reduce redundant reasoning? Second, to what extent does structured critique improve reasoning quality by identifying logical gaps and mitigating biases? Third, the interplay of these mechanisms can lead to emergent cognitive synergy, where the collective intelligence of the system exceeds the sum of its parts. Through an empirical case study on complex decision making, we show that the integration of these cognitive mechanisms leads to more coherent, adaptive, and rigorous agent interactions. This article contributes to the field of cognitive science and AI research by presenting a structured framework that emulates human-like collaborative reasoning MAS. It highlights the significance of dynamic ToM and critical evaluation in advancing multi-agent systems' ability to tackle complex, real-world challenges.",
    "keywords": null
}