{
    "id": "WUT4a9f0146108c4303ad230ff4540a3678",
    "title": "Nowe formy, nowe treści, nowe metody: w kierunku elastycznych ścieżek kształcenia",
    "created": "2025-07-15T11:10:49.829+02:00",
    "modified": "2025-09-09T23:17:47.160+02:00",
    "language": "pl",
    "doi": null,
    "url": "https://www.ipwc.pw.edu.pl/wp-content/uploads/2025/03/IPWC-XC-Ewolucja-kultury-akademickiej.pdf",
    "authors": [
        {
            "full_name": "Józef Lubacz",
            "affiliation": null
        },
        {
            "full_name": "Zbigniew Marciniak",
            "affiliation": null
        },
        {
            "full_name": "Andrzej Kraśniewski",
            "affiliation": null
        }
    ],
    "abstract": null,
    "keywords": null
}