{
    "id": "WUTa5cf61f1bc874a6988a7aa137b83e5c5",
    "title": "Comparison of Messaging Protocols for Internet of Things - Security",
    "created": "2025-06-29T23:05:14.071+02:00",
    "modified": "2025-09-09T23:22:01.688+02:00",
    "language": "en",
    "doi": null,
    "url": "https://ibima.org/accepted-paper/comparison-of-messaging-protocols-for-internet-of-things-security/",
    "authors": [
        {
            "full_name": "Jerzy Krawiec",
            "affiliation": null
        },
        {
            "full_name": "Piotr Górny",
            "affiliation": null
        },
        {
            "full_name": "Maciej Kiedrowicz",
            "affiliation": null
        }
    ],
    "abstract": null,
    "keywords": null
}