{
    "id": "WUT7aaa52332efe4575a144347f8b452044",
    "title": "Technologia 5G w zastosowaniach militarnych",
    "created": "2024-11-22T09:46:38.082+01:00",
    "modified": "2025-09-09T23:26:10.723+02:00",
    "language": "pl",
    "doi": null,
    "url": null,
    "authors": [
        {
            "full_name": "Marek Suchański",
            "affiliation": "Military University of Technology"
        },
        {
            "full_name": "Andrzej Bęben",
            "affiliation": null
        }
    ],
    "abstract": "Współczesne operacje wojskowe wymagają sieci łączności o zwiększonej pojemności i niezawodności. Dotyczy to również systemów WRE. Dlatego w artykule omówiono sieci bezprzewodowe 5G i wyartykułowano ich główne funkcjonalności stanowiące o ich przydatności do zastosowań w domenie militarnej. Jednocześnie omówiono zakres niezbędnych prac mających na celu „uzdatnienie” \ntechnologii 5G (wyeliminowanie istniejących obecnie luk \ntechnologicznych) do eksploatacji w scenariuszach militarnych różniących się od występujących w sieciach cywilnych",
    "keywords": "technika 5G, wojskowe sieci 5G, instalacje pilotażowe, luki technologii 5G."
}