{
    "id": "WUTe9748c0c9d524693a572a9d49aeea4de",
    "title": "Learning Continually by Spectral Regularization",
    "created": "2025-05-06T21:36:41.953+02:00",
    "modified": "2025-09-09T23:22:31.738+02:00",
    "language": "en",
    "doi": null,
    "url": "https://openreview.net/forum?id=Hcb2cgPbMg",
    "authors": [
        {
            "full_name": "Alex Lewandowski",
            "affiliation": null
        },
        {
            "full_name": "Michał Bortkiewicz",
            "affiliation": null
        },
        {
            "full_name": "Saurabh Kumar",
            "affiliation": null
        },
        {
            "full_name": "András György",
            "affiliation": null
        },
        {
            "full_name": "Dale Schuurmans",
            "affiliation": null
        },
        {
            "full_name": "Mateusz Ostaszewski",
            "affiliation": null
        },
        {
            "full_name": "Marlos C. Machado",
            "affiliation": null
        }
    ],
    "abstract": "Loss of plasticity is a phenomenon where neural networks can become more difficult to train over the course of learning. Continual learning algorithms seek to mitigate this effect by sustaining good performance while maintaining network trainability. We develop a new technique for improving continual learning inspired by the observation that the singular values of the neural network parameters at initialization are an important factor for trainability during early phases of learning. From this perspective, we derive a new spectral regularizer for continual learning that better sustains these beneficial initialization properties throughout training. In particular, the regularizer keeps the maximum singular value of each layer close to one. Spectral regularization directly ensures that gradient diversity is maintained throughout training, which promotes continual trainability, while minimally interfering with performance in a single task. We present an experimental analysis that shows how the proposed spectral regularizer can sustain trainability and performance across a range of model architectures in continual supervised and reinforcement learning settings. Spectral regularization is less sensitive to hyperparameters while demonstrating better training in individual tasks, sustaining trainability as new tasks arrive, and achieving better generalization performance.",
    "keywords": null
}