{
    "id": "WUT64506811ebd947cdb502626d90a21dc0",
    "title": "Pięćdziesiąt lat rozwoju fotoniki światłowodowej w Polsce –światłowody i ich zastosowania – OFTA 2025",
    "created": "2025-03-05T14:29:55.313+01:00",
    "modified": "2025-09-09T23:21:22.417+02:00",
    "language": "pl",
    "doi": "10.15199/13.2025.2.1",
    "url": "https://doi.org/10.15199/13.2025.2.1",
    "authors": [
        {
            "full_name": "Ryszard Romaniuk",
            "affiliation": null
        },
        {
            "full_name": "Jan Dorosz",
            "affiliation": "Bialystok University of Technology"
        }
    ],
    "abstract": "Fotonika światłowodowa obchodzi w Polsce swoje 50-lecie. Organizowane w kraju od 50. lat konferencje Światłowody i Ich Zastosowania odegrały istotną rolę w rozwoju krajowego środowiska naukowego i technicznego techniki światłowodowej, lub jak to określamy dzisiaj fotoniki światłowodowej. Ten dział fotoniki obejmuje telekomunikację światłowodową oraz fotonikę instrumentalną, w tym komponenty i czujniki światłowodowe. Każdy system światłowodowy wymaga ultra-nisko stratnego, lub specjalizowanego, medium transmisyjnego w postaci światłowodu włóknowego lub planarnego. Medium może być aktywne lub pasywne, czułe lub nieczułe na oddziaływania zewnętrzne. Światłowód ogranicza przestrzennie rozprzestrzenianie fali optycznej metodą refrakcyjną lub przy pomocy fotonicznego pasma zabronionego. Do budowy nowoczesnego systemu światłowodowego konieczne są źródła i detektory światła oraz rozmaite komponenty optyczne i fotoniczne, najlepiej zintegrowane lub światłowodowe, a niekoniecznie objętościowe. Od rozwiązań objętościowych w systemach fotonicznych odchodzi się ewolucyjnie ze względu na zmniejszenie kosztów i nakładu pracy, oraz zwiększenie niezawodności komponentów i układów fotonicznych. Konferencja światłowodowa przez wiele lat publikowała swoje materiały w serii wydawniczej Proc.SPIE i jest znana w środowisku międzynarodowym pod nazwą Optical Fibers and Their Applications OFTA. XXI z kolei Konferencja OFTA2025 zgromadziła ponad 60. uczestników i zaprezentowano ponad 50 referatów i posterów. W artykule dokonano przeglądu prac konferencji OFTA2025.",
    "keywords": null
}