{
    "id": "WUT11417ef99bac41de92a1ccf8bcb08c93",
    "title": "Evaluation of configurations of AWS Lambda functions",
    "created": "2025-07-11T12:26:11.936+02:00",
    "modified": "2025-09-09T23:18:57.692+02:00",
    "language": "pl",
    "doi": "10.24425/ijet.2025.153619",
    "url": "https://doi.org/10.24425/ijet.2025.153619",
    "authors": [
        {
            "full_name": "Ilona Bluemke",
            "affiliation": null
        },
        {
            "full_name": "Arkadiusz Zdanowski",
            "affiliation": null
        }
    ],
    "abstract": null,
    "keywords": null
}