{
    "id": "WUT66315e13b6154ffcae1b63ffb081b77c",
    "title": "Post-Infection Fatigue Syndromes in the Era of Long COVID: The Case of Myalgic Encephalomyelitis/Chronic Fatigue Syndrome",
    "created": "2024-12-02T17:49:05.230+01:00",
    "modified": "2025-09-09T23:31:26.307+02:00",
    "language": "en",
    "doi": "10.20344/amp.21845",
    "url": "https://doi.org/10.20344/amp.21845",
    "authors": [
        {
            "full_name": "Nuno Henriques dos Santos de Sepúlveda",
            "affiliation": null
        },
        {
            "full_name": "João Malato",
            "affiliation": null
        },
        {
            "full_name": "João Winck",
            "affiliation": null
        },
        {
            "full_name": "António Carneiro",
            "affiliation": null
        },
        {
            "full_name": "Joan Serra Hoffman",
            "affiliation": null
        },
        {
            "full_name": "Jaime Branco",
            "affiliation": null
        }
    ],
    "abstract": null,
    "keywords": "COVID-19/complications, Fatigue Syndrome, Chronic, Post-Acute COVID-19 Syndrome"
}