{
    "id": "WUTdab3eff70eb046138ea51bb67e54ef63",
    "title": "Corrections to “Windowed Two-Dimensional Fourier Transform Concentration and Its Application to ISAR Imaging”",
    "created": "2025-04-16T10:35:41.114+02:00",
    "modified": "2025-09-09T23:22:02.716+02:00",
    "language": "en",
    "doi": "10.1109/tip.2024.3517252",
    "url": "https://doi.org/10.1109/tip.2024.3517252",
    "authors": [
        {
            "full_name": "Karol Abratkiewicz",
            "affiliation": null
        }
    ],
    "abstract": "Presents corrections to the paper, (Corrections to “Windowed Two-Dimensional Fourier Transform Concentration and Its Application to ISAR Imaging”).",
    "keywords": null
}