{
    "id": "WUT53dcb983ff9d44d8b74cfc5854872dc0",
    "title": "Classification of Music Structural Functions using Deep Learning",
    "created": "2025-07-10T12:38:56.728+02:00",
    "modified": "2025-09-09T23:18:49.901+02:00",
    "language": "en",
    "doi": "10.24425/ijet.2025.153608",
    "url": "https://doi.org/10.24425/ijet.2025.153608",
    "authors": [
        {
            "full_name": "Dina Al-Daloo",
            "affiliation": null
        },
        {
            "full_name": "Piotr Bilski",
            "affiliation": null
        }
    ],
    "abstract": null,
    "keywords": null
}