{
    "id": "WUT807fa726c93840a6893acf9a3da735ed",
    "title": "Analysis of the Influence of Spatial Factors on the Spread of COVID-19 in Polish Counties",
    "created": "2025-03-18T19:34:07.727+01:00",
    "modified": "2025-09-10T00:05:15.519+02:00",
    "language": "en",
    "doi": null,
    "url": "https://primo-48tuw.hosted.exlibrisgroup.com/primo-explore/fulldisplay?docid=48TUW_WTU01000390549&context=L&vid=48TUW_VIEW&lang=pl_PL",
    "authors": [
        {
            "full_name": "Andrzej Jakubiak",
            "affiliation": null
        },
        {
            "full_name": "Paweł Prusałowicz",
            "affiliation": null
        },
        {
            "full_name": "Barbara Raciniewska",
            "affiliation": null
        },
        {
            "full_name": "Natalia Szakiel",
            "affiliation": null
        },
        {
            "full_name": "Piotr Pałka",
            "affiliation": null
        }
    ],
    "abstract": null,
    "keywords": null
}