{
    "id": "WUT5e1777fd11954f35a5098c0b7c3d8ebf",
    "title": "Bigger, Regularized, Optimistic: scaling for compute and sample efficient continuous control",
    "created": "2025-04-23T10:23:34.181+02:00",
    "modified": "2025-09-09T23:22:46.105+02:00",
    "language": "en",
    "doi": null,
    "url": "https://proceedings.neurips.cc/paper_files/paper/2024/file/cd3b5d2ed967e906af24b33d6a356cac-Paper-Conference.pdf",
    "authors": [
        {
            "full_name": "A. Globerson",
            "affiliation": null
        },
        {
            "full_name": "L. Mackey",
            "affiliation": null
        },
        {
            "full_name": "D. Belgrave",
            "affiliation": null
        },
        {
            "full_name": "A. Fan",
            "affiliation": null
        },
        {
            "full_name": "U. Paquet",
            "affiliation": null
        },
        {
            "full_name": "J. Tomczak",
            "affiliation": null
        },
        {
            "full_name": "C. Zhang",
            "affiliation": null
        },
        {
            "full_name": "Michal Nauman",
            "affiliation": null
        },
        {
            "full_name": "Mateusz Ostaszewski",
            "affiliation": null
        },
        {
            "full_name": "Krzysztof Jankowski",
            "affiliation": null
        },
        {
            "full_name": "Piotr Miłoś",
            "affiliation": null
        },
        {
            "full_name": "Marek Cygan",
            "affiliation": null
        }
    ],
    "abstract": "Sample efficiency in Reinforcement Learning (RL) has traditionally been driven\n by algorithmic enhancements. In this work, we demonstrate that scaling can also\n lead to substantial improvements. We conduct a thorough investigation into the\n interplay of scaling model capacity and domain-specific RL enhancements. These\n empirical findings inform the design choices underlying our proposed BRO (Bigger,\n Regularized, Optimistic) algorithm. The key insight behind BRO is that strong\n regularization allows for effective scaling of the critic networks, which, paired with\n optimistic exploration, leads to superior performance. BRO achieves state-of-the\nart results, significantly outperforming the leading model-based and model-free\n algorithms across 40 complex tasks from the DeepMind Control, MetaWorld,\n and MyoSuite benchmarks. BRO is the first model-free algorithm to achieve\n near-optimal policies in the notoriously challenging Dog and Humanoid tasks.",
    "keywords": null
}