{
    "id": "WUT74741f8e864b44598711855471cef4ec",
    "title": "Affective Valence in Posts on X (Formerly Twitter)and Evaluation of a Politician’s Image",
    "created": "2025-07-15T15:02:13.743+02:00",
    "modified": "2025-09-09T23:20:53.904+02:00",
    "language": "en",
    "doi": "10.1177/0261927X251321504",
    "url": "https://doi.org/10.1177/0261927X251321504",
    "authors": [
        {
            "full_name": "M. Obrębska",
            "affiliation": null
        },
        {
            "full_name": "Barbara Konat",
            "affiliation": null
        },
        {
            "full_name": "Ewelina Gajewska",
            "affiliation": null
        },
        {
            "full_name": "N. Dembska",
            "affiliation": null
        },
        {
            "full_name": "M. Dobrowolska",
            "affiliation": null
        }
    ],
    "abstract": "The aim of this study was to examine whether the use of affective language by politicians impacts the social evaluation of their image, as measured by the semantic differential method developed by Cwalina et al.. In the study, Polish participants (N =958) evaluated the profiles of three well-known Polish politicians from different parties: Bosak (right-wing), Trzaskowski (center), and Biedroń (left-wing). Participants made evaluations before and after reading hateful, kind or neutral tweets about refugees from Ukraine. We controlled for participants’ political views and demographic variables. The results confirmed changes in evaluations of the image of politicians depending on the language they used. The ‘positivity bias’ identified in the study provides encouragement to use kindness speech in public discourse, showing that this type of communication can improve a politician’s ratings",
    "keywords": "hate speech, kindness speech, politician’s image"
}