{
    "id": "WUT4982f653a714455d90d8529abdd8b61f",
    "title": "Advanced High-Level Synthesis Techniques Based on Metamodel",
    "created": "2024-11-07T11:23:48.882+01:00",
    "modified": "2025-09-09T23:30:18.213+02:00",
    "language": "en",
    "doi": "10.24425/ijet.2024.152093",
    "url": "https://doi.org/10.24425/ijet.2024.152093",
    "authors": [
        {
            "full_name": "Radosław Cieszewski",
            "affiliation": null
        },
        {
            "full_name": "Ryszard Romaniuk",
            "affiliation": null
        },
        {
            "full_name": "Krzysztof Poźniak",
            "affiliation": null
        },
        {
            "full_name": "Maciej Grzegorz Linczuk",
            "affiliation": null
        }
    ],
    "abstract": "This paper explores advanced techniques in highlevel synthesis (HLS) utilizing metamodel structures. Metamodels act as models of hardware models, generating internal hardware models based on parameter inputs and exploring the solution space to find optimal configurations. The focus is on enhancing HLS processes through metamodeling, enabling more efficient hardware design and optimization. Key contributions include a novel metamodel framework and a case study demonstrating its application in complex system designs. The proposed methods show significant improvements in synthesis efficiency and scalability, making them highly relevant for modern FPGA and ASIC design workflows.",
    "keywords": "High-Level Synthesis, Metamodel, FPGA, Optimization, Hardware Design,  Digital Signal Processing, System Design"
}