{
    "id": "WUTce55b06135164d7080cba182b7958ca6",
    "title": "When PACE-Gate Meets Sample Size Calculations",
    "created": "2025-04-15T09:22:04.284+02:00",
    "modified": "2025-09-09T23:17:39.041+02:00",
    "language": "en",
    "doi": "10.1007/978-3-031-68949-9_12",
    "url": "https://doi.org/10.1007/978-3-031-68949-9_12",
    "authors": [
        {
            "full_name": "Nuno Henriques dos Santos de Sepúlveda",
            "affiliation": null
        }
    ],
    "abstract": null,
    "keywords": null
}