{
    "id": "WUTef961e36d8074bbaac28f3c9e4c04cca",
    "title": "Efficiency and Fairness Optimization in Energy Management",
    "created": "2025-05-08T15:54:47.196+02:00",
    "modified": "2025-09-09T23:22:27.979+02:00",
    "language": "en",
    "doi": "10.26636/jtit.2024.4.1819",
    "url": "https://doi.org/10.26636/jtit.2024.4.1819",
    "authors": [
        {
            "full_name": "Grzegorz Zalewski",
            "affiliation": null
        },
        {
            "full_name": "Janusz Granat",
            "affiliation": null
        },
        {
            "full_name": "Marek Makowski",
            "affiliation": null
        }
    ],
    "abstract": null,
    "keywords": null
}