{
    "id": "WUT573a16811d364cbdb6d202aee329856d",
    "title": "Selected Aspects of Planetary Physics",
    "created": "2025-04-30T09:00:54.446+02:00",
    "modified": "2025-09-09T23:20:04.060+02:00",
    "language": "en",
    "doi": "10.5506/aphyspolbsupp.18.3-a1",
    "url": "https://doi.org/10.5506/aphyspolbsupp.18.3-a1",
    "authors": [
        {
            "full_name": "J Kozakiewicz",
            "affiliation": null
        },
        {
            "full_name": "J. Gurgurewicz",
            "affiliation": null
        },
        {
            "full_name": "D. Mège",
            "affiliation": null
        },
        {
            "full_name": "Robert Olszewski",
            "affiliation": null
        },
        {
            "full_name": "M.I. Błęcka",
            "affiliation": null
        },
        {
            "full_name": "Kamil Choromański",
            "affiliation": null
        },
        {
            "full_name": "L. Czechowski",
            "affiliation": null
        },
        {
            "full_name": "Paweł Czernic",
            "affiliation": null
        },
        {
            "full_name": "N. Frodyma",
            "affiliation": null
        },
        {
            "full_name": "C. Orlanducci",
            "affiliation": null
        },
        {
            "full_name": "S. Poppe",
            "affiliation": null
        },
        {
            "full_name": "P.-A. Tesson",
            "affiliation": null
        },
        {
            "full_name": "N. Zalewska",
            "affiliation": null
        }
    ],
    "abstract": "We give an overview of Polish activities in planetary physics, based\non contributions presented at the National Mars Science Seminars and the Planetary Science Conference held at the Jagiellonian University in Kraków since 2019. During the five editions of the conference, about 50 presentations were discussed showing how robust and important the role of the Polish scientific community in planetary science is.",
    "keywords": null
}