{
    "id": "WUT80e215dc9aa749b0925325685e96c7b6",
    "title": "Optimization of railway microgrid operation under conditions of minimizing energy outflow to the grid",
    "created": "2025-03-31T15:08:05.561+02:00",
    "modified": "2025-09-09T23:21:05.045+02:00",
    "language": "en",
    "doi": "10.24425/ijet.2025.153569",
    "url": "https://doi.org/10.24425/ijet.2025.153569",
    "authors": [
        {
            "full_name": "Krzysztof Perlicki",
            "affiliation": null
        },
        {
            "full_name": "Piotr Szymon Obrycki",
            "affiliation": null
        }
    ],
    "abstract": "The railway energy microgrid, in terms of both photovoltaic installation and energy storage, should be dimensioned so that there is no or minimal energy outflow. Only under this assumption - that there is no energy flow outside the microgrid - can the consumer freely define the microgrid without the risk of disagreement from the grid operator. The article presents an optimization analysis of microgrid operation to minimize the energy exported to the grid. The microgrid operation was analyzed regarding the load generated by one of Poland's railway traction substations. The Particle Swarm Optimization method was used to optimize microgrid operation. Different photovoltaic panel orientations, values for the maximum energy export, and depth of discharge of energy storage were considered. The results show that it is possible to significantly reduce the value of energy export to the grid and use excess energy to charge the designed optimal battery energy storage. An analysis of the green energy used to power the traction substation was also carried out. The results indicate that it can represent a significant percentage of the energy used to power a traction substation.",
    "keywords": "photovoltaic; battery energy storage; railway microgrid; optimal design; Particle Swarm Optimization"
}