{
    "id": "WUTd5c7432858e34aa0ac171275cc025ca0",
    "title": "Investigating <mml:math xmlns:mml=\"http://www.w3.org/1998/Math/MathML\"><mml:mi mathvariant=\"normal\">Λ</mml:mi></mml:math> baryon production in <mml:math xmlns:mml=\"http://www.w3.org/1998/Math/MathML\"><mml:mi>p</mml:mi></mml:math>-Pb collisions in jets and the underlying event using angular correlations",
    "created": "2025-04-01T09:49:37.362+02:00",
    "modified": "2025-09-09T23:18:20.971+02:00",
    "language": "en",
    "doi": "10.1103/physrevc.111.015201",
    "url": "https://doi.org/10.1103/physrevc.111.015201",
    "authors": [
        {
            "full_name": "S. Acharya",
            "affiliation": null
        },
        {
            "full_name": "Pritam Chakraborty",
            "affiliation": null
        },
        {
            "full_name": "Zuzanna Anna Chochulska",
            "affiliation": null
        },
        {
            "full_name": "Maciej Czarnynoga",
            "affiliation": null
        },
        {
            "full_name": "Jan Dubiński",
            "affiliation": null
        },
        {
            "full_name": "Łukasz Graczykowski",
            "affiliation": null
        },
        {
            "full_name": "Katarzyna Gwiździel",
            "affiliation": null
        },
        {
            "full_name": "Monika Jakubowska",
            "affiliation": null
        },
        {
            "full_name": "Małgorzata Janik",
            "affiliation": null
        },
        {
            "full_name": "Maja Karwowska",
            "affiliation": null
        },
        {
            "full_name": "Adam Kisiel",
            "affiliation": null
        },
        {
            "full_name": "Georgy Kornakov",
            "affiliation": null
        },
        {
            "full_name": "Monika Kutyła",
            "affiliation": null
        },
        {
            "full_name": "Shirajum Monira",
            "affiliation": null
        },
        {
            "full_name": "Julian Myrcha",
            "affiliation": null
        },
        {
            "full_name": "Piotr Nowakowski",
            "affiliation": null
        },
        {
            "full_name": "Janusz Oleniacz",
            "affiliation": null
        },
        {
            "full_name": "Przemysław Rokita",
            "affiliation": null
        },
        {
            "full_name": "Krystian Rosłon",
            "affiliation": null
        },
        {
            "full_name": "Daniela Ruggiano",
            "affiliation": null
        },
        {
            "full_name": "Wioleta Rzęsa",
            "affiliation": null
        },
        {
            "full_name": "Maciej Szymkowski",
            "affiliation": null
        },
        {
            "full_name": "Tomasz Trzciński",
            "affiliation": null
        }
    ],
    "abstract": null,
    "keywords": null
}