{
    "id": "WUT42284841affb431c9ddbfb0ec4ea19fc",
    "title": "Consumer Transactions Simulation Through Generative Adversarial Networks Under Stock Constraints in Large-Scale Retail",
    "created": "2025-01-24T14:20:43.162+01:00",
    "modified": "2025-09-09T23:21:41.489+02:00",
    "language": "en",
    "doi": "10.3390/electronics14020284",
    "url": "https://doi.org/10.3390/electronics14020284",
    "authors": [
        {
            "full_name": "Sergiy Tkachuk",
            "affiliation": null
        },
        {
            "full_name": "Szymon Łukasik",
            "affiliation": null
        },
        {
            "full_name": "Anna Wróblewska",
            "affiliation": null
        }
    ],
    "abstract": null,
    "keywords": null
}