{
    "id": "WUTeb7ebaeaac794d6cb7999bf5b62c26d2",
    "title": "SATB2, CKAE1/AE3, and synaptophysin as a sensitive immunohistochemical panel for the detection of lymph node metastases of Merkel cell carcinoma",
    "created": "2025-01-28T09:04:22.469+01:00",
    "modified": "2025-09-09T23:34:50.861+02:00",
    "language": "en",
    "doi": "10.1007/s00428-023-03691-7",
    "url": "https://doi.org/10.1007/s00428-023-03691-7",
    "authors": [
        {
            "full_name": "Anna Szumera-Cieckiewicz",
            "affiliation": null
        },
        {
            "full_name": "Daniela Massi",
            "affiliation": null
        },
        {
            "full_name": "Angelo Cassisa",
            "affiliation": null
        },
        {
            "full_name": "Mateusz Krzyziński",
            "affiliation": null
        },
        {
            "full_name": "Monika Dudzisz-Sledz",
            "affiliation": null
        },
        {
            "full_name": "Przemysław Biecek",
            "affiliation": null
        },
        {
            "full_name": "Piotr Rutkowski",
            "affiliation": null
        },
        {
            "full_name": "Andrzej Marszalek",
            "affiliation": null
        },
        {
            "full_name": "Mai P. Hoang",
            "affiliation": null
        },
        {
            "full_name": "Piotr Donizy",
            "affiliation": null
        }
    ],
    "abstract": null,
    "keywords": "Immunohistochemistry; Lymph node metastases; Merkel cell carcinoma"
}