{
    "id": "WUTb71d31ccfae14598b1ad7447b90e339d",
    "title": "Exploring Blockchain’s Influence on Illicit Practices: A Comprehensive Analysis",
    "created": "2025-04-07T09:46:55.238+02:00",
    "modified": "2025-09-09T23:22:28.474+02:00",
    "language": "en",
    "doi": "10.1007/978-3-031-79086-7_30",
    "url": "https://doi.org/10.1007/978-3-031-79086-7_30",
    "authors": [
        {
            "full_name": "Khalid S. Soliman",
            "affiliation": null
        },
        {
            "full_name": "Jerzy Krawiec",
            "affiliation": null
        },
        {
            "full_name": "Paweł Gepner",
            "affiliation": null
        },
        {
            "full_name": "Leonid Moroz",
            "affiliation": null
        },
        {
            "full_name": "Piotr Górny",
            "affiliation": null
        },
        {
            "full_name": "Maciej Kiedrowicz",
            "affiliation": null
        }
    ],
    "abstract": null,
    "keywords": null
}