{
    "id": "WUT5e0857e2298e43099204d668f3054585",
    "title": "Global Counterfactual Directions",
    "created": "2024-11-25T01:11:26.303+01:00",
    "modified": "2025-09-09T23:24:40.836+02:00",
    "language": "en",
    "doi": "10.1007/978-3-031-73036-8_5",
    "url": "https://doi.org/10.1007/978-3-031-73036-8_5",
    "authors": [
        {
            "full_name": "Aleš Leonardis",
            "affiliation": null
        },
        {
            "full_name": "Elisa Ricci",
            "affiliation": null
        },
        {
            "full_name": "Stefan Roth",
            "affiliation": null
        },
        {
            "full_name": "Olga Russakovsky",
            "affiliation": null
        },
        {
            "full_name": "Torsten Sattler",
            "affiliation": null
        },
        {
            "full_name": "Gül Varol",
            "affiliation": null
        },
        {
            "full_name": "Barłomiej Sobieski",
            "affiliation": null
        },
        {
            "full_name": "Przemysław Biecek",
            "affiliation": null
        }
    ],
    "abstract": null,
    "keywords": "artificial intelligence"
}