{
    "id": "WUTb45dd8754a224e1ea82639f1906cd407",
    "title": "Space 4.0 – wspólna, demokratyczna europejska przestrzeń kosmiczna, część 5",
    "created": "2025-05-13T09:42:48.457+02:00",
    "modified": "2025-09-09T23:21:24.884+02:00",
    "language": "pl",
    "doi": "10.15199/13.2025.4.1",
    "url": "https://doi.org/10.15199/13.2025.4.1",
    "authors": [
        {
            "full_name": "Ryszard Romaniuk",
            "affiliation": null
        },
        {
            "full_name": "Piotr Orleański",
            "affiliation": "Space Research Centre"
        }
    ],
    "abstract": "W kończącym się na niniejszej części, dość długim cyklu artykułów staraliśmy się przedstawić europejską ideologię polityczno-społeczno- gospodarczą Space 4.0 ze wszystkich możliwych stron, a i tak nie wyczerpaliśmy jej wszystkich aspektów. Nie poruszaliśmy aspektów nazbyt drażliwych związanych np. z ciągłym istnieniem silnych granic technologicznych i ekonomicznych w naszym regionie oraz partykularyzmem interesów, także społecznych. Budowa demokratycznej europejskiej przestrzeni kosmicznej jest naszym celem, jest marzeniem możliwym do zrealizowania, chętnie w jak najbliższej przyszłości. Przedstawiony obraz europejskiego sektora kosmicznego był może nazbyt optymistyczny, ale jednak nie pozbawiony ciągle wypowiadanych krytycznych refleksji. Być może w tej części kończącej cykl tych refleksji jest nieco więcej. Być może chodzi o to aby świetna idea Space 4.0 nie została zredukowana przez zaniedbania, przez nas samych ale i przez bardzo silne czynniki zewnętrzne, do w zasadzie nieco marginalnej warstwy technicznej dołączenia strefy bliskiego kosmosu wyłącznie do gospodarki klasy Industry 4.0 i bazującym na tym pakiecie nowych i kosmicznie wzmocnionych czy odświeżonych usług. Space 4.0 to nie tylko ekosystem małych i tanich satelitów. Silna kosmiczna konkurencja globalna spycha nas w tym kierunku. Dla nas, także uczestników Space 4.0, to czas pracy i pokory, gdzieniegdzie dumnego uczestnictwa, uczenia się na błędach, zachęcania SME do aktywności, ważnych inicjatyw administracyjnych i budowy społecznego sektora kosmicznego.",
    "keywords": "technologie satelitarne i kosmiczne, małe satelity, mikrosatelity, standardy SmallSat, NASA, ESA, POLSA, OpenSpace, Space 4.0"
}