{
    "id": "WUT6548a64369244958a092582f0a4a8cac",
    "title": "A computer scientist's perspective on approximation of IFS invariant sets and measures with the random iteration algorithm",
    "created": "2024-11-01T20:51:20.535+01:00",
    "modified": "2025-09-09T23:33:01.956+02:00",
    "language": "en",
    "doi": "10.24425/ijet.2024.152514",
    "url": "https://doi.org/10.24425/ijet.2024.152514",
    "authors": [
        {
            "full_name": "Tomasz Martyn",
            "affiliation": null
        }
    ],
    "abstract": "We study invariant sets and measures generated by iterated function systems defined on countable discrete spaces that are uniform grids of a finite dimension. The discrete spaces of this type can be considered as models of spaces in which actual numerical computation takes place. In this context, we investigate the possibility of the application of the random iteration algorithm to approximate these discrete IFS invariant sets and measures. The problems concerning a discretization of hyperbolic IFSs are considered as special cases of this more general setting.",
    "keywords": "IFS, Discrete Space; Markov Chain; Approximation; Invariant Set; Invariant Measure"
}