{
    "id": "WUTdbbc6f4551e64af291d7a6226c618b14",
    "title": "Transforming ageing in the metaverse: embracing virtual communities for enhanced well-being and empowerment",
    "created": "2025-05-09T15:04:16.388+02:00",
    "modified": "2025-09-09T23:23:47.705+02:00",
    "language": "en",
    "doi": "10.1049/pbte112e_ch16",
    "url": "https://doi.org/10.1049/pbte112e_ch16",
    "authors": [
        {
            "full_name": "Agbotiname Lucky Imoize",
            "affiliation": null
        },
        {
            "full_name": "Webert Montlouis",
            "affiliation": null
        },
        {
            "full_name": "Houbing Herbert Song",
            "affiliation": null
        },
        {
            "full_name": "Andreas Andreou",
            "affiliation": "University of Cambridge"
        },
        {
            "full_name": "Constandinos X. Mavromoustakis",
            "affiliation": "Πανεπιστήμιο Λευκωσίας"
        },
        {
            "full_name": "Houbing Song",
            "affiliation": "Department of Electrical, Computer, Software, and Systems Engineering"
        },
        {
            "full_name": "German Peinado Gomez",
            "affiliation": null
        },
        {
            "full_name": "Jordi Mongay Batalla",
            "affiliation": null
        }
    ],
    "abstract": "This chapter explores the role of Metaverse in enhancing the ageing experience, focusing on how advanced technologies like artificial intelligence (AI), virtual reality (VR) and data analytics can benefit older adults. It highlights the function of virtual communities as spaces for social interaction, lifelong learning and personalized health and wellness interventions. These communities help overcome issues of isolation and mobility that ageing individuals often face, fostering a sense of belonging and community. Central to this exploration is 'virtual twins,' which are personalized digital avatars mirroring older adults' physical, cognitive and emotional attributes. These avatars, powered by complex algorithms, enable older adults to confidently engage with the digital world, facilitating informed decision-making and enhancing their autonomy and independence in the Metaverse. The chapter emphasizes the importance of age-friendly design in the Metaverse, ensuring that virtual environments are intuitive and ergonomically tailored to the ageing population. It also examines the role of virtual twins in health management, highlighting how these tailored interventions empower older adults to actively maintain their well-being beyond merely addressing specific health concerns. Ultimately, the chapter positions older adults as authorized participants in the digital age, effectively utilizing the Metaverse's capabilities to improve their quality of life.",
    "keywords": null
}