{
    "id": "WUT084a76f83be14ddaae4504ef97c37cfc",
    "title": "Quality Assurance and Quality Control of the 26 m² SiPM production for the DarkSide-20k dark matter experiment",
    "created": "2025-05-15T12:24:47.251+02:00",
    "modified": "2025-09-09T23:18:18.971+02:00",
    "language": "en",
    "doi": "10.1140/epjc/s10052-025-14196-9",
    "url": "https://doi.org/10.1140/epjc/s10052-025-14196-9",
    "authors": [
        {
            "full_name": "F. Acerbi",
            "affiliation": null
        },
        {
            "full_name": "Andrzej Buchowicz",
            "affiliation": null
        },
        {
            "full_name": "Grzegorz Galiński",
            "affiliation": null
        },
        {
            "full_name": "Grzegorz Krzysztof Nieradka",
            "affiliation": null
        },
        {
            "full_name": "Grzegorz Pastuszak",
            "affiliation": null
        }
    ],
    "abstract": null,
    "keywords": null
}