{
    "id": "WUTd82e39804dd2499ab639183f92d7ee5a",
    "title": "Editorial: On the cusp of the silent wave of the long COVID pandemic: why, what and how should we tackle this emerging syndrome in the clinic and population?",
    "created": "2024-12-02T17:42:30.321+01:00",
    "modified": "2025-09-09T23:22:06.866+02:00",
    "language": "en",
    "doi": "10.3389/fpubh.2024.1483693",
    "url": "https://doi.org/10.3389/fpubh.2024.1483693",
    "authors": [
        {
            "full_name": "Francisco Westermeier",
            "affiliation": null
        },
        {
            "full_name": "Nuno Henriques dos Santos de Sepúlveda",
            "affiliation": null
        }
    ],
    "abstract": null,
    "keywords": "Myalgic Encephalomyelitis/Chronic Fatigue Syndrome; healthcare; long COVID; post-COVID-19 syndrome; post-acute coronavirus (COVID-19) syndrome; post-acute sequelae of SARS-CoV-2; quality of life."
}