{
    "id": "WUTa0d44e21ecc04f3394a24fe4f59cb9d9",
    "title": "Generative Diffusion Models for Fast Simulations of Particle Collisions at CERN",
    "created": "2024-11-06T15:41:23.326+01:00",
    "modified": "2025-09-10T00:06:20.352+02:00",
    "language": "en",
    "doi": null,
    "url": "https://pages.mini.pw.edu.pl/~estatic/pliki/PP-RAI_2024_proceedings.pdf",
    "authors": [
        {
            "full_name": "Jacek Mańdziuk",
            "affiliation": null
        },
        {
            "full_name": "Adam Żychowski",
            "affiliation": null
        },
        {
            "full_name": "Mikołaj Małkiński",
            "affiliation": null
        },
        {
            "full_name": "Mikołaj Kita",
            "affiliation": null
        },
        {
            "full_name": "Jan Dubiński",
            "affiliation": null
        },
        {
            "full_name": "Przemysław Rokita",
            "affiliation": null
        },
        {
            "full_name": "Kamil Deja",
            "affiliation": null
        }
    ],
    "abstract": "In High Energy Physics simulations play a crucial role in unraveling the complexities of particle collision experiments within CERN’s\nLarge Hadron Collider. Machine learning simulation methods have garnered attention as promising alternatives to traditional approaches. While\nexisting methods mainly employ Variational Autoencoders (VAEs) or Generative Adversarial Networks (GANs), recent advancements highlight the efficacy of diffusion models as state-of-the-art generative machine learning\nmethods. We present the first simulation for Zero Degree Calorimeter (ZDC)\nat the ALICE experiment based on diffusion models, achieving the highest\nfidelity compared to existing baselines. We perform an analysis of trade-offs\nbetween generation times and the simulation quality. The results indicate\na significant potential of latent diffusion model due to its rapid generation\ntime.",
    "keywords": "diffusion models, particle simulations, ALICE, CERN"
}