{
    "id": "WUTf81f1d46081f426e84b26632ce4dbf42",
    "title": "Rhythms of the day: How electronic media and daily routines influence mood during COVID‐19 pandemic",
    "created": "2025-02-17T12:12:06.344+01:00",
    "modified": "2025-09-10T00:22:23.611+02:00",
    "language": "en",
    "doi": "10.1111/aphw.12317",
    "url": "https://doi.org/10.1111/aphw.12317",
    "authors": [
        {
            "full_name": "Julian Zubek",
            "affiliation": null
        },
        {
            "full_name": "Karolina Ziembowicz",
            "affiliation": null
        },
        {
            "full_name": "Marek Pokropski",
            "affiliation": null
        },
        {
            "full_name": "Paweł Gwiaździński",
            "affiliation": null
        },
        {
            "full_name": "Michał Denkiewicz",
            "affiliation": null
        },
        {
            "full_name": "Anna Boros",
            "affiliation": null
        }
    ],
    "abstract": null,
    "keywords": null
}