{
    "id": "WUT2c42f771f73e422b984c97637fa0e396",
    "title": "Porównanie aukcji ciągłej i dyskretnej w zastosowaniu sieci LEM",
    "created": "2025-03-18T19:37:49.136+01:00",
    "modified": "2025-09-10T00:05:13.923+02:00",
    "language": "pl",
    "doi": null,
    "url": "https://primo-48tuw.hosted.exlibrisgroup.com/primo-explore/fulldisplay?docid=48TUW_WTU01000390549&context=L&vid=48TUW_VIEW&lang=pl_PL",
    "authors": [
        {
            "full_name": "Andrzej Jakubiak",
            "affiliation": null
        },
        {
            "full_name": "Nina Koziestańska",
            "affiliation": null
        },
        {
            "full_name": "Przemysław Kurek",
            "affiliation": null
        },
        {
            "full_name": "Mariusz Kaleta",
            "affiliation": null
        }
    ],
    "abstract": null,
    "keywords": null
}