{
    "id": "WUTa58e8a5b5ece47f796161ffa381c310f",
    "title": "Choosing the Intensity of Nonpharmaceutical Interventions Based on Mobility in Location of Epidemic Outbreak",
    "created": "2025-03-18T19:25:58.794+01:00",
    "modified": "2025-09-10T00:05:22.211+02:00",
    "language": "en",
    "doi": null,
    "url": "https://primo-48tuw.hosted.exlibrisgroup.com/primo-explore/fulldisplay?docid=48TUW_WTU01000390549&context=L&vid=48TUW_VIEW&lang=pl_PL",
    "authors": [
        {
            "full_name": "Andrzej Jakubiak",
            "affiliation": null
        },
        {
            "full_name": "Magdalena Zych",
            "affiliation": null
        },
        {
            "full_name": "Michał Wiśniewski",
            "affiliation": null
        },
        {
            "full_name": "Małgorzata Górecka",
            "affiliation": null
        },
        {
            "full_name": "Mariusz Kaleta",
            "affiliation": null
        }
    ],
    "abstract": null,
    "keywords": null
}