{
    "id": "WUT6b8d68abdfef4a9c93444662f43257d8",
    "title": "Probing Strangeness Hadronization with Event-by-Event Production of Multistrange Hadrons",
    "created": "2025-04-01T11:16:59.300+02:00",
    "modified": "2025-09-09T23:18:37.872+02:00",
    "language": "en",
    "doi": "10.1103/physrevlett.134.022303",
    "url": "https://doi.org/10.1103/physrevlett.134.022303",
    "authors": [
        {
            "full_name": "S. Acharya",
            "affiliation": null
        },
        {
            "full_name": "Pritam Chakraborty",
            "affiliation": null
        },
        {
            "full_name": "Zuzanna Anna Chochulska",
            "affiliation": null
        },
        {
            "full_name": "Maciej Czarnynoga",
            "affiliation": null
        },
        {
            "full_name": "Jan Dubiński",
            "affiliation": null
        },
        {
            "full_name": "Łukasz Graczykowski",
            "affiliation": null
        },
        {
            "full_name": "Katarzyna Gwiździel",
            "affiliation": null
        },
        {
            "full_name": "Monika Jakubowska",
            "affiliation": null
        },
        {
            "full_name": "Małgorzata Janik",
            "affiliation": null
        },
        {
            "full_name": "Maja Karwowska",
            "affiliation": null
        },
        {
            "full_name": "Adam Kisiel",
            "affiliation": null
        },
        {
            "full_name": "Georgy Kornakov",
            "affiliation": null
        },
        {
            "full_name": "Monika Kutyła",
            "affiliation": null
        },
        {
            "full_name": "Shirajum Monira",
            "affiliation": null
        },
        {
            "full_name": "Julian Myrcha",
            "affiliation": null
        },
        {
            "full_name": "Piotr Nowakowski",
            "affiliation": null
        },
        {
            "full_name": "Janusz Oleniacz",
            "affiliation": null
        },
        {
            "full_name": "Przemysław Rokita",
            "affiliation": null
        },
        {
            "full_name": "Krystian Rosłon",
            "affiliation": null
        },
        {
            "full_name": "Daniela Ruggiano",
            "affiliation": null
        },
        {
            "full_name": "Wioleta Rzęsa",
            "affiliation": null
        },
        {
            "full_name": "Maciej Szymkowski",
            "affiliation": null
        },
        {
            "full_name": "Tomasz Trzciński",
            "affiliation": null
        }
    ],
    "abstract": null,
    "keywords": null
}