{
    "id": "WUT017736ad853f4081a653c5ec57b89a4d",
    "title": "Strategies for Effective Remote Retrospectives: Exploring Retrospective Games, Anonymity, and Continuous Reflection",
    "created": "2025-07-04T12:30:13.757+02:00",
    "modified": "2025-09-09T23:17:55.851+02:00",
    "language": "en",
    "doi": "10.1007/978-3-031-87880-0_2",
    "url": "https://doi.org/10.1007/978-3-031-87880-0_2",
    "authors": [
        {
            "full_name": "Bartosz Marcinkowski",
            "affiliation": "University of Gdansk"
        },
        {
            "full_name": "Adam Przybyłek",
            "affiliation": "Gdańsk University of Technology"
        },
        {
            "full_name": "Aleksander Jarzębowicz",
            "affiliation": "Gdańsk University of Technology"
        },
        {
            "full_name": "Netta Iivari",
            "affiliation": "University of Oulu"
        },
        {
            "full_name": "Emilio Insfran",
            "affiliation": "Technical University of Valencia"
        },
        {
            "full_name": "Michael Lang",
            "affiliation": "National University of Ireland Galway"
        },
        {
            "full_name": "Henry Linger",
            "affiliation": "Monash University"
        },
        {
            "full_name": "Christoph Schneider",
            "affiliation": "IESE Business School"
        },
        {
            "full_name": "Yen Ying Ng",
            "affiliation": null
        },
        {
            "full_name": "Bartosz Leśniewski",
            "affiliation": null
        },
        {
            "full_name": "Krzysztof Marek",
            "affiliation": null
        },
        {
            "full_name": "Michael  Neumann",
            "affiliation": null
        },
        {
            "full_name": "Jacek Trzęsicki",
            "affiliation": null
        }
    ],
    "abstract": null,
    "keywords": null
}