{
    "id": "WUTab2c968a0d9e4b84933cd10fbec9dd03",
    "title": "Fooling Partial Dependence via Data Poisoning",
    "created": "2025-01-30T13:06:08.286+01:00",
    "modified": "2025-09-09T23:25:53.616+02:00",
    "language": "en",
    "doi": "10.1007/978-3-031-26409-2_8",
    "url": "https://doi.org/10.1007/978-3-031-26409-2_8",
    "authors": [
        {
            "full_name": "Hubert Baniecki",
            "affiliation": null
        },
        {
            "full_name": "Wojciech Kretowicz",
            "affiliation": null
        },
        {
            "full_name": "Przemysław Biecek",
            "affiliation": null
        }
    ],
    "abstract": "<p>Many methods have been developed to understand complex predictive models and high expectations are placed on post-hoc model explainability. It turns out that such explanations are not robust nor trustworthy, and they can be fooled. This paper presents techniques for attacking Partial Dependence (plots, profiles, PDP), which are among the most popular methods of explaining any predictive model trained on tabular data. We showcase that PD can be manipulated in an adversarial manner, which is alarming, especially in financial or medical applications where auditability became a must-have trait supporting black-box machine learning. The fooling is performed via poisoning the data to bend and shift explanations in the desired direction using genetic and gradient algorithms. We believe this to be the first work using a genetic algorithm for manipulating explanations, which is transferable as it generalizes both ways: in a model-agnostic and an explanation-agnostic manner.</p>",
    "keywords": null
}