{
    "id": "WUT9a382ec38d7245eb854084806ed6e8eb",
    "title": "Divide and not forget: ensemble of selectively trained experts in continual learning",
    "created": "2025-04-11T09:15:18.058+02:00",
    "modified": "2025-09-09T23:24:36.710+02:00",
    "language": "en",
    "doi": null,
    "url": "https://openreview.net/forum?id=sSyytcewxe",
    "authors": [
        {
            "full_name": "Grzegorz Rypeść",
            "affiliation": null
        },
        {
            "full_name": "Sebastian Cygert",
            "affiliation": null
        },
        {
            "full_name": "Valeriya Khan",
            "affiliation": null
        },
        {
            "full_name": "Tomasz Trzciński",
            "affiliation": null
        },
        {
            "full_name": "Bartosz Zieliński",
            "affiliation": null
        },
        {
            "full_name": "Bartłomiej Twardowski",
            "affiliation": null
        }
    ],
    "abstract": "<p>Class-incremental learning is becoming more popular as it helps models widen their applicability while not forgetting what they already know. A trend in this area is to use a mixture-of-expert technique, where different models work together to solve the task. However, the experts are usually trained all at once using whole task data, which makes them all prone to forgetting and increasing computational burden. To address this limitation, we introduce a novel approach named SEED. SEED selects only one, the most optimal expert for a considered task, and uses data from this task to fine-tune only this expert. For this purpose, each expert represents each class with a Gaussian distribution, and the optimal expert is selected based on the similarity of those distributions. Consequently, SEED increases diversity and heterogeneity within the experts while maintaining the high stability of this ensemble method. The extensive experiments demonstrate that SEED achieves state-of-the-art performance in exemplar-free settings across various scenarios, showing the potential of expert diversification through data in continual learning.</p>",
    "keywords": null
}