{
    "id": "WUT8786ca4b43634761990b5d5ce5e8be4c",
    "title": "Robust Co-Optimization of Medium- and Short-Term Electrical Energy and Flexibility in Electricity Clusters",
    "created": "2025-05-08T16:09:01.571+02:00",
    "modified": "2025-09-09T23:19:40.683+02:00",
    "language": "en",
    "doi": "10.3390/en18030479",
    "url": "https://doi.org/10.3390/en18030479",
    "authors": [
        {
            "full_name": "Mariusz Kaleta",
            "affiliation": null
        }
    ],
    "abstract": null,
    "keywords": null
}