{
    "id": "WUTfc46ef7721cf40bc890d3d6c3805d051",
    "title": "Application of Transfer Learning for Skin Lesion Classification on Balanced Data",
    "created": "2025-07-16T12:34:30.050+02:00",
    "modified": "2025-09-09T23:17:54.484+02:00",
    "language": "en",
    "doi": "10.1109/eurocon64445.2025.11073508",
    "url": "https://doi.org/10.1109/eurocon64445.2025.11073508",
    "authors": [
        {
            "full_name": "Sanaz Movahed",
            "affiliation": null
        },
        {
            "full_name": "Piotr Bilski",
            "affiliation": null
        }
    ],
    "abstract": null,
    "keywords": null
}