{
    "id": "WUT36463119feff46d0af735cc4dfee850e",
    "title": "Two-Step Reinforcement Learning for Multistage Strategy Card Game",
    "created": "2024-11-27T15:42:22.366+01:00",
    "modified": "2025-09-09T23:31:11.259+02:00",
    "language": "pl",
    "doi": "10.24425/bpasts.2024.151376",
    "url": "https://doi.org/10.24425/bpasts.2024.151376",
    "authors": [
        {
            "full_name": "Konrad Godlewski",
            "affiliation": null
        },
        {
            "full_name": "Bartosz Sawicki",
            "affiliation": null
        }
    ],
    "abstract": null,
    "keywords": null
}