{
    "id": "WUTa372347725b84861ab4d4c6019956a19",
    "title": "Software Developers' Resistance Against Documentation Writing: Comparing Agile and Non-Agile Practitioners",
    "created": "2025-03-18T19:54:56.729+01:00",
    "modified": "2025-09-10T00:05:17.175+02:00",
    "language": "en",
    "doi": null,
    "url": null,
    "authors": [
        {
            "full_name": "Andrzej Jakubiak",
            "affiliation": null
        },
        {
            "full_name": "Daria Szulim",
            "affiliation": null
        },
        {
            "full_name": "Kamila Szymczyk",
            "affiliation": null
        },
        {
            "full_name": "Piotr Makaruk",
            "affiliation": null
        },
        {
            "full_name": "Klara Borowa",
            "affiliation": null
        }
    ],
    "abstract": null,
    "keywords": null
}