{
    "id": "WUT2c1a7804aad5411087bfc197bd9c6cdb",
    "title": "Detection of Lunar Regolith Acquired by Excavator Using Radiofrequency (RF) Sensors",
    "created": "2025-04-16T12:27:16.075+02:00",
    "modified": "2025-09-09T23:20:22.106+02:00",
    "language": "en",
    "doi": "10.3390/s25030751",
    "url": "https://doi.org/10.3390/s25030751",
    "authors": [
        {
            "full_name": "Krzysztof Kurek",
            "affiliation": null
        },
        {
            "full_name": "Karol Seweryn",
            "affiliation": null
        },
        {
            "full_name": "Arkadiusz Tkacz",
            "affiliation": null
        },
        {
            "full_name": "Gunter Just",
            "affiliation": null
        }
    ],
    "abstract": null,
    "keywords": null
}