{
    "id": "WUT5b533bc9ab304c4ab9e4a3e9bc7ee5d6",
    "title": "Inżynieria Internetu Rzeczy: innowacyjne podejście do kształcenia inżynierów",
    "created": "2024-11-19T13:12:25.259+01:00",
    "modified": "2025-09-09T23:32:36.212+02:00",
    "language": "pl",
    "doi": null,
    "url": null,
    "authors": [
        {
            "full_name": "Andrzej Kraśniewski",
            "affiliation": null
        }
    ],
    "abstract": "Opracowanie oraz uruchomienie na Wydziale Elektroniki i Technik Informacyjnych Politechniki Warszawskiej  programu studiów na kierunku Inżynieria Internetu Rzeczy, będące przedmiotem artykułu, okazało się pod wieloma względami innowacyjne i unikatowe. Unikatowość ta ma dwa wymiary. Pierwszy z nich dotyczy zakresu \ntematycznego kształcenia – w chwili uruchamiania studiów (2020 r.) w żadnej z polskich uczelni publicznych nie były jeszcze prowadzone studia dotyczące wspomnianej tematyki (wg wiedzy autorów jest to nadal przedsięwzięcie wyjątkowe w skali kraju). Drugi wymiar natomiast stanowi sama innowacyjna struktura programu studiów – wyróżnia ją realizowany w semestrach 1–6 moduł zespołowych zajęć projektowo-warsztatowych o znacznym wymiarze godzinowym.",
    "keywords": null
}