{
    "id": "WUT4c5a34317c804c68b1f12cae8ef66b8e",
    "title": "Global chromatin reorganization and regulation of genes with specific evolutionary ages during differentiation and cancer",
    "created": "2025-04-15T09:09:51.617+02:00",
    "modified": "2025-09-09T23:21:17.066+02:00",
    "language": "en",
    "doi": "10.1093/nar/gkaf084",
    "url": "https://doi.org/10.1093/nar/gkaf084",
    "authors": [
        {
            "full_name": "Flavien Raynal",
            "affiliation": null
        },
        {
            "full_name": "Kaustav Sengupta",
            "affiliation": null
        },
        {
            "full_name": "Dariusz Plewczyński",
            "affiliation": null
        },
        {
            "full_name": "Benoît Aliaga",
            "affiliation": null
        },
        {
            "full_name": "Vera Pancaldi",
            "affiliation": null
        }
    ],
    "abstract": null,
    "keywords": null
}