{
    "id": "WUTff6c1c1331c7403bb5806a5b3501f4fd",
    "title": "Optimization of Multi-Symbol Architecture of the Entropy Coder for H.265/HEVC Video Encoders",
    "created": "2024-11-29T12:15:12.516+01:00",
    "modified": "2025-09-09T23:33:37.917+02:00",
    "language": "en",
    "doi": "10.1109/tcad.2024.3437339",
    "url": "https://doi.org/10.1109/tcad.2024.3437339",
    "authors": [
        {
            "full_name": "Grzegorz Pastuszak",
            "affiliation": null
        }
    ],
    "abstract": null,
    "keywords": null
}