{
    "id": "WUT43f1a589770f473aafe2ce30fa2655e3",
    "title": "IYQ 2025 - Międzynarodowy Rok Kwantowy",
    "created": "2025-07-15T11:43:03.835+02:00",
    "modified": "2025-09-09T23:21:21.337+02:00",
    "language": "pl",
    "doi": "10.15199/13.2025.6.1",
    "url": "https://doi.org/10.15199/13.2025.6.1",
    "authors": [
        {
            "full_name": "Ryszard Romaniuk",
            "affiliation": null
        }
    ],
    "abstract": "Międzynarodowy Rok Kwantowy IYQ2025 jest także uroczyście celebrowany w Polsce. W konferencji otwarcia w Paryżu w siedzibie UNESCO wzięli udział przedstawiciele Ministerstwa Nauki i Szkolnictwa Wyższego, oraz kwantowych grup naukowych. Do oficjalnego programu Roku Kwantowego zgłoszono kilka konferencji naukowych organizowanych w kraju, a w tym między innymi: majowe Sympozja Informacji oraz Horyzontów Kwantowych w Gdańsku, sierpniowe Sympozjum Optyczne Maksa Borna we Wrocławiu, wrześniowy Zjazd Fizyków Polskich w Katowicach, i inne. W kraju realizowanych jest wiele projektów kwantowych dużych i badawczych np. QuantERA, a także mniejszych w ramach Kwantowego Europejskiego Programu Flagowego EQF, również dotyczących budowy sprzętu kwantowego w ramach lokalnych konsorcjów jak MIKOK, sieci kwantowych i innych. Rok IYQ2025 jest bardzo bogaty w wydarzenia kwantowe naukowo- -techniczne, biznesowe i kulturalne, w Europie i na całym świecie. Do tej pory takich wydarzeń zgłoszono z całego świata blisko 200 i kolejne są nadal zgłaszane. IYQ2025 jest trwającą cały rok uroczystą celebracją stulecia kwantów. Oprócz spojrzenia na stulecie kwantowe wstecz, IYQ2025 inspiruje, wskazuje kierunki badań, rozwoju, innowacji, podkreśla wagę nauki i techniki kwantowej na dziesięciolecia wprzód, z jednej strony popularyzuje a z drugiej podnosi kwanty na poziom przemysłowy, ekonomiczny i polityczny. Przypomina nam wszystkim, że nasza cywilizacja, jeśli chcemy przetrwać, musi nieuchronnie podążać w kierunkach kwantowych i kosmicznych.",
    "keywords": "informacyjne technologie kwantowe, komputing kwantowy, procesory kwantowe, telekomunikacja kwantowa, sieci kwantowe, metrologia kwantowa, czujniki kwantowe, algorytmy kwantowe"
}