{
    "id": "WUT4b0d6fb0d28e4230940cccf8346a6d9b",
    "title": "Towards Evaluating Explanations of Vision Transformers for Medical Imaging",
    "created": "2025-01-30T13:21:00.312+01:00",
    "modified": "2025-09-09T23:35:54.773+02:00",
    "language": "en",
    "doi": "10.1109/CVPRW59228.2023.00383",
    "url": "https://doi.org/10.1109/CVPRW59228.2023.00383",
    "authors": [
        {
            "full_name": "Piotr Korczak-Komorowski",
            "affiliation": null
        },
        {
            "full_name": "Hubert Baniecki",
            "affiliation": null
        },
        {
            "full_name": "Przemysław Biecek",
            "affiliation": null
        }
    ],
    "abstract": "<p>As deep learning models increasingly find applications in critical domains such as medical imaging, the need for transparent and trustworthy decision-making becomes paramount. Many explainability methods provide insights into how these models make predictions by attributing importance to input features. As Vision Transformer (ViT) becomes a promising alternative to convolutional neural networks for image classification, its interpretability remains an open research question. This paper investigates the performance of various interpretation methods on a ViT applied to classify chest X-ray images. We introduce the notion of evaluating faithfulness, sensitivity, and complexity of ViT explanations. The obtained results indicate that Layerwise relevance propagation for transformers outperforms Local interpretable model-agnostic explanations and Attention visualization, providing a more accurate and reliable representation of what a ViT has actually learned. Our findings provide insights into the applicability of ViT explanations in medical imaging and highlight the importance of using appropriate evaluation criteria for comparing them.</p>",
    "keywords": null
}