{
    "id": "WUTb73427d6b8534ce2a2eca4d451a0c867",
    "title": "Words Avoiding Tangrams",
    "created": "2024-12-11T00:39:52.646+01:00",
    "modified": "2025-09-09T23:30:37.340+02:00",
    "language": "en",
    "doi": "10.1007/s00026-024-00736-9",
    "url": "https://doi.org/10.1007/s00026-024-00736-9",
    "authors": [
        {
            "full_name": "Michał Dębski",
            "affiliation": null
        },
        {
            "full_name": "Jarosław Grytczuk",
            "affiliation": null
        },
        {
            "full_name": "Bartłomiej Pawlik",
            "affiliation": "Silesian University of Technology"
        },
        {
            "full_name": "Jakub Przybyło",
            "affiliation": null
        },
        {
            "full_name": "Małgorzata Śleszyńska-Nowak",
            "affiliation": null
        }
    ],
    "abstract": "A tangram is a word in which every letter occurs an even number of times. Such word can be cut into parts that can be arranged into two identical words. The minimum number of cuts needed is called the cut number of a tangram. For example, the word is a tangram with cut number one, while the word is a tangram with cut number two. Clearly, tangrams with cut number one coincide with the well-known family of words, known as squares, having the form UU for some nonempty word U. A word W avoids a word T if it is not possible to write W=ATB, for any words A and B (possibly empty). The famous 1906 theorem of Thue asserts that there exist arbitrarily long words avoiding squares over an alphabet with just three letters. Given a fixed number k >= 1, how many letters are needed to avoid tangrams with the cut number at most k? Let t(k) denote the minimum size of an alphabet needed for that purpose. By Thue′s result we have $$t(1)=3$$, which easily implies t(2)=3. Curiously, these are currently the only known exact values of this function. In our main result we prove that t(k)=Theta (log k). The proof uses entropy compression argument and Zimin words. Using a different method we prove that t(k) <= k+1 for all k>= 4, which gives more exact estimates for small values of k. The proof makes use of Dejean words and a curious property of Gauss words, which is perhaps of independent interest.",
    "keywords": "entropy compression, nonrepetitive sequence"
}