{
    "id": "WUTc55ad77463db4158913d0b6415c2ec79",
    "title": "On the right choice of data from popular datasets for Internet traffic classification",
    "created": "2025-01-29T14:30:23.836+01:00",
    "modified": "2025-09-09T23:20:12.666+02:00",
    "language": "en",
    "doi": "10.1016/j.comcom.2025.108068",
    "url": "https://doi.org/10.1016/j.comcom.2025.108068",
    "authors": [
        {
            "full_name": "Jacek Krupski",
            "affiliation": null
        },
        {
            "full_name": "Marcin Iwanowski",
            "affiliation": null
        },
        {
            "full_name": "Waldemar Graniszewski",
            "affiliation": null
        }
    ],
    "abstract": null,
    "keywords": null
}