{
    "id": "WUT8f57e79f272145a48ee8b410ef97413c",
    "title": "Balancing noise and nonlinear distortion by power loading in FBMC OWC",
    "created": "2025-05-23T13:03:53.666+02:00",
    "modified": "2025-09-09T23:19:43.505+02:00",
    "language": "en",
    "doi": "10.1364/ao.562794",
    "url": "https://doi.org/10.1364/ao.562794",
    "authors": [
        {
            "full_name": "Jakub Kasjanowicz",
            "affiliation": null
        },
        {
            "full_name": "Juliusz Bojarczuk",
            "affiliation": null
        },
        {
            "full_name": "Piotr Jakub Araszkiewicz",
            "affiliation": null
        },
        {
            "full_name": "Grzegorz Stępniak",
            "affiliation": null
        }
    ],
    "abstract": null,
    "keywords": null
}