{
    "id": "WUT46043065cd3b487ea33a3ec74b4f0e5e",
    "title": "Efektywność działania algorytmów przydzielania zadań stosowanych w vehicular edge computing, symulowana na rzeczywistej sieci dróg",
    "created": "2025-07-28T14:29:15.377+02:00",
    "modified": "2025-09-10T00:05:12.245+02:00",
    "language": "pl",
    "doi": null,
    "url": "https://primo-48tuw.hosted.exlibrisgroup.com/primo-explore/fulldisplay?docid=48TUW_WTU01000390549&context=L&vid=48TUW_VIEW&lang=pl_PL",
    "authors": [
        {
            "full_name": "Andrzej Jakubiak",
            "affiliation": null
        },
        {
            "full_name": "Bartłomiej Gołębiewski",
            "affiliation": null
        },
        {
            "full_name": "Wałaszewski Piotr",
            "affiliation": null
        },
        {
            "full_name": "Piotr Pałka",
            "affiliation": null
        }
    ],
    "abstract": null,
    "keywords": null
}